address,size,span_end,current_name,proposed_name,module,status,match_percent,calling_convention,signature,is_thunk,source_file,evidence,owner,notes
0x00401000,52,0x00401033,FUN_00401000,,,unclassified,0.00,unknown,undefined FUN_00401000(void),false,,,,
0x00401040,26,0x00401059,FUN_00401040,,,unclassified,0.00,unknown,undefined FUN_00401040(void),false,,,,
0x00401060,81,0x004010B0,FUN_00401060,,,unclassified,0.00,unknown,undefined FUN_00401060(void),false,,,,
0x004010C0,35,0x004010E2,FUN_004010c0,,,unclassified,0.00,unknown,undefined FUN_004010c0(void),false,,,,
0x004010F0,60,0x0040112B,FUN_004010f0,,,unclassified,0.00,unknown,undefined FUN_004010f0(void),false,,,,
0x00401130,77,0x0040117C,FUN_00401130,,,unclassified,0.00,unknown,undefined FUN_00401130(void),false,,,,
0x00401180,196,0x00401243,FUN_00401180,,,unclassified,0.00,unknown,undefined FUN_00401180(void),false,,,,
0x00401250,50,0x00401281,`vector_constructor_iterator',,,unclassified,0.00,__stdcall,"void `vector_constructor_iterator'(void * param_1, uint param_2, int param_3, _func_void_ptr_void_ptr * param_4)",false,,,,
0x00401290,51,0x004012C2,FUN_00401290,,,unclassified,0.00,unknown,undefined FUN_00401290(void),false,,,,
0x004012D0,395,0x0040145A,FUN_004012d0,,,unclassified,0.00,unknown,undefined FUN_004012d0(void),false,,,,
0x00401460,142,0x004014ED,FUN_00401460,,,unclassified,0.00,unknown,undefined FUN_00401460(void),false,,,,
0x004014F0,351,0x0040164E,FUN_004014f0,,,unclassified,0.00,unknown,undefined FUN_004014f0(void),false,,,,
0x00401650,22,0x00401665,FUN_00401650,,,unclassified,0.00,unknown,undefined FUN_00401650(void),false,,,,
0x00401680,33,0x004016A3,FUN_00401680,,,unclassified,0.00,unknown,undefined FUN_00401680(void),false,,,,
0x004016B0,107,0x0040171A,FUN_004016b0,,,unclassified,0.00,unknown,undefined FUN_004016b0(void),false,,,,
0x00401720,47,0x00401751,FUN_00401720,,,unclassified,0.00,unknown,undefined FUN_00401720(void),false,,,,
0x00401760,14,0x0040176D,FUN_00401760,,,unclassified,0.00,unknown,undefined FUN_00401760(void),false,,,,
0x00401770,65,0x004017B6,FUN_00401770,,,unclassified,0.00,unknown,undefined FUN_00401770(void),false,,,,
0x004017E0,113,0x00401850,FUN_004017e0,,,unclassified,0.00,unknown,undefined FUN_004017e0(void),false,,,,
0x00401860,14,0x0040186E,FUN_00401860,,,unclassified,0.00,unknown,undefined FUN_00401860(void),false,,,,
0x00401870,19,0x00401882,FUN_00401870,,,unclassified,0.00,unknown,undefined FUN_00401870(void),false,,,,
0x00401890,13,0x0040189C,FUN_00401890,,,unclassified,0.00,unknown,undefined FUN_00401890(void),false,,,,
0x004018A0,143,0x0040192E,FUN_004018a0,,,unclassified,0.00,unknown,undefined FUN_004018a0(void),false,,,,
0x00401930,128,0x004019AF,FUN_00401930,,,unclassified,0.00,unknown,undefined FUN_00401930(void),false,,,,
0x004019B0,234,0x00401A99,FUN_004019b0,,,unclassified,0.00,unknown,undefined FUN_004019b0(void),false,,,,
0x00401AA0,97,0x00401B00,FUN_00401aa0,,,unclassified,0.00,unknown,undefined FUN_00401aa0(void),false,,,,
0x00401B10,224,0x00401BEF,FUN_00401b10,,,unclassified,0.00,unknown,undefined FUN_00401b10(void),false,,,,
0x00401BF0,76,0x00401C3B,FUN_00401bf0,,,unclassified,0.00,unknown,undefined FUN_00401bf0(void),false,,,,
0x00401C40,192,0x00401CFF,FUN_00401c40,,,unclassified,0.00,unknown,undefined FUN_00401c40(void),false,,,,
0x00401D00,109,0x00401D6C,FUN_00401d00,,,unclassified,0.00,unknown,undefined FUN_00401d00(void),false,,,,
0x00401D70,106,0x00401DD9,FUN_00401d70,,,unclassified,0.00,unknown,undefined FUN_00401d70(void),false,,,,
0x00401DE0,59,0x00401E1A,FUN_00401de0,,,unclassified,0.00,unknown,undefined FUN_00401de0(void),false,,,,
0x00401E20,193,0x00401EE0,FUN_00401e20,,,unclassified,0.00,unknown,undefined FUN_00401e20(void),false,,,,
0x00401EF0,92,0x00401F51,FUN_00401ef0,,,unclassified,0.00,unknown,undefined FUN_00401ef0(void),false,,,,
0x00401F60,145,0x00401FF0,FUN_00401f60,,,unclassified,0.00,unknown,undefined FUN_00401f60(void),false,,,,
0x00402000,92,0x00402061,FUN_00402000,,,unclassified,0.00,unknown,undefined FUN_00402000(void),false,,,,
0x00402070,27,0x0040208D,FUN_00402070,,,unclassified,0.00,unknown,undefined FUN_00402070(void),false,,,,
0x00402090,27,0x004020AD,FUN_00402090,,,unclassified,0.00,unknown,undefined FUN_00402090(void),false,,,,
0x004020B0,218,0x00402189,FUN_004020b0,,,unclassified,0.00,unknown,undefined FUN_004020b0(void),false,,,,
0x00402190,14,0x0040219D,FUN_00402190,,,unclassified,0.00,unknown,undefined FUN_00402190(void),false,,,,
0x004021A0,5,0x004021A4,thunk_FUN_00402400,,,unclassified,0.00,unknown,undefined thunk_FUN_00402400(void),true,,,,
0x004021B0,5,0x004021B4,thunk_FUN_00402450,,,unclassified,0.00,unknown,undefined thunk_FUN_00402450(void),true,,,,
0x004021C0,193,0x00402280,FUN_004021c0,,,unclassified,0.00,unknown,undefined FUN_004021c0(void),false,,,,
0x00402290,131,0x00402312,FUN_00402290,,,unclassified,0.00,unknown,undefined FUN_00402290(void),false,,,,
0x00402320,184,0x004023DB,FUN_00402320,,,unclassified,0.00,unknown,undefined FUN_00402320(void),false,,,,
0x004023E0,26,0x004023F9,FUN_004023e0,,,unclassified,0.00,unknown,undefined FUN_004023e0(void),false,,,,
0x00402400,49,0x0040243B,FUN_00402400,,,unclassified,0.00,unknown,undefined FUN_00402400(void),false,,,,
0x00402450,96,0x004024B5,FUN_00402450,,,unclassified,0.00,unknown,undefined FUN_00402450(void),false,,,,
0x004024C0,122,0x00402539,FUN_004024c0,,,unclassified,0.00,unknown,undefined FUN_004024c0(void),false,,,,
0x0040253A,34,0x0040255B,Catch_All@0040253a,,,unclassified,0.00,unknown,undefined Catch_All@0040253a(void),false,,,,
0x00402562,102,0x004025CA,FUN_00402562,,,unclassified,0.00,unknown,undefined FUN_00402562(void),false,,,,
0x004025CB,45,0x004025FA,Catch_All@004025cb,,,unclassified,0.00,unknown,undefined Catch_All@004025cb(void),false,,,,
0x00402620,85,0x00402674,FUN_00402620,,,unclassified,0.00,unknown,undefined FUN_00402620(void),false,,,,
0x00402680,364,0x004027EB,FUN_00402680,,,unclassified,0.00,unknown,undefined FUN_00402680(void),false,,,,
0x004027F0,167,0x00402896,FUN_004027f0,,,unclassified,0.00,unknown,undefined FUN_004027f0(void),false,,,,
0x004028A0,33,0x004028C0,FUN_004028a0,,,unclassified,0.00,unknown,undefined FUN_004028a0(void),false,,,,
0x004028D0,83,0x00402922,FUN_004028d0,,,unclassified,0.00,unknown,undefined FUN_004028d0(void),false,,,,
0x00402950,110,0x004029BD,FUN_00402950,,,unclassified,0.00,unknown,undefined FUN_00402950(void),false,,,,
0x004029C0,95,0x00402A1E,FUN_004029c0,,,unclassified,0.00,unknown,undefined FUN_004029c0(void),false,,,,
0x00402A20,46,0x00402A4D,FUN_00402a20,,,unclassified,0.00,unknown,undefined FUN_00402a20(void),false,,,,
0x00402A50,87,0x00402AAD,FUN_00402a50,,,unclassified,0.00,unknown,undefined FUN_00402a50(void),false,,,,
0x00402AB0,347,0x00402C0D,FUN_00402ab0,,,unclassified,0.00,unknown,undefined FUN_00402ab0(void),false,,,,
0x00402C10,51,0x00402C42,FUN_00402c10,,,unclassified,0.00,unknown,undefined FUN_00402c10(void),false,,,,
0x00402C50,165,0x00402CF4,FUN_00402c50,,,unclassified,0.00,unknown,undefined FUN_00402c50(void),false,,,,
0x00402D00,117,0x00402D74,FUN_00402d00,,,unclassified,0.00,unknown,undefined FUN_00402d00(void),false,,,,
0x00402D80,30,0x00402D9D,FUN_00402d80,,,unclassified,0.00,unknown,undefined FUN_00402d80(void),false,,,,
0x00402DA0,89,0x00402DF8,FUN_00402da0,,,unclassified,0.00,unknown,undefined FUN_00402da0(void),false,,,,
0x00402E00,217,0x00402EDB,FUN_00402e00,,,unclassified,0.00,unknown,undefined FUN_00402e00(void),false,,,,
0x00402EE0,156,0x00402F7E,FUN_00402ee0,,,unclassified,0.00,unknown,undefined FUN_00402ee0(void),false,,,,
0x00402F80,358,0x004030E5,FUN_00402f80,,,unclassified,0.00,unknown,undefined FUN_00402f80(void),false,,,,
0x004030F0,153,0x00403188,FUN_004030f0,,,unclassified,0.00,unknown,undefined FUN_004030f0(void),false,,,,
0x00403190,943,0x0040353E,FUN_00403190,,,unclassified,0.00,unknown,undefined FUN_00403190(void),false,,,,
0x00403540,806,0x00403865,FUN_00403540,,,unclassified,0.00,unknown,undefined FUN_00403540(void),false,,,,
0x00403870,199,0x00403936,FUN_00403870,,,unclassified,0.00,unknown,undefined FUN_00403870(void),false,,,,
0x00403940,148,0x004039D3,FUN_00403940,,,unclassified,0.00,unknown,undefined FUN_00403940(void),false,,,,
0x004039E0,133,0x00403A64,FUN_004039e0,,,unclassified,0.00,unknown,undefined FUN_004039e0(void),false,,,,
0x00403A70,417,0x00403C30,FUN_00403a70,,,unclassified,0.00,unknown,undefined FUN_00403a70(void),false,,,,
0x00403C40,28,0x00403C5B,FUN_00403c40,,,unclassified,0.00,unknown,undefined FUN_00403c40(void),false,,,,
0x00403C60,351,0x00403DBE,FUN_00403c60,,,unclassified,0.00,unknown,undefined FUN_00403c60(void),false,,,,
0x00403DC0,143,0x00403E4E,FUN_00403dc0,,,unclassified,0.00,unknown,undefined FUN_00403dc0(void),false,,,,
0x00403E50,98,0x00403EB1,FUN_00403e50,,,unclassified,0.00,unknown,undefined FUN_00403e50(void),false,,,,
0x00403EC0,70,0x00403F05,FUN_00403ec0,,,unclassified,0.00,unknown,undefined FUN_00403ec0(void),false,,,,
0x00403F10,69,0x00403F54,FUN_00403f10,,,unclassified,0.00,unknown,undefined FUN_00403f10(void),false,,,,
0x00403F60,73,0x00403FA8,FUN_00403f60,,,unclassified,0.00,unknown,undefined FUN_00403f60(void),false,,,,
0x00403FB0,284,0x004040CB,FUN_00403fb0,,,unclassified,0.00,unknown,undefined FUN_00403fb0(void),false,,,,
0x00404110,316,0x00404255,FUN_00404110,,,unclassified,0.00,unknown,undefined FUN_00404110(void),false,,,,
0x00404260,442,0x0040442C,FUN_00404260,,,unclassified,0.00,unknown,undefined FUN_00404260(void),false,,,,
0x00404450,133,0x004044D4,FUN_00404450,,,unclassified,0.00,unknown,undefined FUN_00404450(void),false,,,,
0x004044E0,190,0x004045AA,FUN_004044e0,,,unclassified,0.00,unknown,undefined FUN_004044e0(void),false,,,,
0x00404600,5,0x00404604,thunk_FUN_00408900,,,unclassified,0.00,unknown,undefined thunk_FUN_00408900(void),true,,,,
0x00404610,27,0x0040462D,FUN_00404610,,,unclassified,0.00,unknown,undefined FUN_00404610(void),false,,,,
0x00404630,401,0x004047C0,FUN_00404630,,,unclassified,0.00,unknown,undefined FUN_00404630(void),false,,,,
0x004047D0,184,0x00404887,FUN_004047d0,,,unclassified,0.00,unknown,undefined FUN_004047d0(void),false,,,,
0x00404890,196,0x00404953,FUN_00404890,,,unclassified,0.00,unknown,undefined FUN_00404890(void),false,,,,
0x00404960,32,0x0040497F,FUN_00404960,,,unclassified,0.00,unknown,undefined FUN_00404960(void),false,,,,
0x00404980,137,0x00404A08,FUN_00404980,,,unclassified,0.00,unknown,undefined FUN_00404980(void),false,,,,
0x00404A10,256,0x00404B0F,FUN_00404a10,,,unclassified,0.00,unknown,undefined FUN_00404a10(void),false,,,,
0x00404B70,121,0x00404BE8,FUN_00404b70,,,unclassified,0.00,unknown,undefined FUN_00404b70(void),false,,,,
0x00404BF0,65,0x00404C30,FUN_00404bf0,,,unclassified,0.00,unknown,undefined FUN_00404bf0(void),false,,,,
0x00404C40,35,0x00404C62,FUN_00404c40,,,unclassified,0.00,unknown,undefined FUN_00404c40(void),false,,,,
0x00404C70,66,0x00404CB1,FUN_00404c70,,,unclassified,0.00,unknown,undefined FUN_00404c70(void),false,,,,
0x00404CC0,482,0x00404EA1,FUN_00404cc0,,,unclassified,0.00,unknown,undefined FUN_00404cc0(void),false,,,,
0x00404EC0,99,0x00404F22,FUN_00404ec0,,,unclassified,0.00,unknown,undefined FUN_00404ec0(void),false,,,,
0x00404F30,101,0x00404F94,FUN_00404f30,,,unclassified,0.00,unknown,undefined FUN_00404f30(void),false,,,,
0x00404FA0,115,0x00405012,FUN_00404fa0,,,unclassified,0.00,unknown,undefined FUN_00404fa0(void),false,,,,
0x00405020,107,0x0040508A,FUN_00405020,,,unclassified,0.00,unknown,undefined FUN_00405020(void),false,,,,
0x00405090,148,0x00405123,FUN_00405090,,,unclassified,0.00,unknown,undefined FUN_00405090(void),false,,,,
0x00405130,193,0x004051F0,FUN_00405130,,,unclassified,0.00,unknown,undefined FUN_00405130(void),false,,,,
0x00405200,92,0x00405261,FUN_00405200,,,unclassified,0.00,unknown,undefined FUN_00405200(void),false,,,,
0x00405270,27,0x0040528D,FUN_00405270,,,unclassified,0.00,unknown,undefined FUN_00405270(void),false,,,,
0x00405290,85,0x004052E4,FUN_00405290,,,unclassified,0.00,unknown,undefined FUN_00405290(void),false,,,,
0x004052F0,123,0x0040536A,FUN_004052f0,,,unclassified,0.00,unknown,undefined FUN_004052f0(void),false,,,,
0x00405370,91,0x004053CA,FUN_00405370,,,unclassified,0.00,unknown,undefined FUN_00405370(void),false,,,,
0x004053D0,100,0x00405433,FUN_004053d0,,,unclassified,0.00,unknown,undefined FUN_004053d0(void),false,,,,
0x00405440,133,0x004054C4,FUN_00405440,,,unclassified,0.00,unknown,undefined FUN_00405440(void),false,,,,
0x004054D0,490,0x004056C5,FUN_004054d0,,,unclassified,0.00,unknown,undefined FUN_004054d0(void),false,,,,
0x004056D0,40,0x004056F7,FUN_004056d0,,,unclassified,0.00,unknown,undefined FUN_004056d0(void),false,,,,
0x00405700,142,0x0040578D,FUN_00405700,,,unclassified,0.00,unknown,undefined FUN_00405700(void),false,,,,
0x00405790,13,0x0040579D,FUN_00405790,,,unclassified,0.00,unknown,undefined FUN_00405790(void),false,,,,
0x004057A0,65,0x004057E0,FUN_004057a0,,,unclassified,0.00,unknown,undefined FUN_004057a0(void),false,,,,
0x004057F0,5,0x004057F4,thunk_FUN_00405e70,,,unclassified,0.00,unknown,undefined thunk_FUN_00405e70(void),true,,,,
0x00405800,95,0x0040585E,FUN_00405800,,,unclassified,0.00,unknown,undefined FUN_00405800(void),false,,,,
0x00405860,170,0x00405909,FUN_00405860,,,unclassified,0.00,unknown,undefined FUN_00405860(void),false,,,,
0x00405910,147,0x004059A2,FUN_00405910,,,unclassified,0.00,unknown,undefined FUN_00405910(void),false,,,,
0x004059B0,276,0x00405AC9,FUN_004059b0,,,unclassified,0.00,unknown,undefined FUN_004059b0(void),false,,,,
0x00405AD0,307,0x00405C5E,FUN_00405ad0,,,unclassified,0.00,unknown,undefined FUN_00405ad0(void),false,,,,
0x00405C60,104,0x00405CC7,FUN_00405c60,,,unclassified,0.00,unknown,undefined FUN_00405c60(void),false,,,,
0x00405CD0,126,0x00405D4D,FUN_00405cd0,,,unclassified,0.00,unknown,undefined FUN_00405cd0(void),false,,,,
0x00405D50,73,0x00405D98,FUN_00405d50,,,unclassified,0.00,unknown,undefined FUN_00405d50(void),false,,,,
0x00405DA0,110,0x00405E0D,FUN_00405da0,,,unclassified,0.00,unknown,undefined FUN_00405da0(void),false,,,,
0x00405E10,73,0x00405E65,FUN_00405e10,,,unclassified,0.00,unknown,undefined FUN_00405e10(void),false,,,,
0x00405E70,40,0x00405E97,FUN_00405e70,,,unclassified,0.00,unknown,undefined FUN_00405e70(void),false,,,,
0x00405EB0,50,0x00405EE1,FUN_00405eb0,,,unclassified,0.00,unknown,undefined FUN_00405eb0(void),false,,,,
0x00405EF0,194,0x00405FB6,FUN_00405ef0,,,unclassified,0.00,unknown,undefined FUN_00405ef0(void),false,,,,
0x00405FC0,138,0x00406049,FUN_00405fc0,,,unclassified,0.00,unknown,undefined FUN_00405fc0(void),false,,,,
0x00406050,694,0x00406308,FUN_00406050,,,unclassified,0.00,unknown,undefined FUN_00406050(void),false,,,,
0x00406350,55,0x00406386,FUN_00406350,,,unclassified,0.00,unknown,undefined FUN_00406350(void),false,,,,
0x00406390,97,0x004063F0,FUN_00406390,,,unclassified,0.00,unknown,undefined FUN_00406390(void),false,,,,
0x00406400,78,0x0040644D,FUN_00406400,,,unclassified,0.00,unknown,undefined FUN_00406400(void),false,,,,
0x00406450,28,0x0040646B,FUN_00406450,,,unclassified,0.00,unknown,undefined FUN_00406450(void),false,,,,
0x00406470,82,0x004064C1,FUN_00406470,,,unclassified,0.00,unknown,undefined FUN_00406470(void),false,,,,
0x004064D0,35,0x004064F5,FUN_004064d0,,,unclassified,0.00,unknown,undefined FUN_004064d0(void),false,,,,
0x00406500,46,0x0040652D,FUN_00406500,,,unclassified,0.00,unknown,undefined FUN_00406500(void),false,,,,
0x00406530,100,0x00406593,FUN_00406530,,,unclassified,0.00,unknown,undefined FUN_00406530(void),false,,,,
0x004065A0,94,0x004065FD,FUN_004065a0,,,unclassified,0.00,unknown,undefined FUN_004065a0(void),false,,,,
0x00406600,69,0x00406644,FUN_00406600,,,unclassified,0.00,unknown,undefined FUN_00406600(void),false,,,,
0x00406650,34,0x00406671,FUN_00406650,,,unclassified,0.00,unknown,undefined FUN_00406650(void),false,,,,
0x00406680,30,0x0040669D,FUN_00406680,,,unclassified,0.00,unknown,undefined FUN_00406680(void),false,,,,
0x004066A0,107,0x0040670A,FUN_004066a0,,,unclassified,0.00,unknown,undefined FUN_004066a0(void),false,,,,
0x00406710,63,0x0040674E,FUN_00406710,,,unclassified,0.00,unknown,undefined FUN_00406710(void),false,,,,
0x00406750,27,0x0040676A,FUN_00406750,,,unclassified,0.00,unknown,undefined FUN_00406750(void),false,,,,
0x00406770,8,0x00406777,FUN_00406770,,,unclassified,0.00,unknown,undefined FUN_00406770(void),false,,,,
0x00406780,177,0x00406830,FUN_00406780,,,unclassified,0.00,unknown,undefined FUN_00406780(void),false,,,,
0x00406840,61,0x0040687C,FUN_00406840,,,unclassified,0.00,unknown,undefined FUN_00406840(void),false,,,,
0x00406880,271,0x00406996,FUN_00406880,,,unclassified,0.00,unknown,undefined FUN_00406880(void),false,,,,
0x004069A0,27,0x004069BA,FUN_004069a0,,,unclassified,0.00,unknown,undefined FUN_004069a0(void),false,,,,
0x004069C0,153,0x00406A58,FUN_004069c0,,,unclassified,0.00,unknown,undefined FUN_004069c0(void),false,,,,
0x00406A60,151,0x00406AF6,FUN_00406a60,,,unclassified,0.00,unknown,undefined FUN_00406a60(void),false,,,,
0x00406B00,293,0x00406C24,FUN_00406b00,,,unclassified,0.00,unknown,undefined FUN_00406b00(void),false,,,,
0x00406C30,39,0x00406C56,FUN_00406c30,,,unclassified,0.00,unknown,undefined FUN_00406c30(void),false,,,,
0x00406C60,334,0x00406DAD,FUN_00406c60,,,unclassified,0.00,unknown,undefined FUN_00406c60(void),false,,,,
0x00406DB0,610,0x00407011,FUN_00406db0,,,unclassified,0.00,unknown,undefined FUN_00406db0(void),false,,,,
0x00407020,153,0x004070B8,FUN_00407020,,,unclassified,0.00,unknown,undefined FUN_00407020(void),false,,,,
0x004070C0,37,0x004070E4,FUN_004070c0,,,unclassified,0.00,unknown,undefined FUN_004070c0(void),false,,,,
0x004070F0,349,0x0040724C,FUN_004070f0,,,unclassified,0.00,unknown,undefined FUN_004070f0(void),false,,,,
0x00407250,95,0x004072AE,FUN_00407250,,,unclassified,0.00,unknown,undefined FUN_00407250(void),false,,,,
0x004072B0,24,0x004072C7,FUN_004072b0,,,unclassified,0.00,unknown,undefined FUN_004072b0(void),false,,,,
0x004072D0,24,0x004072E7,FUN_004072d0,,,unclassified,0.00,unknown,undefined FUN_004072d0(void),false,,,,
0x004072F0,189,0x004073AC,FUN_004072f0,,,unclassified,0.00,unknown,undefined FUN_004072f0(void),false,,,,
0x004073B0,61,0x004073EC,FUN_004073b0,,,unclassified,0.00,unknown,undefined FUN_004073b0(void),false,,,,
0x004073F0,91,0x0040744A,FUN_004073f0,,,unclassified,0.00,unknown,undefined FUN_004073f0(void),false,,,,
0x00407450,61,0x0040748C,FUN_00407450,,,unclassified,0.00,unknown,undefined FUN_00407450(void),false,,,,
0x00407490,91,0x004074EA,FUN_00407490,,,unclassified,0.00,unknown,undefined FUN_00407490(void),false,,,,
0x004074F0,61,0x0040752C,FUN_004074f0,,,unclassified,0.00,unknown,undefined FUN_004074f0(void),false,,,,
0x00407530,91,0x0040758A,FUN_00407530,,,unclassified,0.00,unknown,undefined FUN_00407530(void),false,,,,
0x00407590,1095,0x004079D6,FUN_00407590,,,unclassified,0.00,unknown,undefined FUN_00407590(void),false,,,,
0x004079E0,219,0x00407ABA,FUN_004079e0,,,unclassified,0.00,unknown,undefined FUN_004079e0(void),false,,,,
0x00407AC0,54,0x00407AF5,FUN_00407ac0,,,unclassified,0.00,unknown,undefined FUN_00407ac0(void),false,,,,
0x00407B00,21,0x00407B14,FUN_00407b00,,,unclassified,0.00,unknown,undefined FUN_00407b00(void),false,,,,
0x00407B20,35,0x00407B42,FUN_00407b20,,,unclassified,0.00,unknown,undefined FUN_00407b20(void),false,,,,
0x00407B50,25,0x00407B68,FUN_00407b50,,,unclassified,0.00,unknown,undefined FUN_00407b50(void),false,,,,
0x00407B70,42,0x00407B9C,FUN_00407b70,,,unclassified,0.00,unknown,undefined FUN_00407b70(void),false,,,,
0x00407BA0,255,0x00407C9E,FUN_00407ba0,,,unclassified,0.00,unknown,undefined FUN_00407ba0(void),false,,,,
0x00407CA0,471,0x00407E76,FUN_00407ca0,,,unclassified,0.00,unknown,undefined FUN_00407ca0(void),false,,,,
0x00407E80,233,0x00407F74,FUN_00407e80,,,unclassified,0.00,unknown,undefined FUN_00407e80(void),false,,,,
0x00407F80,148,0x00408013,FUN_00407f80,commit_pending_engine_scene,engine,identified,0.00,unknown,undefined FUN_00407f80(void),false,,docs/EVIDENCE.md scene transition instructions and runtime,,
0x00408020,177,0x004080D0,FUN_00408020,,,unclassified,0.00,unknown,undefined FUN_00408020(void),false,,,,
0x004080E0,753,0x004083E0,FUN_004080e0,engine_main_loop_poll_input_and_update_scene,engine,identified,0.00,unknown,undefined FUN_004080e0(void),false,,docs/EVIDENCE.md main loop trace,,
0x00408393,16,0x004083A2,Catch@00408393,,,unclassified,0.00,unknown,undefined Catch@00408393(void),false,,,,
0x004083F0,383,0x00408580,FUN_004083f0,,,unclassified,0.00,unknown,undefined FUN_004083f0(void),false,,,,
0x00408549,13,0x00408555,Catch@00408549,,,unclassified,0.00,unknown,undefined Catch@00408549(void),false,,,,
0x00408590,240,0x0040867F,FUN_00408590,,,unclassified,0.00,unknown,undefined FUN_00408590(void),false,,,,
0x00408680,126,0x004086FD,FUN_00408680,,,unclassified,0.00,unknown,undefined FUN_00408680(void),false,,,,
0x00408770,267,0x00408888,FUN_00408770,,,unclassified,0.00,unknown,undefined FUN_00408770(void),false,,,,
0x00408890,36,0x004088B6,FUN_00408890,,,unclassified,0.00,unknown,undefined FUN_00408890(void),false,,,,
0x004088C0,53,0x004088F4,FUN_004088c0,,,unclassified,0.00,unknown,undefined FUN_004088c0(void),false,,,,
0x00408900,49,0x0040893B,FUN_00408900,,,unclassified,0.00,unknown,undefined FUN_00408900(void),false,,,,
0x00408950,237,0x00408A3C,FUN_00408950,,,unclassified,0.00,unknown,undefined FUN_00408950(void),false,,,,
0x00408A40,251,0x00408B3A,FUN_00408a40,,,unclassified,0.00,unknown,undefined FUN_00408a40(void),false,,,,
0x00408B40,183,0x00408BF9,FUN_00408b40,,,unclassified,0.00,unknown,undefined FUN_00408b40(void),false,,,,
0x00408C00,162,0x00408CA4,FUN_00408c00,,,unclassified,0.00,unknown,undefined FUN_00408c00(void),false,,,,
0x00408CB0,140,0x00408D3B,FUN_00408cb0,,,unclassified,0.00,unknown,undefined FUN_00408cb0(void),false,,,,
0x00408D40,140,0x00408DCB,FUN_00408d40,,,unclassified,0.00,unknown,undefined FUN_00408d40(void),false,,,,
0x00408DD0,145,0x00408E60,FUN_00408dd0,,,unclassified,0.00,unknown,undefined FUN_00408dd0(void),false,,,,
0x00408E70,151,0x00408F06,FUN_00408e70,,,unclassified,0.00,unknown,undefined FUN_00408e70(void),false,,,,
0x00408F10,163,0x00408FB2,FUN_00408f10,,,unclassified,0.00,unknown,undefined FUN_00408f10(void),false,,,,
0x00408FC0,819,0x004092F2,FUN_00408fc0,,,unclassified,0.00,unknown,undefined FUN_00408fc0(void),false,,,,
0x00409300,262,0x00409405,FUN_00409300,,,unclassified,0.00,unknown,undefined FUN_00409300(void),false,,,,
0x00409410,37,0x00409434,FUN_00409410,,,unclassified,0.00,unknown,undefined FUN_00409410(void),false,,,,
0x00409440,266,0x00409549,FUN_00409440,,,unclassified,0.00,unknown,undefined FUN_00409440(void),false,,,,
0x00409550,756,0x00409843,FUN_00409550,,,unclassified,0.00,unknown,undefined FUN_00409550(void),false,,,,
0x00409850,60,0x0040988B,FUN_00409850,,,unclassified,0.00,unknown,undefined FUN_00409850(void),false,,,,
0x00409890,28,0x004098AE,FUN_00409890,,,unclassified,0.00,unknown,undefined FUN_00409890(void),false,,,,
0x004098B0,7,0x004098B6,FUN_004098b0,,,unclassified,0.00,unknown,undefined FUN_004098b0(void),false,,,,
0x004098C0,52,0x004098F3,FUN_004098c0,,,unclassified,0.00,unknown,undefined FUN_004098c0(void),false,,,,
0x00409900,404,0x00409A96,FUN_00409900,update_player_input_counters_from_raw,input,identified,0.00,unknown,undefined FUN_00409900(void),false,,docs/EVIDENCE.md input data flow and runtime counters,,
0x00409AA0,33,0x00409AC0,FUN_00409aa0,,,unclassified,0.00,unknown,undefined FUN_00409aa0(void),false,,,,
0x00409AD0,378,0x00409C49,FUN_00409ad0,build_player_logical_input_mask,input,identified,0.00,unknown,undefined FUN_00409ad0(void),false,,docs/EVIDENCE.md input data flow and runtime mask,,
0x00409C50,1003,0x0040A03A,FUN_00409c50,merge_menu_input_sources,input,identified,0.00,unknown,undefined FUN_00409c50(void),false,,docs/EVIDENCE.md menu input trace,,
0x0040A040,4,0x0040A043,FUN_0040a040,,,unclassified,0.00,unknown,undefined FUN_0040a040(void),false,,,,
0x0040A050,23,0x0040A066,FUN_0040a050,,,unclassified,0.00,unknown,undefined FUN_0040a050(void),false,,,,
0x0040A070,54,0x0040A0A5,FUN_0040a070,,,unclassified,0.00,unknown,undefined FUN_0040a070(void),false,,,,
0x0040A0B0,263,0x0040A1B9,FUN_0040a0b0,,,unclassified,0.00,unknown,undefined FUN_0040a0b0(void),false,,,,
0x0040A1C0,69,0x0040A204,FUN_0040a1c0,,,unclassified,0.00,unknown,undefined FUN_0040a1c0(void),false,,,,
0x0040A210,16,0x0040A21F,set_input_state_table_entry,set_input_state_table_entry,input,matching,100.00,__thiscall,"void set_input_state_table_entry(void * this, uchar index, bool state)",false,src/input/InputManager.cpp,scripts/compile-unit.sh src/input/InputManager.cpp build/probes/InputManager.obj && python3 scripts/compare-function.py 0x0040A210 build/probes/InputManager.obj,,Exact 256-entry dword-table setter
0x0040A220,202,0x0040A2E9,FUN_0040a220,,,unclassified,0.00,unknown,undefined FUN_0040a220(void),false,,,,
0x0040A2F0,87,0x0040A346,FUN_0040a2f0,,,unclassified,0.00,unknown,undefined FUN_0040a2f0(void),false,,,,
0x0040A350,126,0x0040A3CD,FUN_0040a350,,,unclassified,0.00,unknown,undefined FUN_0040a350(void),false,,,,
0x0040A3D0,37,0x0040A3F4,FUN_0040a3d0,,,unclassified,0.00,unknown,undefined FUN_0040a3d0(void),false,,,,
0x0040A400,117,0x0040A474,FUN_0040a400,,,unclassified,0.00,unknown,undefined FUN_0040a400(void),false,,,,
0x0040A480,459,0x0040A64D,FUN_0040a480,,,unclassified,0.00,unknown,undefined FUN_0040a480(void),false,,,,
0x0040A650,78,0x0040A69D,FUN_0040a650,,,unclassified,0.00,unknown,undefined FUN_0040a650(void),false,,,,
0x0040A6A0,23,0x0040A6B6,FUN_0040a6a0,,,unclassified,0.00,unknown,undefined FUN_0040a6a0(void),false,,,,
0x0040A6C0,38,0x0040A6E8,FUN_0040a6c0,,,unclassified,0.00,unknown,undefined FUN_0040a6c0(void),false,,,,
0x0040A6F0,17,0x0040A700,FUN_0040a6f0,,,unclassified,0.00,unknown,undefined FUN_0040a6f0(void),false,,,,
0x0040A710,11,0x0040A71A,FUN_0040a710,,,unclassified,0.00,unknown,undefined FUN_0040a710(void),false,,,,
0x0040A720,11,0x0040A72A,FUN_0040a720,,,unclassified,0.00,unknown,undefined FUN_0040a720(void),false,,,,
0x0040A730,7,0x0040A736,FUN_0040a730,,,unclassified,0.00,unknown,undefined FUN_0040a730(void),false,,,,
0x0040A740,19,0x0040A752,FUN_0040a740,,,unclassified,0.00,unknown,undefined FUN_0040a740(void),false,,,,
0x0040A760,30,0x0040A77D,FUN_0040a760,,,unclassified,0.00,unknown,undefined FUN_0040a760(void),false,,,,
0x0040A780,190,0x0040A83D,FUN_0040a780,,,unclassified,0.00,unknown,undefined FUN_0040a780(void),false,,,,
0x0040A840,28,0x0040A85E,FUN_0040a840,,,unclassified,0.00,unknown,undefined FUN_0040a840(void),false,,,,
0x0040A860,50,0x0040A897,FUN_0040a860,,,unclassified,0.00,unknown,undefined FUN_0040a860(void),false,,,,
0x0040A8B0,37,0x0040A8D7,FUN_0040a8b0,,,unclassified,0.00,unknown,undefined FUN_0040a8b0(void),false,,,,
0x0040A8E0,11,0x0040A8EA,FUN_0040a8e0,,,unclassified,0.00,unknown,undefined FUN_0040a8e0(void),false,,,,
0x0040A8F0,11,0x0040A8FA,FUN_0040a8f0,,,unclassified,0.00,unknown,undefined FUN_0040a8f0(void),false,,,,
0x0040A900,11,0x0040A90A,FUN_0040a900,,,unclassified,0.00,unknown,undefined FUN_0040a900(void),false,,,,
0x0040A910,54,0x0040A94B,FUN_0040a910,,,unclassified,0.00,unknown,undefined FUN_0040a910(void),false,,,,
0x0040A950,1,0x0040A950,FUN_0040a950,,,unclassified,0.00,unknown,undefined FUN_0040a950(void),false,,,,
0x0040A960,3,0x0040A962,FUN_0040a960,,,unclassified,0.00,unknown,undefined FUN_0040a960(void),false,,,,
0x0040A970,3,0x0040A972,FUN_0040a970,,,unclassified,0.00,unknown,undefined FUN_0040a970(void),false,,,,
0x0040A980,3,0x0040A982,FUN_0040a980,,,unclassified,0.00,unknown,undefined FUN_0040a980(void),false,,,,
0x0040A990,19,0x0040A9A2,FUN_0040a990,,,unclassified,0.00,unknown,undefined FUN_0040a990(void),false,,,,
0x0040A9B0,11,0x0040A9BA,FUN_0040a9b0,,,unclassified,0.00,unknown,undefined FUN_0040a9b0(void),false,,,,
0x0040A9C0,60,0x0040A9FB,FUN_0040a9c0,,,unclassified,0.00,unknown,undefined FUN_0040a9c0(void),false,,,,
0x0040AA00,68,0x0040AA43,FUN_0040aa00,,,unclassified,0.00,unknown,undefined FUN_0040aa00(void),false,,,,
0x0040AA50,55,0x0040AA86,FUN_0040aa50,,,unclassified,0.00,unknown,undefined FUN_0040aa50(void),false,,,,
0x0040AA90,63,0x0040AACE,FUN_0040aa90,,,unclassified,0.00,unknown,undefined FUN_0040aa90(void),false,,,,
0x0040AAD0,11,0x0040AADA,FUN_0040aad0,,,unclassified,0.00,unknown,undefined FUN_0040aad0(void),false,,,,
0x0040AAE0,11,0x0040AAEA,FUN_0040aae0,,,unclassified,0.00,unknown,undefined FUN_0040aae0(void),false,,,,
0x0040AAF0,2663,0x0040B559,FUN_0040aaf0,,,unclassified,0.00,unknown,undefined FUN_0040aaf0(void),false,,,,
0x0040B580,35,0x0040B5A5,FUN_0040b580,,,unclassified,0.00,unknown,undefined FUN_0040b580(void),false,,,,
0x0040B5B0,58,0x0040B5EF,FUN_0040b5b0,,,unclassified,0.00,unknown,undefined FUN_0040b5b0(void),false,,,,
0x0040B5F0,55,0x0040B62C,FUN_0040b5f0,,,unclassified,0.00,unknown,undefined FUN_0040b5f0(void),false,,,,
0x0040B630,304,0x0040B765,FUN_0040b630,,,unclassified,0.00,unknown,undefined FUN_0040b630(void),false,,,,
0x0040B770,135,0x0040B7F6,FUN_0040b770,,,unclassified,0.00,unknown,undefined FUN_0040b770(void),false,,,,
0x0040B800,258,0x0040B901,FUN_0040b800,,,unclassified,0.00,unknown,undefined FUN_0040b800(void),false,,,,
0x0040B910,153,0x0040B9A8,FUN_0040b910,,,unclassified,0.00,unknown,undefined FUN_0040b910(void),false,,,,
0x0040B9B0,274,0x0040BAC1,FUN_0040b9b0,,,unclassified,0.00,unknown,undefined FUN_0040b9b0(void),false,,,,
0x0040BAD0,81,0x0040BB20,FUN_0040bad0,,,unclassified,0.00,unknown,undefined FUN_0040bad0(void),false,,,,
0x0040BB30,81,0x0040BB80,FUN_0040bb30,,,unclassified,0.00,unknown,undefined FUN_0040bb30(void),false,,,,
0x0040BB90,81,0x0040BBE0,FUN_0040bb90,,,unclassified,0.00,unknown,undefined FUN_0040bb90(void),false,,,,
0x0040BBF0,95,0x0040BC4E,FUN_0040bbf0,,,unclassified,0.00,unknown,undefined FUN_0040bbf0(void),false,,,,
0x0040BC50,224,0x0040BD2F,FUN_0040bc50,,,unclassified,0.00,unknown,undefined FUN_0040bc50(void),false,,,,
0x0040BD30,39,0x0040BD59,FUN_0040bd30,,,unclassified,0.00,unknown,undefined FUN_0040bd30(void),false,,,,
0x0040BD60,99,0x0040BDC2,FUN_0040bd60,,,unclassified,0.00,unknown,undefined FUN_0040bd60(void),false,,,,
0x0040BDD0,105,0x0040BE38,FUN_0040bdd0,,,unclassified,0.00,unknown,undefined FUN_0040bdd0(void),false,,,,
0x0040BE40,562,0x0040C071,FUN_0040be40,,,unclassified,0.00,unknown,undefined FUN_0040be40(void),false,,,,
0x0040C080,163,0x0040C122,FUN_0040c080,,,unclassified,0.00,unknown,undefined FUN_0040c080(void),false,,,,
0x0040C123,17,0x0040C133,Catch_All@0040c123,,,unclassified,0.00,unknown,undefined Catch_All@0040c123(void),false,,,,
0x0040C140,123,0x0040C1BA,FUN_0040c140,,,unclassified,0.00,unknown,undefined FUN_0040c140(void),false,,,,
0x0040C1C0,78,0x0040C20D,FUN_0040c1c0,,,unclassified,0.00,unknown,undefined FUN_0040c1c0(void),false,,,,
0x0040C210,82,0x0040C261,FUN_0040c210,,,unclassified,0.00,unknown,undefined FUN_0040c210(void),false,,,,
0x0040C270,56,0x0040C2A7,FUN_0040c270,,,unclassified,0.00,unknown,undefined FUN_0040c270(void),false,,,,
0x0040C2B0,74,0x0040C2F9,FUN_0040c2b0,,,unclassified,0.00,unknown,undefined FUN_0040c2b0(void),false,,,,
0x0040C300,55,0x0040C336,FUN_0040c300,,,unclassified,0.00,unknown,undefined FUN_0040c300(void),false,,,,
0x0040C340,604,0x0040C5B3,FUN_0040c340,,,unclassified,0.00,unknown,undefined FUN_0040c340(void),false,,,,
0x0040C4D8,9,0x0040C4E0,Catch_All@0040c4d8,,,unclassified,0.00,unknown,undefined Catch_All@0040c4d8(void),false,,,,
0x0040C5C0,119,0x0040C636,FUN_0040c5c0,,,unclassified,0.00,unknown,undefined FUN_0040c5c0(void),false,,,,
0x0040C640,51,0x0040C672,FUN_0040c640,,,unclassified,0.00,unknown,undefined FUN_0040c640(void),false,,,,
0x0040C680,28,0x0040C69B,FUN_0040c680,,,unclassified,0.00,unknown,undefined FUN_0040c680(void),false,,,,
0x0040C6A0,121,0x0040C718,FUN_0040c6a0,,,unclassified,0.00,unknown,undefined FUN_0040c6a0(void),false,,,,
0x0040C720,41,0x0040C748,FUN_0040c720,,,unclassified,0.00,unknown,undefined FUN_0040c720(void),false,,,,
0x0040C750,53,0x0040C784,FUN_0040c750,,,unclassified,0.00,unknown,undefined FUN_0040c750(void),false,,,,
0x0040C790,86,0x0040C7E5,FUN_0040c790,,,unclassified,0.00,unknown,undefined FUN_0040c790(void),false,,,,
0x0040C7F0,105,0x0040C858,FUN_0040c7f0,,,unclassified,0.00,unknown,undefined FUN_0040c7f0(void),false,,,,
0x0040C860,55,0x0040C896,FUN_0040c860,,,unclassified,0.00,unknown,undefined FUN_0040c860(void),false,,,,
0x0040C8A0,37,0x0040C8C4,FUN_0040c8a0,,,unclassified,0.00,unknown,undefined FUN_0040c8a0(void),false,,,,
0x0040C8D0,37,0x0040C8F4,FUN_0040c8d0,,,unclassified,0.00,unknown,undefined FUN_0040c8d0(void),false,,,,
0x0040C900,21,0x0040C914,FUN_0040c900,,,unclassified,0.00,unknown,undefined FUN_0040c900(void),false,,,,
0x0040C920,35,0x0040C942,FUN_0040c920,,,unclassified,0.00,unknown,undefined FUN_0040c920(void),false,,,,
0x0040C950,4,0x0040C953,FUN_0040c950,,,unclassified,0.00,unknown,undefined FUN_0040c950(void),false,,,,
0x0040C960,13,0x0040C96C,FUN_0040c960,,,unclassified,0.00,unknown,undefined FUN_0040c960(void),false,,,,
0x0040C970,42,0x0040C99C,FUN_0040c970,,,unclassified,0.00,unknown,undefined FUN_0040c970(void),false,,,,
0x0040C9A0,15,0x0040C9AE,FUN_0040c9a0,,,unclassified,0.00,unknown,undefined FUN_0040c9a0(void),false,,,,
0x0040C9B0,9,0x0040C9B8,FUN_0040c9b0,,,unclassified,0.00,unknown,undefined FUN_0040c9b0(void),false,,,,
0x0040C9C0,216,0x0040CA97,FUN_0040c9c0,,,unclassified,0.00,unknown,undefined FUN_0040c9c0(void),false,,,,
0x0040CAA0,137,0x0040CB28,FUN_0040caa0,,,unclassified,0.00,unknown,undefined FUN_0040caa0(void),false,,,,
0x0040CB30,168,0x0040CBD7,FUN_0040cb30,,,unclassified,0.00,unknown,undefined FUN_0040cb30(void),false,,,,
0x0040CBE0,97,0x0040CC40,FUN_0040cbe0,,,unclassified,0.00,unknown,undefined FUN_0040cbe0(void),false,,,,
0x0040CC50,34,0x0040CC71,FUN_0040cc50,,,unclassified,0.00,unknown,undefined FUN_0040cc50(void),false,,,,
0x0040CC80,148,0x0040CD13,FUN_0040cc80,,,unclassified,0.00,unknown,undefined FUN_0040cc80(void),false,,,,
0x0040CD20,173,0x0040CDD5,FUN_0040cd20,,,unclassified,0.00,unknown,undefined FUN_0040cd20(void),false,,,,
0x0040CDE0,80,0x0040CE2F,FUN_0040cde0,init_direct_input,input,identified,0.00,unknown,undefined FUN_0040cde0(void),false,,docs/EVIDENCE.md DirectInput call flow,,
0x0040CE30,331,0x0040CF7A,FUN_0040ce30,,,unclassified,0.00,unknown,undefined FUN_0040ce30(void),false,,,,
0x0040CF80,22,0x0040CF95,FUN_0040cf80,,,unclassified,0.00,unknown,undefined FUN_0040cf80(void),false,,,,
0x0040CFA0,188,0x0040D05B,FUN_0040cfa0,create_direct_input_keyboard,input,identified,0.00,unknown,undefined FUN_0040cfa0(void),false,,docs/EVIDENCE.md DirectInput device creation,,
0x0040D060,176,0x0040D10F,FUN_0040d060,,,unclassified,0.00,unknown,undefined FUN_0040d060(void),false,,,,
0x0040D110,312,0x0040D247,FUN_0040d110,,,unclassified,0.00,unknown,undefined FUN_0040d110(void),false,,,,
0x0040D250,282,0x0040D369,FUN_0040d250,create_direct_input_mouse,input,identified,0.00,unknown,undefined FUN_0040d250(void),false,,docs/EVIDENCE.md DirectInput device creation,,
0x0040D370,16,0x0040D37F,is_raw_key_down,is_raw_key_down,input,matching,100.00,__thiscall,"bool is_raw_key_down(void * this, uchar scan_code)",false,src/input/InputManager.cpp,scripts/compile-unit.sh src/input/InputManager.cpp build/probes/InputManager.obj && python3 scripts/compare-function.py 0x0040D370 build/probes/InputManager.obj,,Exact after expressing the observed top-bit test as (raw_keyboard_state[scan_code] & 0x80) != 0
0x0040D380,71,0x0040D3C6,FUN_0040d380,,,unclassified,0.00,unknown,undefined FUN_0040d380(void),false,,,,
0x0040D3D0,88,0x0040D427,FUN_0040d3d0,,,unclassified,0.00,unknown,undefined FUN_0040d3d0(void),false,,,,
0x0040D430,182,0x0040D4E5,FUN_0040d430,,,unclassified,0.00,unknown,undefined FUN_0040d430(void),false,,,,
0x0040D4E6,152,0x0040D57D,FUN_0040d4e6,,,unclassified,0.00,unknown,undefined FUN_0040d4e6(void),false,,,,
0x0040D580,166,0x0040D625,FUN_0040d580,,,unclassified,0.00,unknown,undefined FUN_0040d580(void),false,,,,
0x0040D630,35,0x0040D655,FUN_0040d630,,,unclassified,0.00,unknown,undefined FUN_0040d630(void),false,,,,
0x0040D660,67,0x0040D6A2,FUN_0040d660,,,unclassified,0.00,unknown,undefined FUN_0040d660(void),false,,,,
0x0040D6B0,58,0x0040D6E9,FUN_0040d6b0,,,unclassified,0.00,unknown,undefined FUN_0040d6b0(void),false,,,,
0x0040D6F0,62,0x0040D72D,FUN_0040d6f0,,,unclassified,0.00,unknown,undefined FUN_0040d6f0(void),false,,,,
0x0040D730,43,0x0040D75A,FUN_0040d730,,,unclassified,0.00,unknown,undefined FUN_0040d730(void),false,,,,
0x0040D760,110,0x0040D7CD,FUN_0040d760,,,unclassified,0.00,unknown,undefined FUN_0040d760(void),false,,,,
0x0040D7D0,87,0x0040D826,FUN_0040d7d0,,,unclassified,0.00,unknown,undefined FUN_0040d7d0(void),false,,,,
0x0040D830,99,0x0040D892,FUN_0040d830,,,unclassified,0.00,unknown,undefined FUN_0040d830(void),false,,,,
0x0040D8A0,35,0x0040D8C2,FUN_0040d8a0,,,unclassified,0.00,unknown,undefined FUN_0040d8a0(void),false,,,,
0x0040D8D0,31,0x0040D8EE,FUN_0040d8d0,,,unclassified,0.00,unknown,undefined FUN_0040d8d0(void),false,,,,
0x0040D8F0,132,0x0040D973,FUN_0040d8f0,,,unclassified,0.00,unknown,undefined FUN_0040d8f0(void),false,,,,
0x0040D980,143,0x0040DA0E,FUN_0040d980,,,unclassified,0.00,unknown,undefined FUN_0040d980(void),false,,,,
0x0040DA10,90,0x0040DA69,FUN_0040da10,,,unclassified,0.00,unknown,undefined FUN_0040da10(void),false,,,,
0x0040DA70,84,0x0040DAC3,FUN_0040da70,,,unclassified,0.00,unknown,undefined FUN_0040da70(void),false,,,,
0x0040DAD0,472,0x0040DCAA,FUN_0040dad0,,,unclassified,0.00,unknown,undefined FUN_0040dad0(void),false,,,,
0x0040DCB0,691,0x0040DF7A,FUN_0040dcb0,,,unclassified,0.00,unknown,undefined FUN_0040dcb0(void),false,,,,
0x0040DE73,9,0x0040DE7B,Catch_All@0040de73,,,unclassified,0.00,unknown,undefined Catch_All@0040de73(void),false,,,,
0x0040DF80,75,0x0040DFCA,FUN_0040df80,,,unclassified,0.00,unknown,undefined FUN_0040df80(void),false,,,,
0x0040DFD0,48,0x0040DFFF,FUN_0040dfd0,,,unclassified,0.00,unknown,undefined FUN_0040dfd0(void),false,,,,
0x0040E000,47,0x0040E02E,FUN_0040e000,,,unclassified,0.00,unknown,undefined FUN_0040e000(void),false,,,,
0x0040E030,34,0x0040E051,FUN_0040e030,,,unclassified,0.00,unknown,undefined FUN_0040e030(void),false,,,,
0x0040E060,35,0x0040E085,FUN_0040e060,,,unclassified,0.00,unknown,undefined FUN_0040e060(void),false,,,,
0x0040E090,42,0x0040E0BC,FUN_0040e090,,,unclassified,0.00,unknown,undefined FUN_0040e090(void),false,,,,
0x0040E0C0,79,0x0040E10E,FUN_0040e0c0,,,unclassified,0.00,unknown,undefined FUN_0040e0c0(void),false,,,,
0x0040E110,42,0x0040E13C,FUN_0040e110,,,unclassified,0.00,unknown,undefined FUN_0040e110(void),false,,,,
0x0040E140,128,0x0040E1BF,FUN_0040e140,,,unclassified,0.00,unknown,undefined FUN_0040e140(void),false,,,,
0x0040E1C0,77,0x0040E20C,FUN_0040e1c0,,,unclassified,0.00,unknown,undefined FUN_0040e1c0(void),false,,,,
0x0040E210,112,0x0040E27F,FUN_0040e210,,,unclassified,0.00,unknown,undefined FUN_0040e210(void),false,,,,
0x0040E280,380,0x0040E3FE,FUN_0040e280,,,unclassified,0.00,unknown,undefined FUN_0040e280(void),false,,,,
0x0040E400,300,0x0040E52B,FUN_0040e400,,,unclassified,0.00,unknown,undefined FUN_0040e400(void),false,,,,
0x0040E530,11,0x0040E53A,FUN_0040e530,,,unclassified,0.00,unknown,undefined FUN_0040e530(void),false,,,,
0x0040E540,26,0x0040E559,FUN_0040e540,,,unclassified,0.00,unknown,undefined FUN_0040e540(void),false,,,,
0x0040E560,39,0x0040E586,FUN_0040e560,,,unclassified,0.00,unknown,undefined FUN_0040e560(void),false,,,,
0x0040E590,157,0x0040E62C,FUN_0040e590,,,unclassified,0.00,unknown,undefined FUN_0040e590(void),false,,,,
0x0040E630,293,0x0040E754,FUN_0040e630,,,unclassified,0.00,unknown,undefined FUN_0040e630(void),false,,,,
0x0040E760,46,0x0040E78D,FUN_0040e760,,,unclassified,0.00,unknown,undefined FUN_0040e760(void),false,,,,
0x0040E790,22,0x0040E7A5,FUN_0040e790,,,unclassified,0.00,unknown,undefined FUN_0040e790(void),false,,,,
0x0040E7B0,616,0x0040EA17,FUN_0040e7b0,,,unclassified,0.00,unknown,undefined FUN_0040e7b0(void),false,,,,
0x0040EA80,78,0x0040EACD,FUN_0040ea80,,,unclassified,0.00,unknown,undefined FUN_0040ea80(void),false,,,,
0x0040EAD0,25,0x0040EAE8,FUN_0040ead0,,,unclassified,0.00,unknown,undefined FUN_0040ead0(void),false,,,,
0x0040EAF0,38,0x0040EB15,FUN_0040eaf0,,,unclassified,0.00,unknown,undefined FUN_0040eaf0(void),false,,,,
0x0040EB20,164,0x0040EBC9,FUN_0040eb20,,,unclassified,0.00,unknown,undefined FUN_0040eb20(void),false,,,,
0x0040EBD0,570,0x0040EE0E,FUN_0040ebd0,,,unclassified,0.00,unknown,undefined FUN_0040ebd0(void),false,,,,
0x0040EE50,249,0x0040EF48,FUN_0040ee50,,,unclassified,0.00,unknown,undefined FUN_0040ee50(void),false,,,,
0x0040EF50,245,0x0040F044,FUN_0040ef50,,,unclassified,0.00,unknown,undefined FUN_0040ef50(void),false,,,,
0x0040F050,167,0x0040F0F6,FUN_0040f050,,,unclassified,0.00,unknown,undefined FUN_0040f050(void),false,,,,
0x0040F100,151,0x0040F196,FUN_0040f100,,,unclassified,0.00,unknown,undefined FUN_0040f100(void),false,,,,
0x0040F1A0,99,0x0040F202,FUN_0040f1a0,,,unclassified,0.00,unknown,undefined FUN_0040f1a0(void),false,,,,
0x0040F210,152,0x0040F2A7,FUN_0040f210,,,unclassified,0.00,unknown,undefined FUN_0040f210(void),false,,,,
0x0040F2B0,5,0x0040F2B4,thunk_FUN_0040f960,,,unclassified,0.00,unknown,undefined thunk_FUN_0040f960(void),true,,,,
0x0040F2C0,91,0x0040F31A,FUN_0040f2c0,,,unclassified,0.00,unknown,undefined FUN_0040f2c0(void),false,,,,
0x0040F320,62,0x0040F35D,FUN_0040f320,,,unclassified,0.00,unknown,undefined FUN_0040f320(void),false,,,,
0x0040F360,67,0x0040F3A2,FUN_0040f360,,,unclassified,0.00,unknown,undefined FUN_0040f360(void),false,,,,
0x0040F3B0,244,0x0040F4A3,FUN_0040f3b0,,,unclassified,0.00,unknown,undefined FUN_0040f3b0(void),false,,,,
0x0040F4B0,257,0x0040F5B0,FUN_0040f4b0,,,unclassified,0.00,unknown,undefined FUN_0040f4b0(void),false,,,,
0x0040F5C0,90,0x0040F619,FUN_0040f5c0,,,unclassified,0.00,unknown,undefined FUN_0040f5c0(void),false,,,,
0x0040F620,344,0x0040F77A,FUN_0040f620,,,unclassified,0.00,unknown,undefined FUN_0040f620(void),false,,,,
0x0040F780,119,0x0040F7FC,FUN_0040f780,,,unclassified,0.00,unknown,undefined FUN_0040f780(void),false,,,,
0x0040F800,338,0x0040F954,FUN_0040f800,,,unclassified,0.00,unknown,undefined FUN_0040f800(void),false,,,,
0x0040F960,143,0x0040F9F7,FUN_0040f960,,,unclassified,0.00,unknown,undefined FUN_0040f960(void),false,,,,
0x0040FA00,253,0x0040FAFC,FUN_0040fa00,,,unclassified,0.00,unknown,undefined FUN_0040fa00(void),false,,,,
0x0040FB00,82,0x0040FB54,FUN_0040fb00,,,unclassified,0.00,unknown,undefined FUN_0040fb00(void),false,,,,
0x0040FB60,123,0x0040FBDA,FUN_0040fb60,,,unclassified,0.00,unknown,undefined FUN_0040fb60(void),false,,,,
0x0040FBE0,88,0x0040FC37,FUN_0040fbe0,,,unclassified,0.00,unknown,undefined FUN_0040fbe0(void),false,,,,
0x0040FC40,39,0x0040FC69,FUN_0040fc40,,,unclassified,0.00,unknown,undefined FUN_0040fc40(void),false,,,,
0x0040FC70,82,0x0040FCC1,FUN_0040fc70,,,unclassified,0.00,unknown,undefined FUN_0040fc70(void),false,,,,
0x0040FCD0,89,0x0040FD28,FUN_0040fcd0,,,unclassified,0.00,unknown,undefined FUN_0040fcd0(void),false,,,,
0x0040FD30,96,0x0040FD8F,FUN_0040fd30,,,unclassified,0.00,unknown,undefined FUN_0040fd30(void),false,,,,
0x0040FDA0,97,0x0040FE00,FUN_0040fda0,,,unclassified,0.00,unknown,undefined FUN_0040fda0(void),false,,,,
0x0040FE10,232,0x0040FEF7,FUN_0040fe10,,,unclassified,0.00,unknown,undefined FUN_0040fe10(void),false,,,,
0x0040FEF8,17,0x0040FF08,Catch_All@0040fef8,,,unclassified,0.00,unknown,undefined Catch_All@0040fef8(void),false,,,,
0x0040FF10,95,0x0040FF6E,FUN_0040ff10,,,unclassified,0.00,unknown,undefined FUN_0040ff10(void),false,,,,
0x0040FF70,2001,0x00410766,FUN_0040ff70,,,unclassified,0.00,unknown,undefined FUN_0040ff70(void),false,,,,
0x004103BB,32,0x004103DA,Catch_All@004103bb,,,unclassified,0.00,unknown,undefined Catch_All@004103bb(void),false,,,,
0x00410767,32,0x00410786,Catch_All@00410767,,,unclassified,0.00,unknown,undefined Catch_All@00410767(void),false,,,,
0x00410790,92,0x004107EB,FUN_00410790,,,unclassified,0.00,unknown,undefined FUN_00410790(void),false,,,,
0x004107F0,77,0x0041083F,FUN_004107f0,,,unclassified,0.00,unknown,undefined FUN_004107f0(void),false,,,,
0x00410840,112,0x004108AF,FUN_00410840,,,unclassified,0.00,unknown,undefined FUN_00410840(void),false,,,,
0x004108B0,115,0x00410922,FUN_004108b0,,,unclassified,0.00,unknown,undefined FUN_004108b0(void),false,,,,
0x00410930,115,0x004109A2,FUN_00410930,,,unclassified,0.00,unknown,undefined FUN_00410930(void),false,,,,
0x004109B0,188,0x00410A6B,FUN_004109b0,,,unclassified,0.00,unknown,undefined FUN_004109b0(void),false,,,,
0x00410A70,183,0x00410B26,FUN_00410a70,,,unclassified,0.00,unknown,undefined FUN_00410a70(void),false,,,,
0x00410B30,187,0x00410BEA,FUN_00410b30,,,unclassified,0.00,unknown,undefined FUN_00410b30(void),false,,,,
0x00410BF0,170,0x00410C99,FUN_00410bf0,,,unclassified,0.00,unknown,undefined FUN_00410bf0(void),false,,,,
0x00410CA0,172,0x00410D4B,FUN_00410ca0,,,unclassified,0.00,unknown,undefined FUN_00410ca0(void),false,,,,
0x00410DA0,138,0x00410E29,FUN_00410da0,,,unclassified,0.00,unknown,undefined FUN_00410da0(void),false,,,,
0x00410E30,126,0x00410F01,FUN_00410e30,,,unclassified,0.00,unknown,undefined FUN_00410e30(void),false,,,,
0x00410F10,369,0x004110C6,FUN_00410f10,,,unclassified,0.00,unknown,undefined FUN_00410f10(void),false,,,,
0x00411100,352,0x0041125F,FUN_00411100,,,unclassified,0.00,unknown,undefined FUN_00411100(void),false,,,,
0x00411310,223,0x00411432,FUN_00411310,,,unclassified,0.00,unknown,undefined FUN_00411310(void),false,,,,
0x00411440,100,0x004114E7,FUN_00411440,,,unclassified,0.00,unknown,undefined FUN_00411440(void),false,,,,
0x004114F0,553,0x0041171F,FUN_004114f0,,,unclassified,0.00,unknown,undefined FUN_004114f0(void),false,,,,
0x00411720,413,0x004118C0,FUN_00411720,,,unclassified,0.00,unknown,undefined FUN_00411720(void),false,,,,
0x004118D0,533,0x00411F7D,FUN_004118d0,,,unclassified,0.00,unknown,undefined FUN_004118d0(void),false,,,,
0x00411F80,289,0x004120A3,FUN_00411f80,,,unclassified,0.00,unknown,undefined FUN_00411f80(void),false,,,,
0x004120B0,286,0x004121D0,FUN_004120b0,,,unclassified,0.00,unknown,undefined FUN_004120b0(void),false,,,,
0x00412240,42,0x0041226C,FUN_00412240,,,unclassified,0.00,unknown,undefined FUN_00412240(void),false,,,,
0x00412270,94,0x004122CD,FUN_00412270,,,unclassified,0.00,unknown,undefined FUN_00412270(void),false,,,,
0x004122D0,53,0x00412304,FUN_004122d0,,,unclassified,0.00,unknown,undefined FUN_004122d0(void),false,,,,
0x00412310,167,0x004123B6,FUN_00412310,,,unclassified,0.00,unknown,undefined FUN_00412310(void),false,,,,
0x004123C0,348,0x0041251B,FUN_004123c0,,,unclassified,0.00,unknown,undefined FUN_004123c0(void),false,,,,
0x00412520,27,0x0041253D,FUN_00412520,,,unclassified,0.00,unknown,undefined FUN_00412520(void),false,,,,
0x00412540,5,0x00412544,thunk_FUN_004131d0,,,unclassified,0.00,unknown,undefined thunk_FUN_004131d0(void),true,,,,
0x00412550,5,0x00412554,thunk_FUN_00413290,,,unclassified,0.00,unknown,undefined thunk_FUN_00413290(void),true,,,,
0x00412560,315,0x004126A6,FUN_00412560,,,unclassified,0.00,unknown,undefined FUN_00412560(void),false,,,,
0x004126B0,412,0x00412851,FUN_004126b0,,,unclassified,0.00,unknown,undefined FUN_004126b0(void),false,,,,
0x00412860,165,0x0041290E,FUN_00412860,,,unclassified,0.00,unknown,undefined FUN_00412860(void),false,,,,
0x00412910,68,0x00412953,FUN_00412910,,,unclassified,0.00,unknown,undefined FUN_00412910(void),false,,,,
0x00412960,149,0x004129F4,FUN_00412960,,,unclassified,0.00,unknown,undefined FUN_00412960(void),false,,,,
0x00412A00,483,0x00412BE2,FUN_00412a00,,,unclassified,0.00,unknown,undefined FUN_00412a00(void),false,,,,
0x00412BF0,33,0x00412C10,FUN_00412bf0,,,unclassified,0.00,unknown,undefined FUN_00412bf0(void),false,,,,
0x00412C20,143,0x00412CAE,FUN_00412c20,,,unclassified,0.00,unknown,undefined FUN_00412c20(void),false,,,,
0x00412CB0,648,0x00412F37,FUN_00412cb0,,,unclassified,0.00,unknown,undefined FUN_00412cb0(void),false,,,,
0x00412F70,90,0x00412FC9,FUN_00412f70,,,unclassified,0.00,unknown,undefined FUN_00412f70(void),false,,,,
0x00412FD0,33,0x00412FF0,FUN_00412fd0,,,unclassified,0.00,unknown,undefined FUN_00412fd0(void),false,,,,
0x00413000,5,0x00413004,thunk_FUN_004132d0,,,unclassified,0.00,unknown,undefined thunk_FUN_004132d0(void),true,,,,
0x00413010,145,0x004130A0,FUN_00413010,,,unclassified,0.00,unknown,undefined FUN_00413010(void),false,,,,
0x004130B0,92,0x00413111,FUN_004130b0,,,unclassified,0.00,unknown,undefined FUN_004130b0(void),false,,,,
0x00413120,32,0x0041313F,FUN_00413120,,,unclassified,0.00,unknown,undefined FUN_00413120(void),false,,,,
0x00413140,27,0x0041315D,FUN_00413140,,,unclassified,0.00,unknown,undefined FUN_00413140(void),false,,,,
0x00413160,76,0x004131AB,FUN_00413160,,,unclassified,0.00,unknown,undefined FUN_00413160(void),false,,,,
0x004131B0,28,0x004131CB,FUN_004131b0,,,unclassified,0.00,unknown,undefined FUN_004131b0(void),false,,,,
0x004131D0,40,0x004131F7,FUN_004131d0,,,unclassified,0.00,unknown,undefined FUN_004131d0(void),false,,,,
0x00413210,120,0x00413287,FUN_00413210,,,unclassified,0.00,unknown,undefined FUN_00413210(void),false,,,,
0x00413290,40,0x004132B7,FUN_00413290,,,unclassified,0.00,unknown,undefined FUN_00413290(void),false,,,,
0x004132D0,95,0x00413337,FUN_004132d0,,,unclassified,0.00,unknown,undefined FUN_004132d0(void),false,,,,
0x00413340,194,0x00413406,FUN_00413340,,,unclassified,0.00,unknown,undefined FUN_00413340(void),false,,,,
0x00413410,114,0x00413481,FUN_00413410,,,unclassified,0.00,unknown,undefined FUN_00413410(void),false,,,,
0x00413490,81,0x004134E0,FUN_00413490,,,unclassified,0.00,unknown,undefined FUN_00413490(void),false,,,,
0x004134F0,81,0x00413540,FUN_004134f0,,,unclassified,0.00,unknown,undefined FUN_004134f0(void),false,,,,
0x00413550,194,0x00413616,FUN_00413550,,,unclassified,0.00,unknown,undefined FUN_00413550(void),false,,,,
0x00413620,23,0x00413636,FUN_00413620,,,unclassified,0.00,unknown,undefined FUN_00413620(void),false,,,,
0x00413640,566,0x0041388D,FUN_00413640,,,unclassified,0.00,unknown,undefined FUN_00413640(void),false,,,,
0x004137B9,9,0x004137C1,Catch_All@004137b9,,,unclassified,0.00,unknown,undefined Catch_All@004137b9(void),false,,,,
0x00413890,659,0x00413B22,FUN_00413890,,,unclassified,0.00,unknown,undefined FUN_00413890(void),false,,,,
0x00413B60,55,0x00413B96,FUN_00413b60,,,unclassified,0.00,unknown,undefined FUN_00413b60(void),false,,,,
0x00413BA0,97,0x00413C00,FUN_00413ba0,,,unclassified,0.00,unknown,undefined FUN_00413ba0(void),false,,,,
0x00413C10,42,0x00413C44,FUN_00413c10,,,unclassified,0.00,unknown,undefined FUN_00413c10(void),false,,,,
0x00413C50,80,0x00413C9F,FUN_00413c50,,,unclassified,0.00,unknown,undefined FUN_00413c50(void),false,,,,
0x00413CA0,34,0x00413CC1,FUN_00413ca0,,,unclassified,0.00,unknown,undefined FUN_00413ca0(void),false,,,,
0x00413CD0,35,0x00413CF5,FUN_00413cd0,,,unclassified,0.00,unknown,undefined FUN_00413cd0(void),false,,,,
0x00413D00,58,0x00413D39,FUN_00413d00,,,unclassified,0.00,unknown,undefined FUN_00413d00(void),false,,,,
0x00413D40,81,0x00413D90,FUN_00413d40,,,unclassified,0.00,unknown,undefined FUN_00413d40(void),false,,,,
0x00413DA0,42,0x00413DCC,FUN_00413da0,,,unclassified,0.00,unknown,undefined FUN_00413da0(void),false,,,,
0x00413DD0,42,0x00413DFC,FUN_00413dd0,,,unclassified,0.00,unknown,undefined FUN_00413dd0(void),false,,,,
0x00413E00,9,0x00413E08,FUN_00413e00,,,unclassified,0.00,unknown,undefined FUN_00413e00(void),false,,,,
0x00413E10,5,0x00413E14,thunk_FUN_00413e60,,,unclassified,0.00,unknown,undefined thunk_FUN_00413e60(void),true,,,,
0x00413E20,49,0x00413E50,FUN_00413e20,,,unclassified,0.00,unknown,undefined FUN_00413e20(void),false,,,,
0x00413E60,73,0x00413EA8,FUN_00413e60,,,unclassified,0.00,unknown,undefined FUN_00413e60(void),false,,,,
0x00413EB0,17,0x00413EC0,FUN_00413eb0,,,unclassified,0.00,unknown,undefined FUN_00413eb0(void),false,,,,
0x00413ED0,36,0x00413EF3,FUN_00413ed0,,,unclassified,0.00,unknown,undefined FUN_00413ed0(void),false,,,,
0x00413F00,131,0x00413F82,FUN_00413f00,,,unclassified,0.00,unknown,undefined FUN_00413f00(void),false,,,,
0x00413F90,103,0x00413FF6,FUN_00413f90,,,unclassified,0.00,unknown,undefined FUN_00413f90(void),false,,,,
0x00414000,547,0x00414222,FUN_00414000,,,unclassified,0.00,unknown,undefined FUN_00414000(void),false,,,,
0x00414230,281,0x00414348,FUN_00414230,,,unclassified,0.00,unknown,undefined FUN_00414230(void),false,,,,
0x00414350,288,0x0041446F,FUN_00414350,,,unclassified,0.00,unknown,undefined FUN_00414350(void),false,,,,
0x00414470,82,0x004144C1,FUN_00414470,,,unclassified,0.00,unknown,undefined FUN_00414470(void),false,,,,
0x004144D0,157,0x0041456C,FUN_004144d0,,,unclassified,0.00,unknown,undefined FUN_004144d0(void),false,,,,
0x00414570,140,0x004145FB,FUN_00414570,,,unclassified,0.00,unknown,undefined FUN_00414570(void),false,,,,
0x00414600,154,0x00414699,FUN_00414600,,,unclassified,0.00,unknown,undefined FUN_00414600(void),false,,,,
0x004146A0,104,0x00414707,FUN_004146a0,,,unclassified,0.00,unknown,undefined FUN_004146a0(void),false,,,,
0x00414710,95,0x0041476E,FUN_00414710,,,unclassified,0.00,unknown,undefined FUN_00414710(void),false,,,,
0x00414770,312,0x004148A7,FUN_00414770,,,unclassified,0.00,unknown,undefined FUN_00414770(void),false,,,,
0x004148B0,581,0x00414AF4,FUN_004148b0,,,unclassified,0.00,unknown,undefined FUN_004148b0(void),false,,,,
0x00414B00,148,0x00414B93,FUN_00414b00,,,unclassified,0.00,unknown,undefined FUN_00414b00(void),false,,,,
0x00414BA0,539,0x00414DBD,FUN_00414ba0,,,unclassified,0.00,unknown,undefined FUN_00414ba0(void),false,,,,
0x00414DC0,1288,0x004152D1,FUN_00414dc0,,,unclassified,0.00,unknown,undefined FUN_00414dc0(void),false,,,,
0x004152E0,217,0x004153B8,FUN_004152e0,,,unclassified,0.00,unknown,undefined FUN_004152e0(void),false,,,,
0x004153C0,116,0x00415433,FUN_004153c0,,,unclassified,0.00,unknown,undefined FUN_004153c0(void),false,,,,
0x00415440,305,0x00415570,FUN_00415440,,,unclassified,0.00,unknown,undefined FUN_00415440(void),false,,,,
0x00415580,7,0x00415586,FUN_00415580,,,unclassified,0.00,unknown,undefined FUN_00415580(void),false,,,,
0x00415970,127,0x004159EE,FUN_00415970,,,unclassified,0.00,unknown,undefined FUN_00415970(void),false,,,,
0x004159F0,52,0x00415A23,FUN_004159f0,,,unclassified,0.00,unknown,undefined FUN_004159f0(void),false,,,,
0x00415A30,106,0x00415A99,FUN_00415a30,,,unclassified,0.00,unknown,undefined FUN_00415a30(void),false,,,,
0x00415AA0,137,0x00415B28,FUN_00415aa0,,,unclassified,0.00,unknown,undefined FUN_00415aa0(void),false,,,,
0x00415B30,125,0x00415BAC,FUN_00415b30,,,unclassified,0.00,unknown,undefined FUN_00415b30(void),false,,,,
0x00415BB0,580,0x00415DF3,FUN_00415bb0,,,unclassified,0.00,unknown,undefined FUN_00415bb0(void),false,,,,
0x00415E00,543,0x00416036,FUN_00415e00,,,unclassified,0.00,unknown,undefined FUN_00415e00(void),false,,,,
0x00415F81,9,0x00415F89,Catch_All@00415f81,,,unclassified,0.00,unknown,undefined Catch_All@00415f81(void),false,,,,
0x00416040,56,0x00416077,FUN_00416040,,,unclassified,0.00,unknown,undefined FUN_00416040(void),false,,,,
0x00416080,34,0x004160A1,FUN_00416080,,,unclassified,0.00,unknown,undefined FUN_00416080(void),false,,,,
0x004160B0,47,0x004160DE,FUN_004160b0,,,unclassified,0.00,unknown,undefined FUN_004160b0(void),false,,,,
0x004160E0,59,0x0041611A,FUN_004160e0,,,unclassified,0.00,unknown,undefined FUN_004160e0(void),false,,,,
0x00416120,54,0x00416155,FUN_00416120,,,unclassified,0.00,unknown,undefined FUN_00416120(void),false,,,,
0x00416160,54,0x00416195,FUN_00416160,,,unclassified,0.00,unknown,undefined FUN_00416160(void),false,,,,
0x004161A0,464,0x0041636F,FUN_004161a0,,,unclassified,0.00,unknown,undefined FUN_004161a0(void),false,,,,
0x00416370,548,0x00416593,FUN_00416370,,,unclassified,0.00,unknown,undefined FUN_00416370(void),false,,,,
0x004165C0,395,0x0041674A,FUN_004165c0,,,unclassified,0.00,unknown,undefined FUN_004165c0(void),false,,,,
0x00416750,682,0x00416A03,FUN_00416750,,,unclassified,0.00,unknown,undefined FUN_00416750(void),false,,,,
0x00416A10,50,0x00416A41,FUN_00416a10,,,unclassified,0.00,unknown,undefined FUN_00416a10(void),false,,,,
0x00416A50,117,0x00416AC4,FUN_00416a50,,,unclassified,0.00,unknown,undefined FUN_00416a50(void),false,,,,
0x00416AD0,106,0x00416B39,FUN_00416ad0,,,unclassified,0.00,unknown,undefined FUN_00416ad0(void),false,,,,
0x00416B40,456,0x00416D07,FUN_00416b40,,,unclassified,0.00,unknown,undefined FUN_00416b40(void),false,,,,
0x00416D10,341,0x00416E67,FUN_00416d10,,,unclassified,0.00,unknown,undefined FUN_00416d10(void),false,,,,
0x00416E70,410,0x00417009,FUN_00416e70,,,unclassified,0.00,unknown,undefined FUN_00416e70(void),false,,,,
0x00417010,196,0x004170D3,FUN_00417010,,,unclassified,0.00,unknown,undefined FUN_00417010(void),false,,,,
0x004170E0,115,0x00417152,FUN_004170e0,,,unclassified,0.00,unknown,undefined FUN_004170e0(void),false,,,,
0x00417160,115,0x004171D2,FUN_00417160,,,unclassified,0.00,unknown,undefined FUN_00417160(void),false,,,,
0x004171E0,90,0x00417239,FUN_004171e0,,,unclassified,0.00,unknown,undefined FUN_004171e0(void),false,,,,
0x00417240,82,0x00417291,FUN_00417240,,,unclassified,0.00,unknown,undefined FUN_00417240(void),false,,,,
0x004172A0,95,0x004172FE,FUN_004172a0,,,unclassified,0.00,unknown,undefined FUN_004172a0(void),false,,,,
0x00417300,344,0x0041745A,FUN_00417300,,,unclassified,0.00,unknown,undefined FUN_00417300(void),false,,,,
0x00417460,187,0x0041751A,FUN_00417460,,,unclassified,0.00,unknown,undefined FUN_00417460(void),false,,,,
0x00417520,183,0x004175D6,FUN_00417520,,,unclassified,0.00,unknown,undefined FUN_00417520(void),false,,,,
0x004175E0,80,0x0041762F,FUN_004175e0,,,unclassified,0.00,unknown,undefined FUN_004175e0(void),false,,,,
0x00417630,201,0x004176F8,FUN_00417630,,,unclassified,0.00,unknown,undefined FUN_00417630(void),false,,,,
0x00417700,190,0x004177BD,FUN_00417700,,,unclassified,0.00,unknown,undefined FUN_00417700(void),false,,,,
0x004177C0,16,0x004177CF,FUN_004177c0,,,unclassified,0.00,unknown,undefined FUN_004177c0(void),false,,,,
0x004177D0,33,0x004177F0,FUN_004177d0,,,unclassified,0.00,unknown,undefined FUN_004177d0(void),false,,,,
0x00417800,71,0x00417846,FUN_00417800,,,unclassified,0.00,unknown,undefined FUN_00417800(void),false,,,,
0x00417850,33,0x00417870,FUN_00417850,,,unclassified,0.00,unknown,undefined FUN_00417850(void),false,,,,
0x00417880,21,0x00417894,FUN_00417880,,,unclassified,0.00,unknown,undefined FUN_00417880(void),false,,,,
0x004178A0,21,0x004178B4,FUN_004178a0,,,unclassified,0.00,unknown,undefined FUN_004178a0(void),false,,,,
0x004178E0,27,0x004178FD,FUN_004178e0,,,unclassified,0.00,unknown,undefined FUN_004178e0(void),false,,,,
0x00417900,139,0x0041798A,FUN_00417900,,,unclassified,0.00,unknown,undefined FUN_00417900(void),false,,,,
0x00417990,253,0x00417A8C,FUN_00417990,,,unclassified,0.00,unknown,undefined FUN_00417990(void),false,,,,
0x00417AB0,50,0x00417AE4,FUN_00417ab0,,,unclassified,0.00,unknown,undefined FUN_00417ab0(void),false,,,,
0x00417AF0,33,0x00417B10,FUN_00417af0,,,unclassified,0.00,unknown,undefined FUN_00417af0(void),false,,,,
0x00417B20,160,0x00417BBF,FUN_00417b20,,,unclassified,0.00,unknown,undefined FUN_00417b20(void),false,,,,
0x00417BC0,247,0x00417CB6,FUN_00417bc0,,,unclassified,0.00,unknown,undefined FUN_00417bc0(void),false,,,,
0x00417CC0,298,0x00417DEF,FUN_00417cc0,,,unclassified,0.00,unknown,undefined FUN_00417cc0(void),false,,,,
0x00417DF0,45,0x00417E1C,FUN_00417df0,,,unclassified,0.00,unknown,undefined FUN_00417df0(void),false,,,,
0x00417E20,85,0x00417E74,FUN_00417e20,,,unclassified,0.00,unknown,undefined FUN_00417e20(void),false,,,,
0x00417E80,583,0x004180C6,FUN_00417e80,,,unclassified,0.00,unknown,undefined FUN_00417e80(void),false,,,,
0x004180D0,82,0x00418121,FUN_004180d0,,,unclassified,0.00,unknown,undefined FUN_004180d0(void),false,,,,
0x00418130,110,0x0041819D,FUN_00418130,,,unclassified,0.00,unknown,undefined FUN_00418130(void),false,,,,
0x004181A0,103,0x00418206,FUN_004181a0,,,unclassified,0.00,unknown,undefined FUN_004181a0(void),false,,,,
0x00418210,15,0x0041821E,FUN_00418210,,,unclassified,0.00,unknown,undefined FUN_00418210(void),false,,,,
0x00418220,291,0x00418342,FUN_00418220,,,unclassified,0.00,unknown,undefined FUN_00418220(void),false,,,,
0x00418380,252,0x0041847B,FUN_00418380,,,unclassified,0.00,unknown,undefined FUN_00418380(void),false,,,,
0x004184E0,25,0x004184F8,FUN_004184e0,,,unclassified,0.00,unknown,undefined FUN_004184e0(void),false,,,,
0x00418500,23,0x00418516,FUN_00418500,,,unclassified,0.00,unknown,undefined FUN_00418500(void),false,,,,
0x00418520,481,0x00418703,FUN_00418520,,,unclassified,0.00,unknown,undefined FUN_00418520(void),false,,,,
0x00418710,236,0x00418808,FUN_00418710,,,unclassified,0.00,unknown,undefined FUN_00418710(void),false,,,,
0x00418810,222,0x00418900,FUN_00418810,,,unclassified,0.00,unknown,undefined FUN_00418810(void),false,,,,
0x00418910,236,0x004189FE,FUN_00418910,,,unclassified,0.00,unknown,undefined FUN_00418910(void),false,,,,
0x00418A00,169,0x00418AA8,FUN_00418a00,,,unclassified,0.00,unknown,undefined FUN_00418a00(void),false,,,,
0x00418AB0,193,0x00418B70,FUN_00418ab0,,,unclassified,0.00,unknown,undefined FUN_00418ab0(void),false,,,,
0x00418B80,181,0x00418C37,FUN_00418b80,,,unclassified,0.00,unknown,undefined FUN_00418b80(void),false,,,,
0x00418C40,89,0x00418C9F,FUN_00418c40,,,unclassified,0.00,unknown,undefined FUN_00418c40(void),false,,,,
0x00418CA0,237,0x00418D96,FUN_00418ca0,,,unclassified,0.00,unknown,undefined FUN_00418ca0(void),false,,,,
0x00418DA0,456,0x00418F6A,FUN_00418da0,,,unclassified,0.00,unknown,undefined FUN_00418da0(void),false,,,,
0x00418F70,231,0x00419059,FUN_00418f70,,,unclassified,0.00,unknown,undefined FUN_00418f70(void),false,,,,
0x00419060,264,0x0041916A,FUN_00419060,,,unclassified,0.00,unknown,undefined FUN_00419060(void),false,,,,
0x00419170,1019,0x00419576,FUN_00419170,,,unclassified,0.00,unknown,undefined FUN_00419170(void),false,,,,
0x00419580,240,0x00419672,FUN_00419580,,,unclassified,0.00,unknown,undefined FUN_00419580(void),false,,,,
0x004196A0,2081,0x00419ED6,FUN_004196a0,,,unclassified,0.00,unknown,undefined FUN_004196a0(void),false,,,,
0x00419F40,409,0x0041A0F6,FUN_00419f40,,,unclassified,0.00,unknown,undefined FUN_00419f40(void),false,,,,
0x0041A100,946,0x0041A4B9,FUN_0041a100,,,unclassified,0.00,unknown,undefined FUN_0041a100(void),false,,,,
0x0041A520,360,0x0041A687,FUN_0041a520,,,unclassified,0.00,unknown,undefined FUN_0041a520(void),false,,,,
0x0041A690,1010,0x0041AA81,FUN_0041a690,,,unclassified,0.00,unknown,undefined FUN_0041a690(void),false,,,,
0x0041AA90,610,0x0041ACF1,FUN_0041aa90,,,unclassified,0.00,unknown,undefined FUN_0041aa90(void),false,,,,
0x0041AD00,81,0x0041AD53,FUN_0041ad00,,,unclassified,0.00,unknown,undefined FUN_0041ad00(void),false,,,,
0x0041AD60,37,0x0041AD8A,FUN_0041ad60,,,unclassified,0.00,unknown,undefined FUN_0041ad60(void),false,,,,
0x0041AD90,4,0x0041AD93,FUN_0041ad90,,,unclassified,0.00,unknown,undefined FUN_0041ad90(void),false,,,,
0x0041ADA0,163,0x0041AE42,FUN_0041ada0,,,unclassified,0.00,unknown,undefined FUN_0041ada0(void),false,,,,
0x0041AE50,5,0x0041AE54,thunk_FUN_0041bdb0,,,unclassified,0.00,unknown,undefined thunk_FUN_0041bdb0(void),true,,,,
0x0041AE60,225,0x0041AF43,FUN_0041ae60,,,unclassified,0.00,unknown,undefined FUN_0041ae60(void),false,,,,
0x0041AF50,618,0x0041B1C4,FUN_0041af50,,,unclassified,0.00,unknown,undefined FUN_0041af50(void),false,,,,
0x0041B1D0,605,0x0041B443,FUN_0041b1d0,,,unclassified,0.00,unknown,undefined FUN_0041b1d0(void),false,,,,
0x0041B450,38,0x0041B47B,FUN_0041b450,,,unclassified,0.00,unknown,undefined FUN_0041b450(void),false,,,,
0x0041B480,356,0x0041B5E3,FUN_0041b480,,,unclassified,0.00,unknown,undefined FUN_0041b480(void),false,,,,
0x0041B5F0,104,0x0041B657,FUN_0041b5f0,,,unclassified,0.00,unknown,undefined FUN_0041b5f0(void),false,,,,
0x0041B660,124,0x0041B6DB,FUN_0041b660,,,unclassified,0.00,unknown,undefined FUN_0041b660(void),false,,,,
0x0041B6E0,53,0x0041B718,FUN_0041b6e0,,,unclassified,0.00,unknown,undefined FUN_0041b6e0(void),false,,,,
0x0041B720,33,0x0041B740,FUN_0041b720,,,unclassified,0.00,unknown,undefined FUN_0041b720(void),false,,,,
0x0041B750,162,0x0041B7F1,FUN_0041b750,,,unclassified,0.00,unknown,undefined FUN_0041b750(void),false,,,,
0x0041B800,58,0x0041B839,FUN_0041b800,,,unclassified,0.00,unknown,undefined FUN_0041b800(void),false,,,,
0x0041B840,230,0x0041B925,FUN_0041b840,,,unclassified,0.00,unknown,undefined FUN_0041b840(void),false,,,,
0x0041B930,117,0x0041B9A4,FUN_0041b930,,,unclassified,0.00,unknown,undefined FUN_0041b930(void),false,,,,
0x0041B9B0,177,0x0041BA60,FUN_0041b9b0,,,unclassified,0.00,unknown,undefined FUN_0041b9b0(void),false,,,,
0x0041BA70,109,0x0041BADC,FUN_0041ba70,,,unclassified,0.00,unknown,undefined FUN_0041ba70(void),false,,,,
0x0041BAE0,46,0x0041BB0D,FUN_0041bae0,,,unclassified,0.00,unknown,undefined FUN_0041bae0(void),false,,,,
0x0041BB10,76,0x0041BB6D,FUN_0041bb10,,,unclassified,0.00,unknown,undefined FUN_0041bb10(void),false,,,,
0x0041BB70,576,0x0041BDAF,FUN_0041bb70,,,unclassified,0.00,unknown,undefined FUN_0041bb70(void),false,,,,
0x0041BDB0,40,0x0041BDD7,FUN_0041bdb0,,,unclassified,0.00,unknown,undefined FUN_0041bdb0(void),false,,,,
0x0041BDF0,732,0x0041C11B,FUN_0041bdf0,,,unclassified,0.00,unknown,undefined FUN_0041bdf0(void),false,,,,
0x0041BFF5,23,0x0041C00B,Catch_All@0041bff5,,,unclassified,0.00,unknown,undefined Catch_All@0041bff5(void),false,,,,
0x0041C09D,36,0x0041C0C0,Catch_All@0041c09d,,,unclassified,0.00,unknown,undefined Catch_All@0041c09d(void),false,,,,
0x0041C120,194,0x0041C1E6,FUN_0041c120,,,unclassified,0.00,unknown,undefined FUN_0041c120(void),false,,,,
0x0041C1F0,76,0x0041C23B,FUN_0041c1f0,,,unclassified,0.00,unknown,undefined FUN_0041c1f0(void),false,,,,
0x0041C240,80,0x0041C28F,FUN_0041c240,,,unclassified,0.00,unknown,undefined FUN_0041c240(void),false,,,,
0x0041C290,119,0x0041C306,FUN_0041c290,,,unclassified,0.00,unknown,undefined FUN_0041c290(void),false,,,,
0x0041C307,9,0x0041C30F,Catch_All@0041c307,,,unclassified,0.00,unknown,undefined Catch_All@0041c307(void),false,,,,
0x0041C320,721,0x0041C5F6,FUN_0041c320,,,unclassified,0.00,unknown,undefined FUN_0041c320(void),false,,,,
0x0041C640,55,0x0041C676,FUN_0041c640,,,unclassified,0.00,unknown,undefined FUN_0041c640(void),false,,,,
0x0041C680,119,0x0041C6F6,FUN_0041c680,,,unclassified,0.00,unknown,undefined FUN_0041c680(void),false,,,,
0x0041C700,99,0x0041C762,FUN_0041c700,,,unclassified,0.00,unknown,undefined FUN_0041c700(void),false,,,,
0x0041C770,28,0x0041C78B,FUN_0041c770,,,unclassified,0.00,unknown,undefined FUN_0041c770(void),false,,,,
0x0041C790,97,0x0041C7F0,FUN_0041c790,,,unclassified,0.00,unknown,undefined FUN_0041c790(void),false,,,,
0x0041C800,82,0x0041C851,FUN_0041c800,,,unclassified,0.00,unknown,undefined FUN_0041c800(void),false,,,,
0x0041C860,39,0x0041C886,FUN_0041c860,,,unclassified,0.00,unknown,undefined FUN_0041c860(void),false,,,,
0x0041C890,38,0x0041C8B5,FUN_0041c890,,,unclassified,0.00,unknown,undefined FUN_0041c890(void),false,,,,
0x0041C8C0,81,0x0041C910,FUN_0041c8c0,,,unclassified,0.00,unknown,undefined FUN_0041c8c0(void),false,,,,
0x0041C920,81,0x0041C970,FUN_0041c920,,,unclassified,0.00,unknown,undefined FUN_0041c920(void),false,,,,
0x0041C980,76,0x0041C9CB,FUN_0041c980,,,unclassified,0.00,unknown,undefined FUN_0041c980(void),false,,,,
0x0041C9D0,133,0x0041CA79,FUN_0041c9d0,,,unclassified,0.00,unknown,undefined FUN_0041c9d0(void),false,,,,
0x0041CA43,37,0x0041CA67,Catch_All@0041ca43,,,unclassified,0.00,unknown,undefined Catch_All@0041ca43(void),false,,,,
0x0041CA80,54,0x0041CAB8,FUN_0041ca80,,,unclassified,0.00,unknown,undefined FUN_0041ca80(void),false,,,,
0x0041CAC0,273,0x0041CBF8,FUN_0041cac0,,,unclassified,0.00,unknown,undefined FUN_0041cac0(void),false,,,,
0x0041CBA4,37,0x0041CBC8,Catch_All@0041cba4,,,unclassified,0.00,unknown,undefined Catch_All@0041cba4(void),false,,,,
0x0041CC00,132,0x0041CC83,FUN_0041cc00,,,unclassified,0.00,unknown,undefined FUN_0041cc00(void),false,,,,
0x0041CCA0,1329,0x0041D1D0,FUN_0041cca0,,,unclassified,0.00,unknown,undefined FUN_0041cca0(void),false,,,,
0x0041D210,28,0x0041D22E,FUN_0041d210,,,unclassified,0.00,unknown,undefined FUN_0041d210(void),false,,,,
0x0041D230,7,0x0041D236,FUN_0041d230,,,unclassified,0.00,unknown,undefined FUN_0041d230(void),false,,,,
0x0041D240,148,0x0041D2D3,FUN_0041d240,,,unclassified,0.00,unknown,undefined FUN_0041d240(void),false,,,,
0x0041D340,47,0x0041D36E,FUN_0041d340,,,unclassified,0.00,unknown,undefined FUN_0041d340(void),false,,,,
0x0041D370,84,0x0041D3C3,FUN_0041d370,,,unclassified,0.00,unknown,undefined FUN_0041d370(void),false,,,,
0x0041D3D0,7,0x0041D3D6,FUN_0041d3d0,,,unclassified,0.00,unknown,undefined FUN_0041d3d0(void),false,,,,
0x0041D3E0,3,0x0041D3E2,FUN_0041d3e0,,,unclassified,0.00,unknown,undefined FUN_0041d3e0(void),false,,,,
0x0041D3F0,28,0x0041D40E,FUN_0041d3f0,,,unclassified,0.00,unknown,undefined FUN_0041d3f0(void),false,,,,
0x0041D410,9,0x0041D418,FUN_0041d410,,,unclassified,0.00,unknown,undefined FUN_0041d410(void),false,,,,
0x0041D420,87,0x0041D476,FUN_0041d420,,,unclassified,0.00,unknown,undefined FUN_0041d420(void),false,,,,
0x0041D480,20,0x0041D493,FUN_0041d480,,,unclassified,0.00,unknown,undefined FUN_0041d480(void),false,,,,
0x0041D4A0,72,0x0041D4E7,FUN_0041d4a0,,,unclassified,0.00,unknown,undefined FUN_0041d4a0(void),false,,,,
0x0041D4F0,43,0x0041D51A,FUN_0041d4f0,,,unclassified,0.00,unknown,undefined FUN_0041d4f0(void),false,,,,
0x0041D520,162,0x0041D5C1,FUN_0041d520,,,unclassified,0.00,unknown,undefined FUN_0041d520(void),false,,,,
0x0041D5D0,25,0x0041D5E8,FUN_0041d5d0,,,unclassified,0.00,unknown,undefined FUN_0041d5d0(void),false,,,,
0x0041D5F0,5,0x0041D5F4,thunk_FUN_0043a050,,,unclassified,0.00,unknown,undefined thunk_FUN_0043a050(void),true,,,,
0x0041D600,5,0x0041D604,thunk_FUN_004396f0,,,unclassified,0.00,unknown,undefined thunk_FUN_004396f0(void),true,,,,
0x0041D610,18,0x0041D621,FUN_0041d610,,,unclassified,0.00,unknown,undefined FUN_0041d610(void),false,,,,
0x0041D630,18,0x0041D641,FUN_0041d630,,,unclassified,0.00,unknown,undefined FUN_0041d630(void),false,,,,
0x0041D650,18,0x0041D661,FUN_0041d650,,,unclassified,0.00,unknown,undefined FUN_0041d650(void),false,,,,
0x0041D670,18,0x0041D681,FUN_0041d670,,,unclassified,0.00,unknown,undefined FUN_0041d670(void),false,,,,
0x0041D690,18,0x0041D6A1,FUN_0041d690,,,unclassified,0.00,unknown,undefined FUN_0041d690(void),false,,,,
0x0041D6B0,18,0x0041D6C1,FUN_0041d6b0,,,unclassified,0.00,unknown,undefined FUN_0041d6b0(void),false,,,,
0x0041D6D0,18,0x0041D6E1,FUN_0041d6d0,,,unclassified,0.00,unknown,undefined FUN_0041d6d0(void),false,,,,
0x0041D6F0,11,0x0041D6FA,FUN_0041d6f0,,,unclassified,0.00,unknown,undefined FUN_0041d6f0(void),false,,,,
0x0041D700,30,0x0041D71D,FUN_0041d700,,,unclassified,0.00,unknown,undefined FUN_0041d700(void),false,,,,
0x0041D720,30,0x0041D73D,FUN_0041d720,,,unclassified,0.00,unknown,undefined FUN_0041d720(void),false,,,,
0x0041D740,142,0x0041D7CD,FUN_0041d740,,,unclassified,0.00,unknown,undefined FUN_0041d740(void),false,,,,
0x0041D7D0,980,0x0041DBA3,FUN_0041d7d0,,,unclassified,0.00,unknown,undefined FUN_0041d7d0(void),false,,,,
0x0041DC00,27,0x0041DC1D,FUN_0041dc00,,,unclassified,0.00,unknown,undefined FUN_0041dc00(void),false,,,,
0x0041DC20,27,0x0041DC3D,FUN_0041dc20,,,unclassified,0.00,unknown,undefined FUN_0041dc20(void),false,,,,
0x0041DC40,27,0x0041DC5D,FUN_0041dc40,,,unclassified,0.00,unknown,undefined FUN_0041dc40(void),false,,,,
0x0041DC60,40,0x0041DC87,FUN_0041dc60,,,unclassified,0.00,unknown,undefined FUN_0041dc60(void),false,,,,
0x0041DC90,8,0x0041DC97,FUN_0041dc90,,,unclassified,0.00,unknown,undefined FUN_0041dc90(void),false,,,,
0x0041DCA0,352,0x0041DDFF,FUN_0041dca0,,,unclassified,0.00,unknown,undefined FUN_0041dca0(void),false,,,,
0x0041DE00,132,0x0041DE83,FUN_0041de00,,,unclassified,0.00,unknown,undefined FUN_0041de00(void),false,,,,
0x0041DE90,78,0x0041DEDD,FUN_0041de90,,,unclassified,0.00,unknown,undefined FUN_0041de90(void),false,,,,
0x0041DEE0,28,0x0041DEFB,FUN_0041dee0,,,unclassified,0.00,unknown,undefined FUN_0041dee0(void),false,,,,
0x0041DF00,27,0x0041DF1A,FUN_0041df00,,,unclassified,0.00,unknown,undefined FUN_0041df00(void),false,,,,
0x0041DF20,82,0x0041DF71,FUN_0041df20,,,unclassified,0.00,unknown,undefined FUN_0041df20(void),false,,,,
0x0041DF80,99,0x0041DFE2,FUN_0041df80,,,unclassified,0.00,unknown,undefined FUN_0041df80(void),false,,,,
0x0041DFF0,29,0x0041E00C,FUN_0041dff0,,,unclassified,0.00,unknown,undefined FUN_0041dff0(void),false,,,,
0x0041E010,57,0x0041E048,FUN_0041e010,,,unclassified,0.00,unknown,undefined FUN_0041e010(void),false,,,,
0x0041E050,55,0x0041E086,FUN_0041e050,,,unclassified,0.00,unknown,undefined FUN_0041e050(void),false,,,,
0x0041E090,42,0x0041E0C4,FUN_0041e090,,,unclassified,0.00,unknown,undefined FUN_0041e090(void),false,,,,
0x0041E0D0,223,0x0041E1AE,FUN_0041e0d0,,,unclassified,0.00,unknown,undefined FUN_0041e0d0(void),false,,,,
0x0041E1B0,640,0x0041E42F,FUN_0041e1b0,,,unclassified,0.00,unknown,undefined FUN_0041e1b0(void),false,,,,
0x0041E470,200,0x0041E538,FUN_0041e470,,,unclassified,0.00,unknown,undefined FUN_0041e470(void),false,,,,
0x0041E540,51,0x0041E57D,FUN_0041e540,,,unclassified,0.00,unknown,undefined FUN_0041e540(void),false,,,,
0x0041E580,17,0x0041E590,FUN_0041e580,,,unclassified,0.00,unknown,undefined FUN_0041e580(void),false,,,,
0x0041E5A0,196,0x0041E663,FUN_0041e5a0,,,unclassified,0.00,unknown,undefined FUN_0041e5a0(void),false,,,,
0x0041E670,124,0x0041E6EE,FUN_0041e670,,,unclassified,0.00,unknown,undefined FUN_0041e670(void),false,,,,
0x0041E770,101,0x0041E7D4,FUN_0041e770,,,unclassified,0.00,unknown,undefined FUN_0041e770(void),false,,,,
0x0041E7E0,106,0x0041E849,FUN_0041e7e0,,,unclassified,0.00,unknown,undefined FUN_0041e7e0(void),false,,,,
0x0041E850,27,0x0041E86D,FUN_0041e850,,,unclassified,0.00,unknown,undefined FUN_0041e850(void),false,,,,
0x0041E870,23,0x0041E886,FUN_0041e870,,,unclassified,0.00,unknown,undefined FUN_0041e870(void),false,,,,
0x0041E890,217,0x0041E968,FUN_0041e890,,,unclassified,0.00,unknown,undefined FUN_0041e890(void),false,,,,
0x0041E970,177,0x0041EA20,FUN_0041e970,,,unclassified,0.00,unknown,undefined FUN_0041e970(void),false,,,,
0x0041EA30,109,0x0041EA9C,FUN_0041ea30,,,unclassified,0.00,unknown,undefined FUN_0041ea30(void),false,,,,
0x0041EAA0,7,0x0041EAA6,FUN_0041eaa0,,,unclassified,0.00,unknown,undefined FUN_0041eaa0(void),false,,,,
0x0041EAB0,45,0x0041EADC,FUN_0041eab0,,,unclassified,0.00,unknown,undefined FUN_0041eab0(void),false,,,,
0x0041EAE0,62,0x0041EB1D,FUN_0041eae0,,,unclassified,0.00,unknown,undefined FUN_0041eae0(void),false,,,,
0x0041EB30,28,0x0041EB4E,FUN_0041eb30,,,unclassified,0.00,unknown,undefined FUN_0041eb30(void),false,,,,
0x0041EB50,105,0x0041EBB8,FUN_0041eb50,,,unclassified,0.00,unknown,undefined FUN_0041eb50(void),false,,,,
0x0041EBC0,166,0x0041EC65,FUN_0041ebc0,,,unclassified,0.00,unknown,undefined FUN_0041ebc0(void),false,,,,
0x0041EC70,27,0x0041EC8D,FUN_0041ec70,,,unclassified,0.00,unknown,undefined FUN_0041ec70(void),false,,,,
0x0041EC90,52,0x0041ECC3,FUN_0041ec90,,,unclassified,0.00,unknown,undefined FUN_0041ec90(void),false,,,,
0x0041ECD0,53,0x0041ED04,FUN_0041ecd0,,,unclassified,0.00,unknown,undefined FUN_0041ecd0(void),false,,,,
0x0041ED10,101,0x0041ED74,FUN_0041ed10,,,unclassified,0.00,unknown,undefined FUN_0041ed10(void),false,,,,
0x0041ED80,130,0x0041EE01,FUN_0041ed80,,,unclassified,0.00,unknown,undefined FUN_0041ed80(void),false,,,,
0x0041EE10,27,0x0041EE2D,FUN_0041ee10,,,unclassified,0.00,unknown,undefined FUN_0041ee10(void),false,,,,
0x0041EE30,117,0x0041EEA4,FUN_0041ee30,,,unclassified,0.00,unknown,undefined FUN_0041ee30(void),false,,,,
0x0041EEB0,7,0x0041EEB6,FUN_0041eeb0,,,unclassified,0.00,unknown,undefined FUN_0041eeb0(void),false,,,,
0x0041EEC0,28,0x0041EEDE,FUN_0041eec0,,,unclassified,0.00,unknown,undefined FUN_0041eec0(void),false,,,,
0x0041EEE0,154,0x0041EF79,FUN_0041eee0,,,unclassified,0.00,unknown,undefined FUN_0041eee0(void),false,,,,
0x0041EF80,258,0x0041F081,FUN_0041ef80,,,unclassified,0.00,unknown,undefined FUN_0041ef80(void),false,,,,
0x0041F090,613,0x0041F2FA,FUN_0041f090,,,unclassified,0.00,unknown,undefined FUN_0041f090(void),false,,,,
0x0041F300,1489,0x0041F8D8,FUN_0041f300,,,unclassified,0.00,unknown,undefined FUN_0041f300(void),false,,,,
0x0041F8E0,27,0x0041F8FA,FUN_0041f8e0,,,unclassified,0.00,unknown,undefined FUN_0041f8e0(void),false,,,,
0x0041F900,63,0x0041F93E,FUN_0041f900,,,unclassified,0.00,unknown,undefined FUN_0041f900(void),false,,,,
0x0041FD00,42,0x0041FD34,FUN_0041fd00,,,unclassified,0.00,unknown,undefined FUN_0041fd00(void),false,,,,
0x0041FD40,1231,0x0041FE94,FUN_0041fd40,,,unclassified,0.00,unknown,undefined FUN_0041fd40(void),false,,,,
0x0041FEA0,26,0x0041FEB9,create_collision_list_sentinel,create_collision_list_sentinel,battle,matching,100.00,__cdecl,void * create_collision_list_sentinel(void),false,src/battle/CollisionList.cpp,scripts/compile-unit.sh src/battle/CollisionList.cpp build/wave3/CollisionList.obj && python3 scripts/compare-function.py 0x0041FEA0 build/wave3/CollisionList.obj,root,Exact 26-byte match after resolving the external operator_new CALL relocation
0x0041FEC0,49,0x0041FEFB,FUN_0041fec0,,,unclassified,0.00,unknown,undefined FUN_0041fec0(void),false,,,,
0x0041FF10,5,0x0041FF14,thunk_FUN_00438560,,,unclassified,0.00,unknown,undefined thunk_FUN_00438560(void),true,,,,
0x0041FF20,5,0x0041FF24,FUN_0041ff20,,,unclassified,0.00,unknown,undefined FUN_0041ff20(void),false,,,,
0x0041FF30,19,0x0041FF42,FUN_0041ff30,,,unclassified,0.00,unknown,undefined FUN_0041ff30(void),false,,,,
0x0041FF50,37,0x0041FF77,FUN_0041ff50,,,unclassified,0.00,unknown,undefined FUN_0041ff50(void),false,,,,
0x0041FF80,178,0x0042003B,FUN_0041ff80,,,unclassified,0.00,unknown,undefined FUN_0041ff80(void),false,,,,
0x00420090,27,0x004200AD,FUN_00420090,,,unclassified,0.00,unknown,undefined FUN_00420090(void),false,,,,
0x004200B0,640,0x0042032F,FUN_004200b0,,,unclassified,0.00,unknown,undefined FUN_004200b0(void),false,,,,
0x00420370,200,0x00420438,FUN_00420370,,,unclassified,0.00,unknown,undefined FUN_00420370(void),false,,,,
0x00420440,783,0x0042074E,FUN_00420440,,,unclassified,0.00,unknown,undefined FUN_00420440(void),false,,,,
0x00420750,697,0x00420A08,FUN_00420750,,,unclassified,0.00,unknown,undefined FUN_00420750(void),false,,,,
0x00420A10,130,0x00420A91,FUN_00420a10,,,unclassified,0.00,unknown,undefined FUN_00420a10(void),false,,,,
0x00420AA0,103,0x00420B06,FUN_00420aa0,,,unclassified,0.00,unknown,undefined FUN_00420aa0(void),false,,,,
0x00420B10,153,0x00420BA8,FUN_00420b10,,,unclassified,0.00,unknown,undefined FUN_00420b10(void),false,,,,
0x00420BB0,85,0x00420C04,FUN_00420bb0,,,unclassified,0.00,unknown,undefined FUN_00420bb0(void),false,,,,
0x00420C50,27,0x00420C6D,FUN_00420c50,,,unclassified,0.00,unknown,undefined FUN_00420c50(void),false,,,,
0x00420C70,100,0x00420CD3,FUN_00420c70,,,unclassified,0.00,unknown,undefined FUN_00420c70(void),false,,,,
0x00420CE0,169,0x00420D88,FUN_00420ce0,,,unclassified,0.00,unknown,undefined FUN_00420ce0(void),false,,,,
0x00420D90,20,0x00420DA4,FUN_00420d90,,,unclassified,0.00,unknown,undefined FUN_00420d90(void),false,,,,
0x00420DB0,41,0x00420DDE,FUN_00420db0,,,unclassified,0.00,unknown,undefined FUN_00420db0(void),false,,,,
0x00420E20,33,0x00420E40,FUN_00420e20,,,unclassified,0.00,unknown,undefined FUN_00420e20(void),false,,,,
0x00420E50,91,0x00420EAA,FUN_00420e50,,,unclassified,0.00,unknown,undefined FUN_00420e50(void),false,,,,
0x00420EB0,40,0x00420ED7,FUN_00420eb0,,,unclassified,0.00,unknown,undefined FUN_00420eb0(void),false,,,,
0x00420EE0,96,0x00420F3F,FUN_00420ee0,,,unclassified,0.00,unknown,undefined FUN_00420ee0(void),false,,,,
0x00420F50,105,0x00420FB8,FUN_00420f50,,,unclassified,0.00,unknown,undefined FUN_00420f50(void),false,,,,
0x00420FC0,105,0x00421028,FUN_00420fc0,,,unclassified,0.00,unknown,undefined FUN_00420fc0(void),false,,,,
0x00421040,8,0x00421047,FUN_00421040,,,unclassified,0.00,unknown,undefined FUN_00421040(void),false,,,,
0x00421050,38,0x00421075,FUN_00421050,,,unclassified,0.00,unknown,undefined FUN_00421050(void),false,,,,
0x00421080,94,0x004210DD,FUN_00421080,,,unclassified,0.00,unknown,undefined FUN_00421080(void),false,,,,
0x004210E0,102,0x00421145,FUN_004210e0,,,unclassified,0.00,unknown,undefined FUN_004210e0(void),false,,,,
0x00421150,99,0x004211B2,FUN_00421150,,,unclassified,0.00,unknown,undefined FUN_00421150(void),false,,,,
0x004211C0,115,0x00421232,FUN_004211c0,,,unclassified,0.00,unknown,undefined FUN_004211c0(void),false,,,,
0x00421240,57,0x00421288,FUN_00421240,,,unclassified,0.00,unknown,undefined FUN_00421240(void),false,,,,
0x00421290,115,0x00421302,FUN_00421290,,,unclassified,0.00,unknown,undefined FUN_00421290(void),false,,,,
0x00421310,79,0x0042135E,FUN_00421310,,,unclassified,0.00,unknown,undefined FUN_00421310(void),false,,,,
0x00421360,41,0x00421388,FUN_00421360,,,unclassified,0.00,unknown,undefined FUN_00421360(void),false,,,,
0x00421390,43,0x004213BA,FUN_00421390,,,unclassified,0.00,unknown,undefined FUN_00421390(void),false,,,,
0x004213C0,38,0x004213E5,FUN_004213c0,,,unclassified,0.00,unknown,undefined FUN_004213c0(void),false,,,,
0x004213F0,105,0x00421458,FUN_004213f0,,,unclassified,0.00,unknown,undefined FUN_004213f0(void),false,,,,
0x00421460,42,0x00421489,FUN_00421460,,,unclassified,0.00,unknown,undefined FUN_00421460(void),false,,,,
0x00421490,60,0x004214CB,FUN_00421490,,,unclassified,0.00,unknown,undefined FUN_00421490(void),false,,,,
0x004214D0,59,0x0042150A,FUN_004214d0,,,unclassified,0.00,unknown,undefined FUN_004214d0(void),false,,,,
0x00421510,5,0x00421514,thunk_FUN_00433c40,,,unclassified,0.00,unknown,undefined thunk_FUN_00433c40(void),true,,,,
0x00421520,126,0x0042159D,FUN_00421520,,,unclassified,0.00,unknown,undefined FUN_00421520(void),false,,,,
0x004215A0,69,0x004215E8,FUN_004215a0,,,unclassified,0.00,unknown,undefined FUN_004215a0(void),false,,,,
0x004215F0,41,0x00421618,FUN_004215f0,,,unclassified,0.00,unknown,undefined FUN_004215f0(void),false,,,,
0x00421620,5,0x00421624,FUN_00421620,,,unclassified,0.00,unknown,undefined FUN_00421620(void),false,,,,
0x00421630,795,0x0042199F,FUN_00421630,,,unclassified,0.00,unknown,undefined FUN_00421630(void),false,,,,
0x00421864,22,0x00421879,Catch_All@00421864,,,unclassified,0.00,unknown,undefined Catch_All@00421864(void),false,,,,
0x00421917,45,0x00421943,Catch_All@00421917,,,unclassified,0.00,unknown,undefined Catch_All@00421917(void),false,,,,
0x004219A0,135,0x00421A26,FUN_004219a0,,,unclassified,0.00,unknown,undefined FUN_004219a0(void),false,,,,
0x00421A30,27,0x00421A4D,FUN_00421a30,,,unclassified,0.00,unknown,undefined FUN_00421a30(void),false,,,,
0x00421A50,81,0x00421AA0,FUN_00421a50,,,unclassified,0.00,unknown,undefined FUN_00421a50(void),false,,,,
0x00421AB0,185,0x00421B68,FUN_00421ab0,,,unclassified,0.00,unknown,undefined FUN_00421ab0(void),false,,,,
0x00421B69,17,0x00421B79,Catch_All@00421b69,,,unclassified,0.00,unknown,undefined Catch_All@00421b69(void),false,,,,
0x00421B80,253,0x00421C7F,FUN_00421b80,,,unclassified,0.00,unknown,undefined FUN_00421b80(void),false,,,,
0x00421C80,131,0x00421D02,FUN_00421c80,,,unclassified,0.00,unknown,undefined FUN_00421c80(void),false,,,,
0x00421D10,434,0x00421EC1,FUN_00421d10,,,unclassified,0.00,unknown,undefined FUN_00421d10(void),false,,,,
0x00421ED0,75,0x00421F1A,FUN_00421ed0,,,unclassified,0.00,unknown,undefined FUN_00421ed0(void),false,,,,
0x00421F20,117,0x00421F94,FUN_00421f20,,,unclassified,0.00,unknown,undefined FUN_00421f20(void),false,,,,
0x00421FA0,27,0x00421FBA,FUN_00421fa0,,,unclassified,0.00,unknown,undefined FUN_00421fa0(void),false,,,,
0x00421FC0,94,0x0042201D,FUN_00421fc0,,,unclassified,0.00,unknown,undefined FUN_00421fc0(void),false,,,,
0x00422020,172,0x004220CB,FUN_00422020,,,unclassified,0.00,unknown,undefined FUN_00422020(void),false,,,,
0x004220D0,115,0x00422142,FUN_004220d0,,,unclassified,0.00,unknown,undefined FUN_004220d0(void),false,,,,
0x00422150,117,0x004221C4,FUN_00422150,,,unclassified,0.00,unknown,undefined FUN_00422150(void),false,,,,
0x004221D0,27,0x004221ED,FUN_004221d0,,,unclassified,0.00,unknown,undefined FUN_004221d0(void),false,,,,
0x004221F0,108,0x0042225B,FUN_004221f0,,,unclassified,0.00,unknown,undefined FUN_004221f0(void),false,,,,
0x004222C0,4238,0x00423356,FUN_004222c0,,,unclassified,0.00,unknown,undefined FUN_004222c0(void),false,,,,
0x00423360,27,0x0042337D,FUN_00423360,,,unclassified,0.00,unknown,undefined FUN_00423360(void),false,,,,
0x00423380,826,0x004236CC,FUN_00423380,,,unclassified,0.00,unknown,undefined FUN_00423380(void),false,,,,
0x004236D0,30,0x004236ED,FUN_004236d0,,,unclassified,0.00,unknown,undefined FUN_004236d0(void),false,,,,
0x004236F0,186,0x004237A9,FUN_004236f0,,,unclassified,0.00,unknown,undefined FUN_004236f0(void),false,,,,
0x004237B0,247,0x004238A6,FUN_004237b0,,,unclassified,0.00,unknown,undefined FUN_004237b0(void),false,,,,
0x004238B0,271,0x004239BE,FUN_004238b0,,,unclassified,0.00,unknown,undefined FUN_004238b0(void),false,,,,
0x004239C0,414,0x00423B5D,FUN_004239c0,,,unclassified,0.00,unknown,undefined FUN_004239c0(void),false,,,,
0x00423B60,756,0x00423E53,FUN_00423b60,,,unclassified,0.00,unknown,undefined FUN_00423b60(void),false,,,,
0x00423E60,37,0x00423E84,FUN_00423e60,,,unclassified,0.00,unknown,undefined FUN_00423e60(void),false,,,,
0x00423E90,37,0x00423EB4,FUN_00423e90,,,unclassified,0.00,unknown,undefined FUN_00423e90(void),false,,,,
0x00423EC0,53,0x00423EF4,FUN_00423ec0,,,unclassified,0.00,unknown,undefined FUN_00423ec0(void),false,,,,
0x00423F00,51,0x00423F32,FUN_00423f00,,,unclassified,0.00,unknown,undefined FUN_00423f00(void),false,,,,
0x00423F40,99,0x00423FA2,FUN_00423f40,,,unclassified,0.00,unknown,undefined FUN_00423f40(void),false,,,,
0x00423FB0,41,0x00423FD8,FUN_00423fb0,,,unclassified,0.00,unknown,undefined FUN_00423fb0(void),false,,,,
0x00423FE0,568,0x0042422F,FUN_00423fe0,,,unclassified,0.00,unknown,undefined FUN_00423fe0(void),false,,,,
0x00424154,9,0x0042415C,Catch_All@00424154,,,unclassified,0.00,unknown,undefined Catch_All@00424154(void),false,,,,
0x00424230,137,0x004242B8,FUN_00424230,,,unclassified,0.00,unknown,undefined FUN_00424230(void),false,,,,
0x004242C0,130,0x00424341,FUN_004242c0,,,unclassified,0.00,unknown,undefined FUN_004242c0(void),false,,,,
0x00424350,271,0x00424464,FUN_00424350,,,unclassified,0.00,unknown,undefined FUN_00424350(void),false,,,,
0x00424470,862,0x004247CD,FUN_00424470,,,unclassified,0.00,unknown,undefined FUN_00424470(void),false,,,,
0x004247D0,27,0x004247ED,FUN_004247d0,,,unclassified,0.00,unknown,undefined FUN_004247d0(void),false,,,,
0x004247F0,68,0x00424833,FUN_004247f0,,,unclassified,0.00,unknown,undefined FUN_004247f0(void),false,,,,
0x00424840,20,0x00424853,FUN_00424840,,,unclassified,0.00,unknown,undefined FUN_00424840(void),false,,,,
0x00424860,417,0x00424A00,FUN_00424860,main_menu_render,ui,identified,0.00,unknown,undefined FUN_00424860(void),false,,docs/EVIDENCE.md main menu vtable and runtime,,
0x00424A10,137,0x00424AA2,FUN_00424a10,,,unclassified,0.00,unknown,undefined FUN_00424a10(void),false,,,,
0x00424AB0,862,0x00424E0D,FUN_00424ab0,main_menu_update,ui,identified,0.00,unknown,undefined FUN_00424ab0(void),false,,docs/EVIDENCE.md main menu vtable and runtime,,
0x00424E60,161,0x00424F00,FUN_00424e60,,,unclassified,0.00,unknown,undefined FUN_00424e60(void),false,,,,
0x00424F10,577,0x00425150,FUN_00424f10,,,unclassified,0.00,unknown,undefined FUN_00424f10(void),false,,,,
0x00425180,27,0x0042519D,FUN_00425180,,,unclassified,0.00,unknown,undefined FUN_00425180(void),false,,,,
0x004251A0,10,0x004251A9,FUN_004251a0,,,unclassified,0.00,unknown,undefined FUN_004251a0(void),false,,,,
0x004251B0,193,0x00425270,FUN_004251b0,,,unclassified,0.00,unknown,undefined FUN_004251b0(void),false,,,,
0x00425280,22,0x00425295,FUN_00425280,,,unclassified,0.00,unknown,undefined FUN_00425280(void),false,,,,
0x004252A0,247,0x00425396,FUN_004252a0,,,unclassified,0.00,unknown,undefined FUN_004252a0(void),false,,,,
0x004253A0,26,0x004253B9,FUN_004253a0,,,unclassified,0.00,unknown,undefined FUN_004253a0(void),false,,,,
0x004253C0,205,0x0042548C,FUN_004253c0,,,unclassified,0.00,unknown,undefined FUN_004253c0(void),false,,,,
0x00425490,217,0x00425568,FUN_00425490,,,unclassified,0.00,unknown,undefined FUN_00425490(void),false,,,,
0x00425570,267,0x0042567A,FUN_00425570,,,unclassified,0.00,unknown,undefined FUN_00425570(void),false,,,,
0x00425680,26,0x00425699,FUN_00425680,,,unclassified,0.00,unknown,undefined FUN_00425680(void),false,,,,
0x004256A0,313,0x004257D8,FUN_004256a0,,,unclassified,0.00,unknown,undefined FUN_004256a0(void),false,,,,
0x004257E0,171,0x0042588A,FUN_004257e0,,,unclassified,0.00,unknown,undefined FUN_004257e0(void),false,,,,
0x00425890,230,0x00425975,FUN_00425890,,,unclassified,0.00,unknown,undefined FUN_00425890(void),false,,,,
0x00425980,21,0x00425994,FUN_00425980,,,unclassified,0.00,unknown,undefined FUN_00425980(void),false,,,,
0x004259A0,98,0x00425A01,FUN_004259a0,,,unclassified,0.00,unknown,undefined FUN_004259a0(void),false,,,,
0x00425A10,209,0x00425AE0,FUN_00425a10,,,unclassified,0.00,unknown,undefined FUN_00425a10(void),false,,,,
0x00425AF0,217,0x00425BC8,FUN_00425af0,,,unclassified,0.00,unknown,undefined FUN_00425af0(void),false,,,,
0x00425BD0,165,0x00425C74,FUN_00425bd0,,,unclassified,0.00,unknown,undefined FUN_00425bd0(void),false,,,,
0x00425C80,27,0x00425C9D,FUN_00425c80,,,unclassified,0.00,unknown,undefined FUN_00425c80(void),false,,,,
0x00425CB0,31,0x00425CCE,FUN_00425cb0,,,unclassified,0.00,unknown,undefined FUN_00425cb0(void),false,,,,
0x00425CD0,561,0x00425F00,FUN_00425cd0,,,unclassified,0.00,unknown,undefined FUN_00425cd0(void),false,,,,
0x00425F10,948,0x004262C3,FUN_00425f10,,,unclassified,0.00,unknown,undefined FUN_00425f10(void),false,,,,
0x004262D0,70,0x00426315,FUN_004262d0,,,unclassified,0.00,unknown,undefined FUN_004262d0(void),false,,,,
0x00426320,128,0x0042639F,FUN_00426320,,,unclassified,0.00,unknown,undefined FUN_00426320(void),false,,,,
0x004263A0,10,0x004263A9,FUN_004263a0,,,unclassified,0.00,unknown,undefined FUN_004263a0(void),false,,,,
0x004263B0,17,0x004263C0,FUN_004263b0,,,unclassified,0.00,unknown,undefined FUN_004263b0(void),false,,,,
0x004263D0,17,0x004263E0,FUN_004263d0,,,unclassified,0.00,unknown,undefined FUN_004263d0(void),false,,,,
0x004263F0,17,0x00426400,FUN_004263f0,,,unclassified,0.00,unknown,undefined FUN_004263f0(void),false,,,,
0x00426410,33,0x00426430,FUN_00426410,,,unclassified,0.00,unknown,undefined FUN_00426410(void),false,,,,
0x00426440,106,0x004264A9,FUN_00426440,,,unclassified,0.00,unknown,undefined FUN_00426440(void),false,,,,
0x004264B0,877,0x0042681C,FUN_004264b0,,,unclassified,0.00,unknown,undefined FUN_004264b0(void),false,,,,
0x00426820,248,0x00426917,FUN_00426820,,,unclassified,0.00,unknown,undefined FUN_00426820(void),false,,,,
0x00426920,950,0x00426CD8,FUN_00426920,,,unclassified,0.00,unknown,undefined FUN_00426920(void),false,,,,
0x00426CE0,15,0x00426CEE,FUN_00426ce0,,,unclassified,0.00,unknown,undefined FUN_00426ce0(void),false,,,,
0x00426CF0,108,0x00426D5B,FUN_00426cf0,,,unclassified,0.00,unknown,undefined FUN_00426cf0(void),false,,,,
0x00426D60,32,0x00426D7F,FUN_00426d60,,,unclassified,0.00,unknown,undefined FUN_00426d60(void),false,,,,
0x00426D80,325,0x00426EC4,FUN_00426d80,,,unclassified,0.00,unknown,undefined FUN_00426d80(void),false,,,,
0x00426ED0,568,0x00427107,FUN_00426ed0,,,unclassified,0.00,unknown,undefined FUN_00426ed0(void),false,,,,
0x00427120,33,0x00427140,FUN_00427120,,,unclassified,0.00,unknown,undefined FUN_00427120(void),false,,,,
0x00427150,55,0x00427186,FUN_00427150,,,unclassified,0.00,unknown,undefined FUN_00427150(void),false,,,,
0x00427190,474,0x00427371,FUN_00427190,,,unclassified,0.00,unknown,undefined FUN_00427190(void),false,,,,
0x00427380,553,0x004275A8,FUN_00427380,,,unclassified,0.00,unknown,undefined FUN_00427380(void),false,,,,
0x004275C0,31,0x004275DE,FUN_004275c0,,,unclassified,0.00,unknown,undefined FUN_004275c0(void),false,,,,
0x004275E0,60,0x0042761B,FUN_004275e0,,,unclassified,0.00,unknown,undefined FUN_004275e0(void),false,,,,
0x00427620,89,0x00427678,FUN_00427620,,,unclassified,0.00,unknown,undefined FUN_00427620(void),false,,,,
0x00427680,8,0x00427687,FUN_00427680,,,unclassified,0.00,unknown,undefined FUN_00427680(void),false,,,,
0x00427690,73,0x004276D8,FUN_00427690,,,unclassified,0.00,unknown,undefined FUN_00427690(void),false,,,,
0x004276E0,191,0x0042779E,FUN_004276e0,,,unclassified,0.00,unknown,undefined FUN_004276e0(void),false,,,,
0x004277A0,46,0x004277CD,FUN_004277a0,,,unclassified,0.00,unknown,undefined FUN_004277a0(void),false,,,,
0x004277D0,46,0x004277FD,FUN_004277d0,,,unclassified,0.00,unknown,undefined FUN_004277d0(void),false,,,,
0x00427800,52,0x00427833,FUN_00427800,,,unclassified,0.00,unknown,undefined FUN_00427800(void),false,,,,
0x00427840,23,0x00427856,FUN_00427840,,,unclassified,0.00,unknown,undefined FUN_00427840(void),false,,,,
0x00427860,96,0x004278BF,FUN_00427860,,,unclassified,0.00,unknown,undefined FUN_00427860(void),false,,,,
0x004278C0,192,0x0042797F,FUN_004278c0,,,unclassified,0.00,unknown,undefined FUN_004278c0(void),false,,,,
0x00427980,203,0x00427A4A,FUN_00427980,,,unclassified,0.00,unknown,undefined FUN_00427980(void),false,,,,
0x00427A50,100,0x00427AB3,FUN_00427a50,,,unclassified,0.00,unknown,undefined FUN_00427a50(void),false,,,,
0x00427AC0,240,0x00427BAF,FUN_00427ac0,,,unclassified,0.00,unknown,undefined FUN_00427ac0(void),false,,,,
0x00427BD0,100,0x00427C33,FUN_00427bd0,,,unclassified,0.00,unknown,undefined FUN_00427bd0(void),false,,,,
0x00427C40,183,0x00427CF6,FUN_00427c40,,,unclassified,0.00,unknown,undefined FUN_00427c40(void),false,,,,
0x00427D00,187,0x00427DBA,FUN_00427d00,,,unclassified,0.00,unknown,undefined FUN_00427d00(void),false,,,,
0x00427DC0,8,0x00427DC7,FUN_00427dc0,,,unclassified,0.00,unknown,undefined FUN_00427dc0(void),false,,,,
0x00427DD0,526,0x00427FDD,FUN_00427dd0,,,unclassified,0.00,unknown,undefined FUN_00427dd0(void),false,,,,
0x00427FE0,385,0x00428160,FUN_00427fe0,,,unclassified,0.00,unknown,undefined FUN_00427fe0(void),false,,,,
0x00428170,99,0x004281D2,FUN_00428170,,,unclassified,0.00,unknown,undefined FUN_00428170(void),false,,,,
0x004281E0,935,0x00428586,FUN_004281e0,,,unclassified,0.00,unknown,undefined FUN_004281e0(void),false,,,,
0x00428590,115,0x00428602,FUN_00428590,,,unclassified,0.00,unknown,undefined FUN_00428590(void),false,,,,
0x00428610,115,0x00428682,FUN_00428610,,,unclassified,0.00,unknown,undefined FUN_00428610(void),false,,,,
0x00428690,31,0x004286AE,FUN_00428690,,,unclassified,0.00,unknown,undefined FUN_00428690(void),false,,,,
0x004286B0,486,0x00428895,FUN_004286b0,,,unclassified,0.00,unknown,undefined FUN_004286b0(void),false,,,,
0x004288A0,472,0x00428A77,FUN_004288a0,,,unclassified,0.00,unknown,undefined FUN_004288a0(void),false,,,,
0x00428A80,176,0x00428B32,FUN_00428a80,,,unclassified,0.00,unknown,undefined FUN_00428a80(void),false,,,,
0x00428B40,310,0x00428C7B,FUN_00428b40,,,unclassified,0.00,unknown,undefined FUN_00428b40(void),false,,,,
0x00428C80,1320,0x004291AA,FUN_00428c80,,,unclassified,0.00,unknown,undefined FUN_00428c80(void),false,,,,
0x004291B0,159,0x0042924E,FUN_004291b0,,,unclassified,0.00,unknown,undefined FUN_004291b0(void),false,,,,
0x00429250,5,0x00429254,thunk_FUN_00438c20,,,unclassified,0.00,unknown,undefined thunk_FUN_00438c20(void),true,,,,
0x00429260,498,0x00429454,FUN_00429260,,,unclassified,0.00,unknown,undefined FUN_00429260(void),false,,,,
0x00429460,341,0x004295B7,FUN_00429460,,,unclassified,0.00,unknown,undefined FUN_00429460(void),false,,,,
0x004295C0,122,0x00429639,FUN_004295c0,,,unclassified,0.00,unknown,undefined FUN_004295c0(void),false,,,,
0x00429640,35,0x00429662,FUN_00429640,,,unclassified,0.00,unknown,undefined FUN_00429640(void),false,,,,
0x00429670,1284,0x00429B85,FUN_00429670,,,unclassified,0.00,unknown,undefined FUN_00429670(void),false,,,,
0x00429B90,119,0x00429C06,FUN_00429b90,,,unclassified,0.00,unknown,undefined FUN_00429b90(void),false,,,,
0x00429C10,1748,0x0042A329,FUN_00429c10,,,unclassified,0.00,unknown,undefined FUN_00429c10(void),false,,,,
0x00429E88,32,0x00429EA7,Catch_All@00429e88,,,unclassified,0.00,unknown,undefined Catch_All@00429e88(void),false,,,,
0x0042A1CF,38,0x0042A1F4,Catch_All@0042a1cf,,,unclassified,0.00,unknown,undefined Catch_All@0042a1cf(void),false,,,,
0x0042A330,52,0x0042A363,FUN_0042a330,,,unclassified,0.00,unknown,undefined FUN_0042a330(void),false,,,,
0x0042A370,125,0x0042A3EC,FUN_0042a370,,,unclassified,0.00,unknown,undefined FUN_0042a370(void),false,,,,
0x0042A3F0,365,0x0042A55C,FUN_0042a3f0,,,unclassified,0.00,unknown,undefined FUN_0042a3f0(void),false,,,,
0x0042A560,224,0x0042A63F,FUN_0042a560,,,unclassified,0.00,unknown,undefined FUN_0042a560(void),false,,,,
0x0042A640,262,0x0042A745,FUN_0042a640,,,unclassified,0.00,unknown,undefined FUN_0042a640(void),false,,,,
0x0042A750,88,0x0042A7A7,FUN_0042a750,,,unclassified,0.00,unknown,undefined FUN_0042a750(void),false,,,,
0x0042A7B0,297,0x0042A8D8,FUN_0042a7b0,,,unclassified,0.00,unknown,undefined FUN_0042a7b0(void),false,,,,
0x0042A8E0,236,0x0042A9CB,FUN_0042a8e0,,,unclassified,0.00,unknown,undefined FUN_0042a8e0(void),false,,,,
0x0042A9CC,17,0x0042A9DC,Catch_All@0042a9cc,,,unclassified,0.00,unknown,undefined Catch_All@0042a9cc(void),false,,,,
0x0042A9E0,27,0x0042A9FA,FUN_0042a9e0,,,unclassified,0.00,unknown,undefined FUN_0042a9e0(void),false,,,,
0x0042AA00,162,0x0042AAA1,FUN_0042aa00,,,unclassified,0.00,unknown,undefined FUN_0042aa00(void),false,,,,
0x0042AAB0,305,0x0042ABE0,FUN_0042aab0,,,unclassified,0.00,unknown,undefined FUN_0042aab0(void),false,,,,
0x0042ABF0,332,0x0042AD3B,FUN_0042abf0,,,unclassified,0.00,unknown,undefined FUN_0042abf0(void),false,,,,
0x0042AD40,140,0x0042ADCB,FUN_0042ad40,,,unclassified,0.00,unknown,undefined FUN_0042ad40(void),false,,,,
0x0042ADD0,116,0x0042AE43,FUN_0042add0,,,unclassified,0.00,unknown,undefined FUN_0042add0(void),false,,,,
0x0042AE50,74,0x0042AE99,FUN_0042ae50,,,unclassified,0.00,unknown,undefined FUN_0042ae50(void),false,,,,
0x0042AEA0,76,0x0042AEEB,FUN_0042aea0,,,unclassified,0.00,unknown,undefined FUN_0042aea0(void),false,,,,
0x0042AEF0,38,0x0042AF15,FUN_0042aef0,,,unclassified,0.00,unknown,undefined FUN_0042aef0(void),false,,,,
0x0042AF20,125,0x0042AFC1,FUN_0042af20,,,unclassified,0.00,unknown,undefined FUN_0042af20(void),false,,,,
0x0042AF89,37,0x0042AFAD,Catch_All@0042af89,,,unclassified,0.00,unknown,undefined Catch_All@0042af89(void),false,,,,
0x0042AFD0,108,0x0042B03B,FUN_0042afd0,,,unclassified,0.00,unknown,undefined FUN_0042afd0(void),false,,,,
0x0042B040,43,0x0042B06A,FUN_0042b040,,,unclassified,0.00,unknown,undefined FUN_0042b040(void),false,,,,
0x0042B070,125,0x0042B111,FUN_0042b070,,,unclassified,0.00,unknown,undefined FUN_0042b070(void),false,,,,
0x0042B0DB,37,0x0042B0FF,Catch_All@0042b0db,,,unclassified,0.00,unknown,undefined Catch_All@0042b0db(void),false,,,,
0x0042B120,57,0x0042B158,FUN_0042b120,,,unclassified,0.00,unknown,undefined FUN_0042b120(void),false,,,,
0x0042B160,56,0x0042B197,FUN_0042b160,,,unclassified,0.00,unknown,undefined FUN_0042b160(void),false,,,,
0x0042B1A0,41,0x0042B1C8,FUN_0042b1a0,,,unclassified,0.00,unknown,undefined FUN_0042b1a0(void),false,,,,
0x0042B1D0,711,0x0042B4E1,FUN_0042b1d0,,,unclassified,0.00,unknown,undefined FUN_0042b1d0(void),false,,,,
0x0042B39B,22,0x0042B3B0,Catch_All@0042b39b,,,unclassified,0.00,unknown,undefined Catch_All@0042b39b(void),false,,,,
0x0042B445,38,0x0042B46A,Catch_All@0042b445,,,unclassified,0.00,unknown,undefined Catch_All@0042b445(void),false,,,,
0x0042B4F0,218,0x0042B5C9,FUN_0042b4f0,,,unclassified,0.00,unknown,undefined FUN_0042b4f0(void),false,,,,
0x0042B5D0,238,0x0042B6BD,FUN_0042b5d0,,,unclassified,0.00,unknown,undefined FUN_0042b5d0(void),false,,,,
0x0042B6C0,825,0x0042BA08,FUN_0042b6c0,,,unclassified,0.00,unknown,undefined FUN_0042b6c0(void),false,,,,
0x0042BA10,15,0x0042BA1E,FUN_0042ba10,,,unclassified,0.00,unknown,undefined FUN_0042ba10(void),false,,,,
0x0042BA30,27,0x0042BA4A,FUN_0042ba30,,,unclassified,0.00,unknown,undefined FUN_0042ba30(void),false,,,,
0x0042BA50,5,0x0042BA54,thunk_FUN_004098b0,,,unclassified,0.00,unknown,undefined thunk_FUN_004098b0(void),true,,,,
0x0042BA60,31,0x0042BA7E,FUN_0042ba60,,,unclassified,0.00,unknown,undefined FUN_0042ba60(void),false,,,,
0x0042BA80,28,0x0042BA9B,FUN_0042ba80,,,unclassified,0.00,unknown,undefined FUN_0042ba80(void),false,,,,
0x0042BAA0,27,0x0042BABA,FUN_0042baa0,,,unclassified,0.00,unknown,undefined FUN_0042baa0(void),false,,,,
0x0042BAC0,28,0x0042BADB,FUN_0042bac0,,,unclassified,0.00,unknown,undefined FUN_0042bac0(void),false,,,,
0x0042BAE0,78,0x0042BB2D,FUN_0042bae0,,,unclassified,0.00,unknown,undefined FUN_0042bae0(void),false,,,,
0x0042BB30,28,0x0042BB4B,FUN_0042bb30,,,unclassified,0.00,unknown,undefined FUN_0042bb30(void),false,,,,
0x0042BB50,27,0x0042BB6A,FUN_0042bb50,,,unclassified,0.00,unknown,undefined FUN_0042bb50(void),false,,,,
0x0042BB70,82,0x0042BBC1,FUN_0042bb70,,,unclassified,0.00,unknown,undefined FUN_0042bb70(void),false,,,,
0x0042BBD0,92,0x0042BC2B,FUN_0042bbd0,,,unclassified,0.00,unknown,undefined FUN_0042bbd0(void),false,,,,
0x0042BC30,60,0x0042BC6B,FUN_0042bc30,,,unclassified,0.00,unknown,undefined FUN_0042bc30(void),false,,,,
0x0042BC70,65,0x0042BCB0,FUN_0042bc70,,,unclassified,0.00,unknown,undefined FUN_0042bc70(void),false,,,,
0x0042BCC0,27,0x0042BCDD,FUN_0042bcc0,,,unclassified,0.00,unknown,undefined FUN_0042bcc0(void),false,,,,
0x0042BCE0,78,0x0042BD2D,FUN_0042bce0,,,unclassified,0.00,unknown,undefined FUN_0042bce0(void),false,,,,
0x0042BD30,99,0x0042BD92,FUN_0042bd30,,,unclassified,0.00,unknown,undefined FUN_0042bd30(void),false,,,,
0x0042BDA0,137,0x0042BE28,FUN_0042bda0,,,unclassified,0.00,unknown,undefined FUN_0042bda0(void),false,,,,
0x0042BE30,99,0x0042BE92,FUN_0042be30,,,unclassified,0.00,unknown,undefined FUN_0042be30(void),false,,,,
0x0042BEA0,95,0x0042BEFE,FUN_0042bea0,,,unclassified,0.00,unknown,undefined FUN_0042bea0(void),false,,,,
0x0042BF00,67,0x0042BF42,FUN_0042bf00,,,unclassified,0.00,unknown,undefined FUN_0042bf00(void),false,,,,
0x0042BF50,55,0x0042BF86,FUN_0042bf50,,,unclassified,0.00,unknown,undefined FUN_0042bf50(void),false,,,,
0x0042BF90,67,0x0042BFD2,FUN_0042bf90,,,unclassified,0.00,unknown,undefined FUN_0042bf90(void),false,,,,
0x0042BFE0,43,0x0042C00A,FUN_0042bfe0,,,unclassified,0.00,unknown,undefined FUN_0042bfe0(void),false,,,,
0x0042C010,65,0x0042C056,FUN_0042c010,,,unclassified,0.00,unknown,undefined FUN_0042c010(void),false,,,,
0x0042C060,159,0x0042C0FE,FUN_0042c060,,,unclassified,0.00,unknown,undefined FUN_0042c060(void),false,,,,
0x0042C100,191,0x0042C1BE,FUN_0042c100,,,unclassified,0.00,unknown,undefined FUN_0042c100(void),false,,,,
0x0042C1C0,105,0x0042C228,FUN_0042c1c0,,,unclassified,0.00,unknown,undefined FUN_0042c1c0(void),false,,,,
0x0042C230,54,0x0042C265,FUN_0042c230,,,unclassified,0.00,unknown,undefined FUN_0042c230(void),false,,,,
0x0042C270,192,0x0042C32F,FUN_0042c270,,,unclassified,0.00,unknown,undefined FUN_0042c270(void),false,,,,
0x0042C330,199,0x0042C3FC,FUN_0042c330,,,unclassified,0.00,unknown,undefined FUN_0042c330(void),false,,,,
0x0042C400,1120,0x0042C882,FUN_0042c400,,,unclassified,0.00,unknown,undefined FUN_0042c400(void),false,,,,
0x0042C890,99,0x0042C8F2,FUN_0042c890,,,unclassified,0.00,unknown,undefined FUN_0042c890(void),false,,,,
0x0042C900,41,0x0042C928,FUN_0042c900,,,unclassified,0.00,unknown,undefined FUN_0042c900(void),false,,,,
0x0042C930,185,0x0042C9E8,FUN_0042c930,,,unclassified,0.00,unknown,undefined FUN_0042c930(void),false,,,,
0x0042C9F0,185,0x0042CAA8,FUN_0042c9f0,,,unclassified,0.00,unknown,undefined FUN_0042c9f0(void),false,,,,
0x0042CAB0,689,0x0042CD78,FUN_0042cab0,,,unclassified,0.00,unknown,undefined FUN_0042cab0(void),false,,,,
0x0042CC80,9,0x0042CC88,Catch_All@0042cc80,,,unclassified,0.00,unknown,undefined Catch_All@0042cc80(void),false,,,,
0x0042CD80,86,0x0042CDD5,FUN_0042cd80,,,unclassified,0.00,unknown,undefined FUN_0042cd80(void),false,,,,
0x0042CDE0,170,0x0042CE89,FUN_0042cde0,,,unclassified,0.00,unknown,undefined FUN_0042cde0(void),false,,,,
0x0042CE90,160,0x0042CF2F,FUN_0042ce90,,,unclassified,0.00,unknown,undefined FUN_0042ce90(void),false,,,,
0x0042CF30,705,0x0042D1F6,FUN_0042cf30,,,unclassified,0.00,unknown,undefined FUN_0042cf30(void),false,,,,
0x0042D240,108,0x0042D2BC,FUN_0042d240,,,unclassified,0.00,unknown,undefined FUN_0042d240(void),false,,,,
0x0042D2C0,854,0x0042D61B,FUN_0042d2c0,,,unclassified,0.00,unknown,undefined FUN_0042d2c0(void),false,,,,
0x0042D620,95,0x0042D67E,FUN_0042d620,,,unclassified,0.00,unknown,undefined FUN_0042d620(void),false,,,,
0x0042D680,200,0x0042D748,FUN_0042d680,,,unclassified,0.00,unknown,undefined FUN_0042d680(void),false,,,,
0x0042D750,118,0x0042D7C5,FUN_0042d750,,,unclassified,0.00,unknown,undefined FUN_0042d750(void),false,,,,
0x0042D7D0,84,0x0042D823,FUN_0042d7d0,,,unclassified,0.00,unknown,undefined FUN_0042d7d0(void),false,,,,
0x0042D850,5,0x0042D854,thunk_FUN_0040f780,,,unclassified,0.00,unknown,undefined thunk_FUN_0040f780(void),true,,,,
0x0042D860,990,0x0042DC3D,FUN_0042d860,,,unclassified,0.00,unknown,undefined FUN_0042d860(void),false,,,,
0x0042DC40,2390,0x0042E5BB,FUN_0042dc40,,,unclassified,0.00,unknown,undefined FUN_0042dc40(void),false,,,,
0x0042E5C0,1507,0x0042EC0E,FUN_0042e5c0,,,unclassified,0.00,unknown,undefined FUN_0042e5c0(void),false,,,,
0x0042EC50,45,0x0042EC83,FUN_0042ec50,,,unclassified,0.00,unknown,undefined FUN_0042ec50(void),false,,,,
0x0042EC90,70,0x0042ECD5,FUN_0042ec90,,,unclassified,0.00,unknown,undefined FUN_0042ec90(void),false,,,,
0x0042ECE0,193,0x0042EDA6,FUN_0042ece0,,,unclassified,0.00,unknown,undefined FUN_0042ece0(void),false,,,,
0x0042EDB0,65,0x0042EDF0,FUN_0042edb0,,,unclassified,0.00,unknown,undefined FUN_0042edb0(void),false,,,,
0x0042EE00,69,0x0042EE44,FUN_0042ee00,,,unclassified,0.00,unknown,undefined FUN_0042ee00(void),false,,,,
0x0042EE50,35,0x0042EE72,FUN_0042ee50,,,unclassified,0.00,unknown,undefined FUN_0042ee50(void),false,,,,
0x0042EE80,33,0x0042EEAA,FUN_0042ee80,,,unclassified,0.00,unknown,undefined FUN_0042ee80(void),false,,,,
0x0042EEB0,99,0x0042EF12,FUN_0042eeb0,,,unclassified,0.00,unknown,undefined FUN_0042eeb0(void),false,,,,
0x0042EF20,183,0x0042EFD6,FUN_0042ef20,,,unclassified,0.00,unknown,undefined FUN_0042ef20(void),false,,,,
0x0042EFE0,328,0x0042F127,FUN_0042efe0,,,unclassified,0.00,unknown,undefined FUN_0042efe0(void),false,,,,
0x0042F130,115,0x0042F1A2,FUN_0042f130,,,unclassified,0.00,unknown,undefined FUN_0042f130(void),false,,,,
0x0042F1B0,120,0x0042F227,FUN_0042f1b0,,,unclassified,0.00,unknown,undefined FUN_0042f1b0(void),false,,,,
0x0042F230,665,0x0042F4C8,FUN_0042f230,,,unclassified,0.00,unknown,undefined FUN_0042f230(void),false,,,,
0x0042F4D0,2431,0x0042FE51,FUN_0042f4d0,,,unclassified,0.00,unknown,undefined FUN_0042f4d0(void),false,,,,
0x0042FE70,29,0x0042FE8C,FUN_0042fe70,,,unclassified,0.00,unknown,undefined FUN_0042fe70(void),false,,,,
0x0042FE90,59,0x0042FECA,FUN_0042fe90,,,unclassified,0.00,unknown,undefined FUN_0042fe90(void),false,,,,
0x0042FED0,29,0x0042FEEC,FUN_0042fed0,,,unclassified,0.00,unknown,undefined FUN_0042fed0(void),false,,,,
0x0042FEF0,44,0x0042FF1B,FUN_0042fef0,,,unclassified,0.00,unknown,undefined FUN_0042fef0(void),false,,,,
0x0042FF20,459,0x004300EA,FUN_0042ff20,,,unclassified,0.00,unknown,undefined FUN_0042ff20(void),false,,,,
0x004300F0,142,0x00430180,FUN_004300f0,,,unclassified,0.00,unknown,undefined FUN_004300f0(void),false,,,,
0x00430190,103,0x004301F6,FUN_00430190,,,unclassified,0.00,unknown,undefined FUN_00430190(void),false,,,,
0x00430200,27,0x0043021D,FUN_00430200,,,unclassified,0.00,unknown,undefined FUN_00430200(void),false,,,,
0x00430220,765,0x0043052F,FUN_00430220,,,unclassified,0.00,unknown,undefined FUN_00430220(void),false,,,,
0x00430540,716,0x00430817,FUN_00430540,,,unclassified,0.00,unknown,undefined FUN_00430540(void),false,,,,
0x00430820,164,0x004308C6,FUN_00430820,,,unclassified,0.00,unknown,undefined FUN_00430820(void),false,,,,
0x004308D0,47,0x004308FE,FUN_004308d0,,,unclassified,0.00,unknown,undefined FUN_004308d0(void),false,,,,
0x00430900,454,0x00430ACE,FUN_00430900,,,unclassified,0.00,unknown,undefined FUN_00430900(void),false,,,,
0x00430AD0,334,0x00430C1D,FUN_00430ad0,,,unclassified,0.00,unknown,undefined FUN_00430ad0(void),false,,,,
0x00430C20,5,0x00430C24,thunk_FUN_00432500,,,unclassified,0.00,unknown,undefined thunk_FUN_00432500(void),true,,,,
0x00430C30,71,0x00430C76,FUN_00430c30,,,unclassified,0.00,unknown,undefined FUN_00430c30(void),false,,,,
0x00430C80,257,0x00430D83,FUN_00430c80,,,unclassified,0.00,unknown,undefined FUN_00430c80(void),false,,,,
0x00430D90,78,0x00430DDD,FUN_00430d90,,,unclassified,0.00,unknown,undefined FUN_00430d90(void),false,,,,
0x00430DE0,71,0x00430E26,FUN_00430de0,,,unclassified,0.00,unknown,undefined FUN_00430de0(void),false,,,,
0x00430E30,108,0x00430E9B,FUN_00430e30,,,unclassified,0.00,unknown,undefined FUN_00430e30(void),false,,,,
0x00430EA0,196,0x00430F63,FUN_00430ea0,,,unclassified,0.00,unknown,undefined FUN_00430ea0(void),false,,,,
0x00430F70,35,0x00430F92,FUN_00430f70,,,unclassified,0.00,unknown,undefined FUN_00430f70(void),false,,,,
0x00430FA0,33,0x00430FC0,FUN_00430fa0,,,unclassified,0.00,unknown,undefined FUN_00430fa0(void),false,,,,
0x00430FD0,107,0x0043103A,FUN_00430fd0,,,unclassified,0.00,unknown,undefined FUN_00430fd0(void),false,,,,
0x00431040,323,0x00431182,FUN_00431040,,,unclassified,0.00,unknown,undefined FUN_00431040(void),false,,,,
0x00431190,28,0x004311AB,FUN_00431190,,,unclassified,0.00,unknown,undefined FUN_00431190(void),false,,,,
0x004311B0,27,0x004311CA,FUN_004311b0,,,unclassified,0.00,unknown,undefined FUN_004311b0(void),false,,,,
0x004311D0,99,0x00431232,FUN_004311d0,,,unclassified,0.00,unknown,undefined FUN_004311d0(void),false,,,,
0x00431240,310,0x00431375,FUN_00431240,,,unclassified,0.00,unknown,undefined FUN_00431240(void),false,,,,
0x00431380,78,0x004313CD,FUN_00431380,,,unclassified,0.00,unknown,undefined FUN_00431380(void),false,,,,
0x004313D0,82,0x00431421,FUN_004313d0,,,unclassified,0.00,unknown,undefined FUN_004313d0(void),false,,,,
0x00431430,137,0x004314B8,FUN_00431430,,,unclassified,0.00,unknown,undefined FUN_00431430(void),false,,,,
0x004314C0,137,0x00431548,FUN_004314c0,,,unclassified,0.00,unknown,undefined FUN_004314c0(void),false,,,,
0x00431550,59,0x0043158A,FUN_00431550,,,unclassified,0.00,unknown,undefined FUN_00431550(void),false,,,,
0x00431590,55,0x004315C6,FUN_00431590,,,unclassified,0.00,unknown,undefined FUN_00431590(void),false,,,,
0x004315D0,42,0x00431604,FUN_004315d0,,,unclassified,0.00,unknown,undefined FUN_004315d0(void),false,,,,
0x00431610,65,0x00431656,FUN_00431610,,,unclassified,0.00,unknown,undefined FUN_00431610(void),false,,,,
0x00431660,95,0x004316BE,FUN_00431660,,,unclassified,0.00,unknown,undefined FUN_00431660(void),false,,,,
0x004316C0,105,0x00431728,FUN_004316c0,,,unclassified,0.00,unknown,undefined FUN_004316c0(void),false,,,,
0x00431730,109,0x0043179C,FUN_00431730,,,unclassified,0.00,unknown,undefined FUN_00431730(void),false,,,,
0x004317A0,179,0x00431852,FUN_004317a0,,,unclassified,0.00,unknown,undefined FUN_004317a0(void),false,,,,
0x00431860,234,0x00431949,FUN_00431860,,,unclassified,0.00,unknown,undefined FUN_00431860(void),false,,,,
0x00431950,189,0x00431A0C,FUN_00431950,,,unclassified,0.00,unknown,undefined FUN_00431950(void),false,,,,
0x00431A10,509,0x00431C0C,FUN_00431a10,,,unclassified,0.00,unknown,undefined FUN_00431a10(void),false,,,,
0x00431C10,640,0x00431E8F,FUN_00431c10,,,unclassified,0.00,unknown,undefined FUN_00431c10(void),false,,,,
0x00431ED0,189,0x00431F8C,FUN_00431ed0,,,unclassified,0.00,unknown,undefined FUN_00431ed0(void),false,,,,
0x00431F90,145,0x00432020,FUN_00431f90,,,unclassified,0.00,unknown,undefined FUN_00431f90(void),false,,,,
0x00432021,9,0x00432029,Catch_All@00432021,,,unclassified,0.00,unknown,undefined Catch_All@00432021(void),false,,,,
0x00432040,200,0x00432108,FUN_00432040,,,unclassified,0.00,unknown,undefined FUN_00432040(void),false,,,,
0x00432110,509,0x0043230C,FUN_00432110,,,unclassified,0.00,unknown,undefined FUN_00432110(void),false,,,,
0x00432310,185,0x004323C8,FUN_00432310,,,unclassified,0.00,unknown,undefined FUN_00432310(void),false,,,,
0x004323D0,36,0x004323F3,FUN_004323d0,,,unclassified,0.00,unknown,undefined FUN_004323d0(void),false,,,,
0x00432410,235,0x004324FA,FUN_00432410,,,unclassified,0.00,unknown,undefined FUN_00432410(void),false,,,,
0x00432500,171,0x004325AA,FUN_00432500,,,unclassified,0.00,unknown,undefined FUN_00432500(void),false,,,,
0x004325B0,1885,0x00432D70,FUN_004325b0,,,unclassified,0.00,unknown,undefined FUN_004325b0(void),false,,,,
0x00432D80,148,0x00432E13,FUN_00432d80,,,unclassified,0.00,unknown,undefined FUN_00432d80(void),false,,,,
0x00432E20,1602,0x0043348B,FUN_00432e20,,,unclassified,0.00,unknown,undefined FUN_00432e20(void),false,,,,
0x00433490,161,0x00433530,FUN_00433490,,,unclassified,0.00,unknown,undefined FUN_00433490(void),false,,,,
0x00433540,332,0x0043368B,FUN_00433540,,,unclassified,0.00,unknown,undefined FUN_00433540(void),false,,,,
0x00433690,80,0x004336DF,FUN_00433690,,,unclassified,0.00,unknown,undefined FUN_00433690(void),false,,,,
0x004336E0,85,0x00433734,FUN_004336e0,,,unclassified,0.00,unknown,undefined FUN_004336e0(void),false,,,,
0x00433740,19,0x00433752,FUN_00433740,,,unclassified,0.00,unknown,undefined FUN_00433740(void),false,,,,
0x00433760,45,0x0043378C,FUN_00433760,,,unclassified,0.00,unknown,undefined FUN_00433760(void),false,,,,
0x00433790,35,0x004337B2,FUN_00433790,,,unclassified,0.00,unknown,undefined FUN_00433790(void),false,,,,
0x004337C0,158,0x0043385D,FUN_004337c0,,,unclassified,0.00,unknown,undefined FUN_004337c0(void),false,,,,
0x00433860,40,0x00433887,FUN_00433860,,,unclassified,0.00,unknown,undefined FUN_00433860(void),false,,,,
0x00433890,34,0x004338B1,FUN_00433890,,,unclassified,0.00,unknown,undefined FUN_00433890(void),false,,,,
0x004338C0,67,0x00433902,FUN_004338c0,,,unclassified,0.00,unknown,undefined FUN_004338c0(void),false,,,,
0x00433910,74,0x00433959,FUN_00433910,,,unclassified,0.00,unknown,undefined FUN_00433910(void),false,,,,
0x00433960,69,0x004339A4,FUN_00433960,,,unclassified,0.00,unknown,undefined FUN_00433960(void),false,,,,
0x004339B0,441,0x00433B68,FUN_004339b0,,,unclassified,0.00,unknown,undefined FUN_004339b0(void),false,,,,
0x00433B70,22,0x00433B85,FUN_00433b70,,,unclassified,0.00,unknown,undefined FUN_00433b70(void),false,,,,
0x00433B90,67,0x00433BD2,FUN_00433b90,,,unclassified,0.00,unknown,undefined FUN_00433b90(void),false,,,,
0x00433BE0,57,0x00433C18,FUN_00433be0,,,unclassified,0.00,unknown,undefined FUN_00433be0(void),false,,,,
0x00433C20,26,0x00433C39,FUN_00433c20,,,unclassified,0.00,unknown,undefined FUN_00433c20(void),false,,,,
0x00433C40,62,0x00433C7D,FUN_00433c40,,,unclassified,0.00,unknown,undefined FUN_00433c40(void),false,,,,
0x00433C80,22,0x00433C95,FUN_00433c80,,,unclassified,0.00,unknown,undefined FUN_00433c80(void),false,,,,
0x00433CA0,27,0x00433CBA,FUN_00433ca0,,,unclassified,0.00,unknown,undefined FUN_00433ca0(void),false,,,,
0x00433CC0,52,0x00433CF3,FUN_00433cc0,,,unclassified,0.00,unknown,undefined FUN_00433cc0(void),false,,,,
0x00433D00,213,0x00433DD4,FUN_00433d00,,,unclassified,0.00,unknown,undefined FUN_00433d00(void),false,,,,
0x00433DE0,439,0x00433F96,FUN_00433de0,,,unclassified,0.00,unknown,undefined FUN_00433de0(void),false,,,,
0x00433FA0,29,0x00433FBC,FUN_00433fa0,,,unclassified,0.00,unknown,undefined FUN_00433fa0(void),false,,,,
0x00433FC0,479,0x0043419E,FUN_00433fc0,,,unclassified,0.00,unknown,undefined FUN_00433fc0(void),false,,,,
0x004341C0,456,0x00434387,FUN_004341c0,,,unclassified,0.00,unknown,undefined FUN_004341c0(void),false,,,,
0x00434390,59,0x004343CA,FUN_00434390,,,unclassified,0.00,unknown,undefined FUN_00434390(void),false,,,,
0x004343D0,120,0x00434447,FUN_004343d0,,,unclassified,0.00,unknown,undefined FUN_004343d0(void),false,,,,
0x00434450,21,0x00434464,FUN_00434450,,,unclassified,0.00,unknown,undefined FUN_00434450(void),false,,,,
0x00434470,14,0x0043447D,FUN_00434470,,,unclassified,0.00,unknown,undefined FUN_00434470(void),false,,,,
0x00434480,78,0x004344CD,FUN_00434480,,,unclassified,0.00,unknown,undefined FUN_00434480(void),false,,,,
0x004344D0,28,0x004344EB,FUN_004344d0,,,unclassified,0.00,unknown,undefined FUN_004344d0(void),false,,,,
0x004344F0,27,0x0043450A,FUN_004344f0,,,unclassified,0.00,unknown,undefined FUN_004344f0(void),false,,,,
0x00434510,82,0x00434561,FUN_00434510,,,unclassified,0.00,unknown,undefined FUN_00434510(void),false,,,,
0x00434570,31,0x0043458E,FUN_00434570,,,unclassified,0.00,unknown,undefined FUN_00434570(void),false,,,,
0x00434590,30,0x004345AD,FUN_00434590,,,unclassified,0.00,unknown,undefined FUN_00434590(void),false,,,,
0x004345B0,85,0x00434604,FUN_004345b0,,,unclassified,0.00,unknown,undefined FUN_004345b0(void),false,,,,
0x00434610,99,0x00434672,FUN_00434610,,,unclassified,0.00,unknown,undefined FUN_00434610(void),false,,,,
0x00434680,118,0x004346FD,FUN_00434680,,,unclassified,0.00,unknown,undefined FUN_00434680(void),false,,,,
0x00434700,91,0x0043475A,FUN_00434700,,,unclassified,0.00,unknown,undefined FUN_00434700(void),false,,,,
0x00434760,27,0x0043477D,FUN_00434760,,,unclassified,0.00,unknown,undefined FUN_00434760(void),false,,,,
0x00434780,119,0x004347F6,FUN_00434780,,,unclassified,0.00,unknown,undefined FUN_00434780(void),false,,,,
0x00434800,89,0x00434858,stage_surface_height_at_x,stage_surface_height_at_x,battle,matching,100.00,__fastcall,float stage_surface_height_at_x(void * fighter),false,src/battle/StageGeometry.cpp,scripts/compile-unit.sh src/battle/StageGeometry.cpp build/wave4/StageGeometry.obj && python3 scripts/compare-function.py 0x00434800 build/wave4/StageGeometry.obj,root,Exact 89-byte clamped table lookup; target table and double literal relocations are verified before comparison
0x00434860,42,0x00434889,is_y_at_or_below_stage_surface,is_y_at_or_below_stage_surface,battle,matching,100.00,__fastcall,int is_y_at_or_below_stage_surface(void * fighter),false,src/battle/FighterGates.cpp,scripts/compile-unit.sh src/battle/FighterGates.cpp build/wave4/FighterGates.obj && python3 scripts/compare-function.py 0x00434860 build/wave4/FighterGates.obj,root,Exact 42-byte y-versus-stage-surface predicate
0x00434890,81,0x004348E0,FUN_00434890,,,unclassified,0.00,unknown,undefined FUN_00434890(void),false,,,,
0x004348F0,55,0x00434926,FUN_004348f0,,,unclassified,0.00,unknown,undefined FUN_004348f0(void),false,,,,
0x00434930,130,0x004349B4,FUN_00434930,,,unclassified,0.00,unknown,undefined FUN_00434930(void),false,,,,
0x004349C0,41,0x004349E8,FUN_004349c0,,,unclassified,0.00,unknown,undefined FUN_004349c0(void),false,,,,
0x004349F0,135,0x00434A80,FUN_004349f0,,,unclassified,0.00,unknown,undefined FUN_004349f0(void),false,,,,
0x00434A90,106,0x00434AFC,FUN_00434a90,,,unclassified,0.00,unknown,undefined FUN_00434a90(void),false,,,,
0x00434B00,178,0x00434BBB,FUN_00434b00,,,unclassified,0.00,unknown,undefined FUN_00434b00(void),false,,,,
0x00434C10,178,0x00434CCB,FUN_00434c10,,,unclassified,0.00,unknown,undefined FUN_00434c10(void),false,,,,
0x00434D20,178,0x00434DDB,FUN_00434d20,,,unclassified,0.00,unknown,undefined FUN_00434d20(void),false,,,,
0x00434E30,27,0x00434E4D,FUN_00434e30,,,unclassified,0.00,unknown,undefined FUN_00434e30(void),false,,,,
0x00434E50,27,0x00434E6D,FUN_00434e50,,,unclassified,0.00,unknown,undefined FUN_00434e50(void),false,,,,
0x00434E70,27,0x00434E8D,FUN_00434e70,,,unclassified,0.00,unknown,undefined FUN_00434e70(void),false,,,,
0x00434EE0,5,0x00434EE4,FUN_00434ee0,,,unclassified,0.00,unknown,undefined FUN_00434ee0(void),false,,,,
0x00434EF0,17,0x00434F00,FUN_00434ef0,,,unclassified,0.00,unknown,undefined FUN_00434ef0(void),false,,,,
0x00434F10,509,0x0043510C,FUN_00434f10,,,unclassified,0.00,unknown,undefined FUN_00434f10(void),false,,,,
0x00435110,185,0x004351C8,FUN_00435110,,,unclassified,0.00,unknown,undefined FUN_00435110(void),false,,,,
0x004351D0,306,0x00435301,FUN_004351d0,,,unclassified,0.00,unknown,undefined FUN_004351d0(void),false,,,,
0x00435310,130,0x00435391,FUN_00435310,,,unclassified,0.00,unknown,undefined FUN_00435310(void),false,,,,
0x004353A0,130,0x00435421,FUN_004353a0,,,unclassified,0.00,unknown,undefined FUN_004353a0(void),false,,,,
0x00435430,796,0x00435751,FUN_00435430,,,unclassified,0.00,unknown,undefined FUN_00435430(void),false,,,,
0x00435790,53,0x004357D2,FUN_00435790,,,unclassified,0.00,unknown,undefined FUN_00435790(void),false,,,,
0x004357E0,170,0x00435889,FUN_004357e0,,,unclassified,0.00,unknown,undefined FUN_004357e0(void),false,,,,
0x00435890,103,0x004358F6,FUN_00435890,,,unclassified,0.00,unknown,undefined FUN_00435890(void),false,,,,
0x00435900,103,0x00435966,FUN_00435900,,,unclassified,0.00,unknown,undefined FUN_00435900(void),false,,,,
0x00435970,109,0x004359E6,FUN_00435970,,,unclassified,0.00,unknown,undefined FUN_00435970(void),false,,,,
0x004359F0,112,0x00435A69,FUN_004359f0,,,unclassified,0.00,unknown,undefined FUN_004359f0(void),false,,,,
0x00435A70,669,0x00435D0F,FUN_00435a70,,,unclassified,0.00,unknown,undefined FUN_00435a70(void),false,,,,
0x00435D50,67,0x00435D9F,FUN_00435d50,,,unclassified,0.00,unknown,undefined FUN_00435d50(void),false,,,,
0x00435DA0,100,0x00435E03,FUN_00435da0,,,unclassified,0.00,unknown,undefined FUN_00435da0(void),false,,,,
0x00435E10,100,0x00435E73,FUN_00435e10,,,unclassified,0.00,unknown,undefined FUN_00435e10(void),false,,,,
0x00435E80,100,0x00435EE3,FUN_00435e80,,,unclassified,0.00,unknown,undefined FUN_00435e80(void),false,,,,
0x00435EF0,200,0x00435FB8,FUN_00435ef0,,,unclassified,0.00,unknown,undefined FUN_00435ef0(void),false,,,,
0x00435FC0,169,0x00436068,FUN_00435fc0,,,unclassified,0.00,unknown,undefined FUN_00435fc0(void),false,,,,
0x00436070,8,0x00436077,FUN_00436070,,,unclassified,0.00,unknown,undefined FUN_00436070(void),false,,,,
0x00436080,463,0x0043624E,FUN_00436080,,,unclassified,0.00,unknown,undefined FUN_00436080(void),false,,,,
0x00436250,27,0x0043626A,FUN_00436250,,,unclassified,0.00,unknown,undefined FUN_00436250(void),false,,,,
0x00436270,94,0x004362CD,FUN_00436270,,,unclassified,0.00,unknown,undefined FUN_00436270(void),false,,,,
0x004362D0,115,0x00436342,FUN_004362d0,,,unclassified,0.00,unknown,undefined FUN_004362d0(void),false,,,,
0x00436350,117,0x004363C4,FUN_00436350,,,unclassified,0.00,unknown,undefined FUN_00436350(void),false,,,,
0x004363D0,27,0x004363ED,FUN_004363d0,,,unclassified,0.00,unknown,undefined FUN_004363d0(void),false,,,,
0x004363F0,5,0x004363F4,FUN_004363f0,,,unclassified,0.00,unknown,undefined FUN_004363f0(void),false,,,,
0x00436400,169,0x004364A8,FUN_00436400,,,unclassified,0.00,unknown,undefined FUN_00436400(void),false,,,,
0x004364B0,8,0x004364B7,FUN_004364b0,,,unclassified,0.00,unknown,undefined FUN_004364b0(void),false,,,,
0x004364C0,46,0x004364ED,FUN_004364c0,,,unclassified,0.00,unknown,undefined FUN_004364c0(void),false,,,,
0x004364F0,463,0x004366BE,FUN_004364f0,,,unclassified,0.00,unknown,undefined FUN_004364f0(void),false,,,,
0x004366C0,200,0x0043678E,FUN_004366c0,,,unclassified,0.00,unknown,undefined FUN_004366c0(void),false,,,,
0x00436790,18,0x004367A1,FUN_00436790,,,unclassified,0.00,unknown,undefined FUN_00436790(void),false,,,,
0x004367B0,94,0x0043680D,FUN_004367b0,,,unclassified,0.00,unknown,undefined FUN_004367b0(void),false,,,,
0x00436810,8,0x00436817,FUN_00436810,,,unclassified,0.00,unknown,undefined FUN_00436810(void),false,,,,
0x00436820,115,0x00436892,FUN_00436820,,,unclassified,0.00,unknown,undefined FUN_00436820(void),false,,,,
0x004368A0,117,0x00436914,FUN_004368a0,,,unclassified,0.00,unknown,undefined FUN_004368a0(void),false,,,,
0x00436920,27,0x0043693D,FUN_00436920,,,unclassified,0.00,unknown,undefined FUN_00436920(void),false,,,,
0x00436940,108,0x004369AB,FUN_00436940,,,unclassified,0.00,unknown,undefined FUN_00436940(void),false,,,,
0x00436A10,108,0x00436A7B,FUN_00436a10,,,unclassified,0.00,unknown,undefined FUN_00436a10(void),false,,,,
0x00436AE0,2424,0x004374BF,FUN_00436ae0,,,unclassified,0.00,unknown,undefined FUN_00436ae0(void),false,,,,
0x004374C0,200,0x00437588,FUN_004374c0,,,unclassified,0.00,unknown,undefined FUN_004374c0(void),false,,,,
0x00437590,27,0x004375AD,FUN_00437590,,,unclassified,0.00,unknown,undefined FUN_00437590(void),false,,,,
0x004375B0,27,0x004375CD,FUN_004375b0,,,unclassified,0.00,unknown,undefined FUN_004375b0(void),false,,,,
0x004375D0,30,0x004375ED,FUN_004375d0,,,unclassified,0.00,unknown,undefined FUN_004375d0(void),false,,,,
0x004375F0,30,0x0043760D,FUN_004375f0,,,unclassified,0.00,unknown,undefined FUN_004375f0(void),false,,,,
0x00437610,36,0x00437633,FUN_00437610,,,unclassified,0.00,unknown,undefined FUN_00437610(void),false,,,,
0x00437650,36,0x00437673,FUN_00437650,,,unclassified,0.00,unknown,undefined FUN_00437650(void),false,,,,
0x00437690,230,0x0043777E,FUN_00437690,,,unclassified,0.00,unknown,undefined FUN_00437690(void),false,,,,
0x00437830,98,0x00437891,FUN_00437830,,,unclassified,0.00,unknown,undefined FUN_00437830(void),false,,,,
0x004378E0,89,0x00437938,FUN_004378e0,,,unclassified,0.00,unknown,undefined FUN_004378e0(void),false,,,,
0x00437940,91,0x0043799A,FUN_00437940,,,unclassified,0.00,unknown,undefined FUN_00437940(void),false,,,,
0x004379A0,103,0x00437A06,FUN_004379a0,,,unclassified,0.00,unknown,undefined FUN_004379a0(void),false,,,,
0x00437A10,160,0x00437AAF,FUN_00437a10,,,unclassified,0.00,unknown,undefined FUN_00437a10(void),false,,,,
0x00437AB0,179,0x00437B68,FUN_00437ab0,,,unclassified,0.00,unknown,undefined FUN_00437ab0(void),false,,,,
0x00437B70,465,0x00437D40,FUN_00437b70,,,unclassified,0.00,unknown,undefined FUN_00437b70(void),false,,,,
0x00437D50,166,0x00437DF5,FUN_00437d50,,,unclassified,0.00,unknown,undefined FUN_00437d50(void),false,,,,
0x00437E00,27,0x00437E1D,FUN_00437e00,,,unclassified,0.00,unknown,undefined FUN_00437e00(void),false,,,,
0x00437E20,183,0x00437ED6,FUN_00437e20,,,unclassified,0.00,unknown,undefined FUN_00437e20(void),false,,,,
0x00437EE0,166,0x00437F85,FUN_00437ee0,,,unclassified,0.00,unknown,undefined FUN_00437ee0(void),false,,,,
0x00437F90,40,0x00437FBA,FUN_00437f90,,,unclassified,0.00,unknown,undefined FUN_00437f90(void),false,,,,
0x00437FC0,211,0x00438092,FUN_00437fc0,,,unclassified,0.00,unknown,undefined FUN_00437fc0(void),false,,,,
0x004380A0,81,0x004380FE,FUN_004380a0,,,unclassified,0.00,unknown,undefined FUN_004380a0(void),false,,,,
0x00438100,40,0x00438127,FUN_00438100,,,unclassified,0.00,unknown,undefined FUN_00438100(void),false,,,,
0x00438190,7,0x00438196,FUN_00438190,,,unclassified,0.00,unknown,undefined FUN_00438190(void),false,,,,
0x004381A0,4,0x004381A3,FUN_004381a0,,,unclassified,0.00,unknown,undefined FUN_004381a0(void),false,,,,
0x004381B0,165,0x00438254,FUN_004381b0,,,unclassified,0.00,unknown,undefined FUN_004381b0(void),false,,,,
0x00438260,164,0x00438303,FUN_00438260,,,unclassified,0.00,unknown,undefined FUN_00438260(void),false,,,,
0x00438310,189,0x004383CC,FUN_00438310,,,unclassified,0.00,unknown,undefined FUN_00438310(void),false,,,,
0x004383D0,160,0x0043846F,FUN_004383d0,,,unclassified,0.00,unknown,undefined FUN_004383d0(void),false,,,,
0x00438470,91,0x004384CA,FUN_00438470,,,unclassified,0.00,unknown,undefined FUN_00438470(void),false,,,,
0x004384D0,140,0x0043855B,FUN_004384d0,,,unclassified,0.00,unknown,undefined FUN_004384d0(void),false,,,,
0x00438560,123,0x004385E6,FUN_00438560,,,unclassified,0.00,unknown,undefined FUN_00438560(void),false,,,,
0x004385F0,26,0x00438609,FUN_004385f0,,,unclassified,0.00,unknown,undefined FUN_004385f0(void),false,,,,
0x00438610,100,0x00438673,FUN_00438610,,,unclassified,0.00,unknown,undefined FUN_00438610(void),false,,,,
0x00438680,57,0x004386B8,FUN_00438680,,,unclassified,0.00,unknown,undefined FUN_00438680(void),false,,,,
0x004386C0,28,0x004386DB,FUN_004386c0,,,unclassified,0.00,unknown,undefined FUN_004386c0(void),false,,,,
0x004386E0,153,0x0043877B,FUN_004386e0,,,unclassified,0.00,unknown,undefined FUN_004386e0(void),false,,,,
0x00438780,230,0x00438868,FUN_00438780,,,unclassified,0.00,unknown,undefined FUN_00438780(void),false,,,,
0x00438870,341,0x004389C7,FUN_00438870,,,unclassified,0.00,unknown,undefined FUN_00438870(void),false,,,,
0x004389D0,338,0x00438B24,FUN_004389d0,,,unclassified,0.00,unknown,undefined FUN_004389d0(void),false,,,,
0x00438B30,112,0x00438B9F,FUN_00438b30,,,unclassified,0.00,unknown,undefined FUN_00438b30(void),false,,,,
0x00438BA0,128,0x00438C1F,FUN_00438ba0,,,unclassified,0.00,unknown,undefined FUN_00438ba0(void),false,,,,
0x00438C20,215,0x00438CFF,FUN_00438c20,,,unclassified,0.00,unknown,undefined FUN_00438c20(void),false,,,,
0x00438D00,166,0x00438DA5,FUN_00438d00,,,unclassified,0.00,unknown,undefined FUN_00438d00(void),false,,,,
0x00438DB0,1056,0x004391EF,FUN_00438db0,,,unclassified,0.00,unknown,undefined FUN_00438db0(void),false,,,,
0x004391F0,1101,0x0043963F,FUN_004391f0,,,unclassified,0.00,unknown,undefined FUN_004391f0(void),false,,,,
0x00439640,3,0x00439642,FUN_00439640,,,unclassified,0.00,unknown,undefined FUN_00439640(void),false,,,,
0x00439650,8,0x00439657,FUN_00439650,,,unclassified,0.00,unknown,undefined FUN_00439650(void),false,,,,
0x00439660,6,0x00439665,FUN_00439660,,,unclassified,0.00,unknown,undefined FUN_00439660(void),false,,,,
0x00439670,116,0x004396E3,FUN_00439670,,,unclassified,0.00,unknown,undefined FUN_00439670(void),false,,,,
0x004396F0,180,0x004397A3,FUN_004396f0,,,unclassified,0.00,unknown,undefined FUN_004396f0(void),false,,,,
0x004397B0,6,0x004397B5,get_battle_setup_task,get_battle_setup_task,battle,matching,100.00,__cdecl,int get_battle_setup_task(void),false,src/battle/BattleSetup.cpp,scripts/compile-unit.sh src/battle/BattleSetup.cpp build/probes/BattleSetup.obj && python3 scripts/compare-function.py 0x004397B0 build/probes/BattleSetup.obj,,Inferred task role from setup callback and polling callers; exact raw accessor
0x004397C0,40,0x004397E7,FUN_004397c0,,,unclassified,0.00,unknown,undefined FUN_004397c0(void),false,,,,
0x004397F0,31,0x0043980E,FUN_004397f0,,,unclassified,0.00,unknown,undefined FUN_004397f0(void),false,,,,
0x00439810,21,0x00439824,FUN_00439810,,,unclassified,0.00,unknown,undefined FUN_00439810(void),false,,,,
0x00439830,45,0x0043985C,FUN_00439830,,,unclassified,0.00,unknown,undefined FUN_00439830(void),false,,,,
0x00439860,6,0x00439865,get_game_mode,get_game_mode,battle,matching,100.00,__cdecl,int get_game_mode(void),false,src/battle/GameMode.cpp,scripts/compile-unit.sh src/battle/GameMode.cpp build/probes/GameMode.obj && python3 scripts/compare-function.py 0x00439860 build/probes/GameMode.obj,,VC8 SP1 standalone function probe; no code relocations
0x00439870,6,0x00439875,get_match_setup,get_match_setup,battle,matching,100.00,__cdecl,void * get_match_setup(void),false,src/battle/GameMode.cpp,scripts/compile-unit.sh src/battle/GameMode.cpp build/probes/GameMode.obj && python3 scripts/compare-function.py 0x00439870 build/probes/GameMode.obj,,Inferred semantics from callers; VC8 SP1 standalone function probe; no code relocations
0x00439880,521,0x00439A88,FUN_00439880,,,unclassified,0.00,unknown,undefined FUN_00439880(void),false,,,,
0x00439AB0,119,0x00439B26,FUN_00439ab0,,,unclassified,0.00,unknown,undefined FUN_00439ab0(void),false,,,,
0x00439B30,6,0x00439B35,get_game_config,get_game_config,config,matching,100.00,__cdecl,void * get_game_config(void),false,src/config/GameConfig.cpp,scripts/compile-unit.sh src/config/GameConfig.cpp build/probes/GameConfig.obj && python3 scripts/compare-function.py 0x00439B30 build/probes/GameConfig.obj,,VC8 SP1 standalone function probe; no code relocations
0x00439B40,6,0x00439B45,get_score_data,get_score_data,config,matching,100.00,__cdecl,void * get_score_data(void),false,src/config/ScoreData.cpp,scripts/compile-unit.sh src/config/ScoreData.cpp build/probes/ScoreData.obj && python3 scripts/compare-function.py 0x00439B40 build/probes/ScoreData.obj,,Opaque type; CRT initializer and score.dat serializer establish ownership
0x00439B50,167,0x00439BF6,FUN_00439b50,,,unclassified,0.00,unknown,undefined FUN_00439b50(void),false,,,,
0x00439C00,16,0x00439C0F,get_player_slot_record,get_player_slot_record,input,matching,100.00,__cdecl,void * get_player_slot_record(uint slot),false,src/input/InputSelection.cpp,scripts/compile-unit.sh src/input/InputSelection.cpp build/probes/InputSelection.obj && python3 scripts/compare-function.py 0x00439C00 build/probes/InputSelection.obj,,Exact 0x33C-stride address formula; record field names remain inferred
0x00439C10,23,0x00439C26,invalidate_selected_input,invalidate_selected_input,input,matching,100.00,__cdecl,void invalidate_selected_input(uint slot),false,src/input/InputSelection.cpp,scripts/compile-unit.sh src/input/InputSelection.cpp build/probes/InputSelection.obj && python3 scripts/compare-function.py 0x00439C10 build/probes/InputSelection.obj,,Exact pointer clear and 0xFE sentinel write
0x00439C30,12,0x00439C3B,get_selected_input,get_selected_input,input,matching,100.00,__cdecl,void * get_selected_input(uint slot),false,src/input/InputSelection.cpp,scripts/compile-unit.sh src/input/InputSelection.cpp build/probes/InputSelection.obj && python3 scripts/compare-function.py 0x00439C30 build/probes/InputSelection.obj,,Exact selected-input pointer read
0x00439C40,6,0x00439C45,get_combined_menu_input,get_combined_menu_input,input,matching,100.00,__cdecl,void * get_combined_menu_input(void),false,src/input/Input.cpp,scripts/compile-unit.sh src/input/Input.cpp build/probes/Input.obj && python3 scripts/compare-function.py 0x00439C40 build/probes/Input.obj,,VC8 SP1 standalone function probe; no code relocations
0x00439C50,6,0x00439C55,get_combined_menu_input_counters,get_combined_menu_input_counters,input,matching,100.00,__cdecl,char * get_combined_menu_input_counters(void),false,src/input/InputSelection.cpp,scripts/compile-unit.sh src/input/InputSelection.cpp build/probes/InputSelection.obj && python3 scripts/compare-function.py 0x00439C50 build/probes/InputSelection.obj,,Exact combined-menu-input +0x38 address
0x00439C60,11,0x00439C6A,get_selected_input_source,get_selected_input_source,input,matching,100.00,__cdecl,char get_selected_input_source(uint slot),false,src/input/InputSelection.cpp,scripts/compile-unit.sh src/input/InputSelection.cpp build/probes/InputSelection.obj && python3 scripts/compare-function.py 0x00439C60 build/probes/InputSelection.obj,,Exact source-byte read; signed source semantics inferred from callers
0x00439C70,10,0x00439C79,FUN_00439c70,,,unclassified,0.00,unknown,undefined FUN_00439c70(void),false,,,,
0x00439C80,6,0x00439C85,get_player2_input,get_player2_input,input,matching,100.00,__cdecl,void * get_player2_input(void),false,src/input/Input.cpp,scripts/compile-unit.sh src/input/Input.cpp build/probes/Input.obj && python3 scripts/compare-function.py 0x00439C80 build/probes/Input.obj,,Inferred semantics from layout and callers; VC8 SP1 standalone function probe; no code relocations
0x00439C90,6,0x00439C95,get_session_setup_option,get_session_setup_option,input,matching,100.00,__cdecl,uint get_session_setup_option(void),false,src/input/InputSelection.cpp,scripts/compile-unit.sh src/input/InputSelection.cpp build/probes/InputSelection.obj && python3 scripts/compare-function.py 0x00439C90 build/probes/InputSelection.obj,,Exact raw accessor; enum meaning remains inferred
0x00439CA0,10,0x00439CA9,set_session_setup_option,set_session_setup_option,input,matching,100.00,__cdecl,void set_session_setup_option(uint value),false,src/input/InputSelection.cpp,scripts/compile-unit.sh src/input/InputSelection.cpp build/probes/InputSelection.obj && python3 scripts/compare-function.py 0x00439CA0 build/probes/InputSelection.obj,,Exact raw setter; enum meaning remains inferred
0x00439CB0,6,0x00439CB5,get_network_session,get_network_session,network,matching,100.00,__cdecl,void * get_network_session(void),false,src/input/InputSelection.cpp,scripts/compile-unit.sh src/input/InputSelection.cpp build/probes/InputSelection.obj && python3 scripts/compare-function.py 0x00439CB0 build/probes/InputSelection.obj,,CNetworkBase-derived session typing is supported by client/server setup paths
0x00439CC0,70,0x00439D05,FUN_00439cc0,,,unclassified,0.00,unknown,undefined FUN_00439cc0(void),false,,,,
0x00439D10,5,0x00439D14,thunk_FUN_0043ebd0,,,unclassified,0.00,unknown,undefined thunk_FUN_0043ebd0(void),true,,,,
0x00439D20,5,0x00439D24,thunk_FUN_0043e590,,,unclassified,0.00,unknown,undefined thunk_FUN_0043e590(void),true,,,,
0x00439D30,5,0x00439D34,thunk_FUN_0043e530,,,unclassified,0.00,unknown,undefined thunk_FUN_0043e530(void),true,,,,
0x00439D40,17,0x00439D50,FUN_00439d40,,,unclassified,0.00,unknown,undefined FUN_00439d40(void),false,,,,
0x00439D60,40,0x00439D87,FUN_00439d60,,,unclassified,0.00,unknown,undefined FUN_00439d60(void),false,,,,
0x00439D90,47,0x00439DBE,FUN_00439d90,,,unclassified,0.00,unknown,undefined FUN_00439d90(void),false,,,,
0x00439DC0,28,0x00439DDB,FUN_00439dc0,,,unclassified,0.00,unknown,undefined FUN_00439dc0(void),false,,,,
0x00439DE0,39,0x00439E06,FUN_00439de0,,,unclassified,0.00,unknown,undefined FUN_00439de0(void),false,,,,
0x00439E10,80,0x00439E5F,FUN_00439e10,,,unclassified,0.00,unknown,undefined FUN_00439e10(void),false,,,,
0x00439E60,58,0x00439E99,FUN_00439e60,,,unclassified,0.00,unknown,undefined FUN_00439e60(void),false,,,,
0x00439EA0,58,0x00439ED9,FUN_00439ea0,,,unclassified,0.00,unknown,undefined FUN_00439ea0(void),false,,,,
0x00439EE0,24,0x00439EF7,FUN_00439ee0,,,unclassified,0.00,unknown,undefined FUN_00439ee0(void),false,,,,
0x00439F00,31,0x00439F1E,FUN_00439f00,,,unclassified,0.00,unknown,undefined FUN_00439f00(void),false,,,,
0x00439F20,59,0x00439F5A,FUN_00439f20,,,unclassified,0.00,unknown,undefined FUN_00439f20(void),false,,,,
0x00439F60,86,0x00439FB5,FUN_00439f60,,,unclassified,0.00,unknown,undefined FUN_00439f60(void),false,,,,
0x00439FC0,136,0x0043A047,FUN_00439fc0,,,unclassified,0.00,unknown,undefined FUN_00439fc0(void),false,,,,
0x0043A050,206,0x0043A120,FUN_0043a050,,,unclassified,0.00,unknown,undefined FUN_0043a050(void),false,,,,
0x0043A1F0,153,0x0043A288,FUN_0043a1f0,,,unclassified,0.00,unknown,undefined FUN_0043a1f0(void),false,,,,
0x0043A290,24,0x0043A2A7,FUN_0043a290,,,unclassified,0.00,unknown,undefined FUN_0043a290(void),false,,,,
0x0043A2B0,78,0x0043A2FD,FUN_0043a2b0,,,unclassified,0.00,unknown,undefined FUN_0043a2b0(void),false,,,,
0x0043A300,82,0x0043A351,FUN_0043a300,,,unclassified,0.00,unknown,undefined FUN_0043a300(void),false,,,,
0x0043A360,99,0x0043A3C2,FUN_0043a360,,,unclassified,0.00,unknown,undefined FUN_0043a360(void),false,,,,
0x0043A3D0,95,0x0043A434,FUN_0043a3d0,,,unclassified,0.00,unknown,undefined FUN_0043a3d0(void),false,,,,
0x0043A440,95,0x0043A4A4,FUN_0043a440,,,unclassified,0.00,unknown,undefined FUN_0043a440(void),false,,,,
0x0043A4B0,171,0x0043A55A,FUN_0043a4b0,,,unclassified,0.00,unknown,undefined FUN_0043a4b0(void),false,,,,
0x0043A560,286,0x0043A67D,FUN_0043a560,,,unclassified,0.00,unknown,undefined FUN_0043a560(void),false,,,,
0x0043A680,217,0x0043A758,FUN_0043a680,,,unclassified,0.00,unknown,undefined FUN_0043a680(void),false,,,,
0x0043A760,147,0x0043A7F2,FUN_0043a760,,,unclassified,0.00,unknown,undefined FUN_0043a760(void),false,,,,
0x0043A800,36,0x0043A823,FUN_0043a800,,,unclassified,0.00,unknown,undefined FUN_0043a800(void),false,,,,
0x0043A830,55,0x0043A866,FUN_0043a830,,,unclassified,0.00,unknown,undefined FUN_0043a830(void),false,,,,
0x0043A870,89,0x0043A8CE,FUN_0043a870,,,unclassified,0.00,unknown,undefined FUN_0043a870(void),false,,,,
0x0043A8D0,89,0x0043A928,FUN_0043a8d0,,,unclassified,0.00,unknown,undefined FUN_0043a8d0(void),false,,,,
0x0043A930,118,0x0043A9A5,FUN_0043a930,,,unclassified,0.00,unknown,undefined FUN_0043a930(void),false,,,,
0x0043A9B0,85,0x0043AA04,FUN_0043a9b0,,,unclassified,0.00,unknown,undefined FUN_0043a9b0(void),false,,,,
0x0043AA10,106,0x0043AA79,FUN_0043aa10,,,unclassified,0.00,unknown,undefined FUN_0043aa10(void),false,,,,
0x0043AA80,8,0x0043AA87,FUN_0043aa80,,,unclassified,0.00,unknown,undefined FUN_0043aa80(void),false,,,,
0x0043AA90,19,0x0043AAA2,FUN_0043aa90,,,unclassified,0.00,unknown,undefined FUN_0043aa90(void),false,,,,
0x0043AAB0,35,0x0043AAD5,FUN_0043aab0,,,unclassified,0.00,unknown,undefined FUN_0043aab0(void),false,,,,
0x0043AAE0,105,0x0043AB48,FUN_0043aae0,,,unclassified,0.00,unknown,undefined FUN_0043aae0(void),false,,,,
0x0043AB50,38,0x0043AB75,FUN_0043ab50,,,unclassified,0.00,unknown,undefined FUN_0043ab50(void),false,,,,
0x0043AB80,43,0x0043ABAA,FUN_0043ab80,,,unclassified,0.00,unknown,undefined FUN_0043ab80(void),false,,,,
0x0043ABE0,78,0x0043AC2D,FUN_0043abe0,,,unclassified,0.00,unknown,undefined FUN_0043abe0(void),false,,,,
0x0043AC30,203,0x0043AD00,FUN_0043ac30,,,unclassified,0.00,unknown,undefined FUN_0043ac30(void),false,,,,
0x0043AD10,72,0x0043AD57,FUN_0043ad10,,,unclassified,0.00,unknown,undefined FUN_0043ad10(void),false,,,,
0x0043AD60,72,0x0043ADA7,FUN_0043ad60,,,unclassified,0.00,unknown,undefined FUN_0043ad60(void),false,,,,
0x0043ADB0,72,0x0043ADF7,FUN_0043adb0,,,unclassified,0.00,unknown,undefined FUN_0043adb0(void),false,,,,
0x0043AE00,213,0x0043AED4,FUN_0043ae00,,,unclassified,0.00,unknown,undefined FUN_0043ae00(void),false,,,,
0x0043AEE0,69,0x0043AF28,FUN_0043aee0,,,unclassified,0.00,unknown,undefined FUN_0043aee0(void),false,,,,
0x0043AF30,108,0x0043AF9B,FUN_0043af30,,,unclassified,0.00,unknown,undefined FUN_0043af30(void),false,,,,
0x0043AFA0,55,0x0043AFD6,FUN_0043afa0,,,unclassified,0.00,unknown,undefined FUN_0043afa0(void),false,,,,
0x0043AFE0,19,0x0043AFF2,Concurrency::details::SubAllocator::~SubAllocator,,,unclassified,0.00,__thiscall,void ~SubAllocator(SubAllocator * this),false,,,,
0x0043B000,83,0x0043B052,FUN_0043b000,,,unclassified,0.00,unknown,undefined FUN_0043b000(void),false,,,,
0x0043B060,41,0x0043B088,FUN_0043b060,,,unclassified,0.00,unknown,undefined FUN_0043b060(void),false,,,,
0x0043B090,259,0x0043B192,FUN_0043b090,,,unclassified,0.00,unknown,undefined FUN_0043b090(void),false,,,,
0x0043B1A0,175,0x0043B24E,FUN_0043b1a0,,,unclassified,0.00,unknown,undefined FUN_0043b1a0(void),false,,,,
0x0043B250,27,0x0043B26D,FUN_0043b250,,,unclassified,0.00,unknown,undefined FUN_0043b250(void),false,,,,
0x0043B270,108,0x0043B2DB,FUN_0043b270,,,unclassified,0.00,unknown,undefined FUN_0043b270(void),false,,,,
0x0043B2E0,10,0x0043B2E9,FUN_0043b2e0,,,unclassified,0.00,unknown,undefined FUN_0043b2e0(void),false,,,,
0x0043B2F0,5,0x0043B2F4,FUN_0043b2f0,,,unclassified,0.00,unknown,undefined FUN_0043b2f0(void),false,,,,
0x0043B300,7,0x0043B306,FUN_0043b300,,,unclassified,0.00,unknown,undefined FUN_0043b300(void),false,,,,
0x0043B310,3,0x0043B312,FUN_0043b310,,,unclassified,0.00,unknown,undefined FUN_0043b310(void),false,,,,
0x0043B320,57,0x0043B358,FUN_0043b320,,,unclassified,0.00,unknown,undefined FUN_0043b320(void),false,,,,
0x0043B360,109,0x0043B3CC,FUN_0043b360,,,unclassified,0.00,unknown,undefined FUN_0043b360(void),false,,,,
0x0043B3D0,27,0x0043B3ED,FUN_0043b3d0,,,unclassified,0.00,unknown,undefined FUN_0043b3d0(void),false,,,,
0x0043B3F0,108,0x0043B45B,FUN_0043b3f0,,,unclassified,0.00,unknown,undefined FUN_0043b3f0(void),false,,,,
0x0043B460,10,0x0043B469,FUN_0043b460,,,unclassified,0.00,unknown,undefined FUN_0043b460(void),false,,,,
0x0043B470,5,0x0043B474,FUN_0043b470,,,unclassified,0.00,unknown,undefined FUN_0043b470(void),false,,,,
0x0043B480,7,0x0043B486,FUN_0043b480,,,unclassified,0.00,unknown,undefined FUN_0043b480(void),false,,,,
0x0043B490,110,0x0043B4FD,FUN_0043b490,,,unclassified,0.00,unknown,undefined FUN_0043b490(void),false,,,,
0x0043B500,27,0x0043B51D,FUN_0043b500,,,unclassified,0.00,unknown,undefined FUN_0043b500(void),false,,,,
0x0043B520,48,0x0043B54F,FUN_0043b520,,,unclassified,0.00,unknown,undefined FUN_0043b520(void),false,,,,
0x0043B550,113,0x0043B5C0,FUN_0043b550,,,unclassified,0.00,unknown,undefined FUN_0043b550(void),false,,,,
0x0043B5D0,113,0x0043B640,FUN_0043b5d0,,,unclassified,0.00,unknown,undefined FUN_0043b5d0(void),false,,,,
0x0043B650,123,0x0043B6CA,FUN_0043b650,,,unclassified,0.00,unknown,undefined FUN_0043b650(void),false,,,,
0x0043B6D0,168,0x0043B777,FUN_0043b6d0,,,unclassified,0.00,unknown,undefined FUN_0043b6d0(void),false,,,,
0x0043B780,208,0x0043B84F,FUN_0043b780,,,unclassified,0.00,unknown,undefined FUN_0043b780(void),false,,,,
0x0043B850,125,0x0043B8CC,FUN_0043b850,,,unclassified,0.00,unknown,undefined FUN_0043b850(void),false,,,,
0x0043B8CD,9,0x0043B8D5,Catch_All@0043b8cd,,,unclassified,0.00,unknown,undefined Catch_All@0043b8cd(void),false,,,,
0x0043B8F0,737,0x0043BC1B,FUN_0043b8f0,,,unclassified,0.00,unknown,undefined FUN_0043b8f0(void),false,,,,
0x0043BAED,22,0x0043BB02,Catch_All@0043baed,,,unclassified,0.00,unknown,undefined Catch_All@0043baed(void),false,,,,
0x0043BB97,35,0x0043BBB9,Catch_All@0043bb97,,,unclassified,0.00,unknown,undefined Catch_All@0043bb97(void),false,,,,
0x0043BC20,264,0x0043BD27,FUN_0043bc20,,,unclassified,0.00,unknown,undefined FUN_0043bc20(void),false,,,,
0x0043BD30,509,0x0043BF2C,FUN_0043bd30,,,unclassified,0.00,unknown,undefined FUN_0043bd30(void),false,,,,
0x0043BF30,678,0x0043C1D8,FUN_0043bf30,,,unclassified,0.00,unknown,undefined FUN_0043bf30(void),false,,,,
0x0043C220,148,0x0043C2B9,FUN_0043c220,,,unclassified,0.00,unknown,undefined FUN_0043c220(void),false,,,,
0x0043C2C0,185,0x0043C378,FUN_0043c2c0,,,unclassified,0.00,unknown,undefined FUN_0043c2c0(void),false,,,,
0x0043C380,243,0x0043C472,FUN_0043c380,,,unclassified,0.00,unknown,undefined FUN_0043c380(void),false,,,,
0x0043C480,36,0x0043C4A3,FUN_0043c480,,,unclassified,0.00,unknown,undefined FUN_0043c480(void),false,,,,
0x0043C4C0,143,0x0043C54E,FUN_0043c4c0,,,unclassified,0.00,unknown,undefined FUN_0043c4c0(void),false,,,,
0x0043C650,43,0x0043C67A,FUN_0043c650,,,unclassified,0.00,unknown,undefined FUN_0043c650(void),false,,,,
0x0043C680,200,0x0043C748,FUN_0043c680,,,unclassified,0.00,unknown,undefined FUN_0043c680(void),false,,,,
0x0043C750,306,0x0043C881,FUN_0043c750,,,unclassified,0.00,unknown,undefined FUN_0043c750(void),false,,,,
0x0043C890,3703,0x0043D719,FUN_0043c890,,,unclassified,0.00,unknown,undefined FUN_0043c890(void),false,,,,
0x0043D720,60,0x0043D75E,FUN_0043d720,,,unclassified,0.00,unknown,undefined FUN_0043d720(void),false,,,,
0x0043D760,161,0x0043D800,FUN_0043d760,,,unclassified,0.00,unknown,undefined FUN_0043d760(void),false,,,,
0x0043D810,202,0x0043D8DF,FUN_0043d810,,,unclassified,0.00,unknown,undefined FUN_0043d810(void),false,,,,
0x0043D8E0,92,0x0043D93B,FUN_0043d8e0,,,unclassified,0.00,unknown,undefined FUN_0043d8e0(void),false,,,,
0x0043D940,179,0x0043D9F2,FUN_0043d940,,,unclassified,0.00,unknown,undefined FUN_0043d940(void),false,,,,
0x0043DA00,112,0x0043DA6F,FUN_0043da00,,,unclassified,0.00,unknown,undefined FUN_0043da00(void),false,,,,
0x0043DA70,124,0x0043DAEB,FUN_0043da70,,,unclassified,0.00,unknown,undefined FUN_0043da70(void),false,,,,
0x0043DAF0,20,0x0043DB03,FUN_0043daf0,,,unclassified,0.00,unknown,undefined FUN_0043daf0(void),false,,,,
0x0043DB10,111,0x0043DB7E,FUN_0043db10,,,unclassified,0.00,unknown,undefined FUN_0043db10(void),false,,,,
0x0043DB80,103,0x0043DBE6,FUN_0043db80,,,unclassified,0.00,unknown,undefined FUN_0043db80(void),false,,,,
0x0043DBF0,156,0x0043DC8B,FUN_0043dbf0,,,unclassified,0.00,unknown,undefined FUN_0043dbf0(void),false,,,,
0x0043DC90,298,0x0043DDB9,FUN_0043dc90,,,unclassified,0.00,unknown,undefined FUN_0043dc90(void),false,,,,
0x0043DDC0,89,0x0043DE18,FUN_0043ddc0,,,unclassified,0.00,unknown,undefined FUN_0043ddc0(void),false,,,,
0x0043DE20,91,0x0043DE7A,FUN_0043de20,,,unclassified,0.00,unknown,undefined FUN_0043de20(void),false,,,,
0x0043DE80,48,0x0043DEAF,FUN_0043de80,,,unclassified,0.00,unknown,undefined FUN_0043de80(void),false,,,,
0x0043DEB0,97,0x0043DF10,FUN_0043deb0,,,unclassified,0.00,unknown,undefined FUN_0043deb0(void),false,,,,
0x0043DF20,83,0x0043DF72,FUN_0043df20,,,unclassified,0.00,unknown,undefined FUN_0043df20(void),false,,,,
0x0043DF80,55,0x0043DFB6,FUN_0043df80,,,unclassified,0.00,unknown,undefined FUN_0043df80(void),false,,,,
0x0043DFC0,215,0x0043E096,FUN_0043dfc0,,,unclassified,0.00,unknown,undefined FUN_0043dfc0(void),false,,,,
0x0043E0A0,103,0x0043E106,FUN_0043e0a0,,,unclassified,0.00,unknown,undefined FUN_0043e0a0(void),false,,,,
0x0043E110,142,0x0043E19D,FUN_0043e110,,,unclassified,0.00,unknown,undefined FUN_0043e110(void),false,,,,
0x0043E1A0,77,0x0043E1EC,FUN_0043e1a0,,,unclassified,0.00,unknown,undefined FUN_0043e1a0(void),false,,,,
0x0043E1F0,35,0x0043E212,FUN_0043e1f0,,,unclassified,0.00,unknown,undefined FUN_0043e1f0(void),false,,,,
0x0043E220,666,0x0043E4B9,FUN_0043e220,,,unclassified,0.00,unknown,undefined FUN_0043e220(void),false,,,,
0x0043E4C0,101,0x0043E524,FUN_0043e4c0,,,unclassified,0.00,unknown,undefined FUN_0043e4c0(void),false,,,,
0x0043E530,88,0x0043E587,FUN_0043e530,,,unclassified,0.00,unknown,undefined FUN_0043e530(void),false,,,,
0x0043E590,170,0x0043E648,FUN_0043e590,,,unclassified,0.00,unknown,undefined FUN_0043e590(void),false,,,,
0x0043E650,160,0x0043E6EF,FUN_0043e650,,,unclassified,0.00,unknown,undefined FUN_0043e650(void),false,,,,
0x0043E6F0,58,0x0043E729,FUN_0043e6f0,,,unclassified,0.00,unknown,undefined FUN_0043e6f0(void),false,,,,
0x0043E72A,301,0x0043E856,FUN_0043e72a,,,unclassified,0.00,unknown,undefined FUN_0043e72a(void),false,,,,
0x0043E860,129,0x0043E8E0,FUN_0043e860,,,unclassified,0.00,unknown,undefined FUN_0043e860(void),false,,,,
0x0043E8F0,224,0x0043E9CF,FUN_0043e8f0,,,unclassified,0.00,unknown,undefined FUN_0043e8f0(void),false,,,,
0x0043E9D0,475,0x0043EBB3,FUN_0043e9d0,,,unclassified,0.00,unknown,undefined FUN_0043e9d0(void),false,,,,
0x0043EBD0,54,0x0043EC05,FUN_0043ebd0,,,unclassified,0.00,unknown,undefined FUN_0043ebd0(void),false,,,,
0x0043EC10,17,0x0043EC20,FUN_0043ec10,,,unclassified,0.00,unknown,undefined FUN_0043ec10(void),false,,,,
0x0043EC30,38,0x0043EC58,FUN_0043ec30,,,unclassified,0.00,unknown,undefined FUN_0043ec30(void),false,,,,
0x0043EC60,82,0x0043ECB1,FUN_0043ec60,,,unclassified,0.00,unknown,undefined FUN_0043ec60(void),false,,,,
0x0043ECC0,797,0x0043EFDC,FUN_0043ecc0,,,unclassified,0.00,unknown,undefined FUN_0043ecc0(void),false,,,,
0x0043F030,797,0x0043F34F,FUN_0043f030,,,unclassified,0.00,unknown,undefined FUN_0043f030(void),false,,,,
0x0043F350,139,0x0043F3DD,FUN_0043f350,,,unclassified,0.00,unknown,undefined FUN_0043f350(void),false,,,,
0x0043F3E0,27,0x0043F3FD,FUN_0043f3e0,,,unclassified,0.00,unknown,undefined FUN_0043f3e0(void),false,,,,
0x0043F400,197,0x0043F4C4,FUN_0043f400,,,unclassified,0.00,unknown,undefined FUN_0043f400(void),false,,,,
0x0043F4D0,413,0x0043F66C,FUN_0043f4d0,,,unclassified,0.00,unknown,undefined FUN_0043f4d0(void),false,,,,
0x0043F690,665,0x0043F928,FUN_0043f690,,,unclassified,0.00,unknown,undefined FUN_0043f690(void),false,,,,
0x0043F940,179,0x0043F9F2,FUN_0043f940,,,unclassified,0.00,unknown,undefined FUN_0043f940(void),false,,,,
0x0043FA00,868,0x0043FD63,FUN_0043fa00,,,unclassified,0.00,unknown,undefined FUN_0043fa00(void),false,,,,
0x0043FD70,27,0x0043FD8D,FUN_0043fd70,,,unclassified,0.00,unknown,undefined FUN_0043fd70(void),false,,,,
0x0043FD90,27,0x0043FDAA,FUN_0043fd90,,,unclassified,0.00,unknown,undefined FUN_0043fd90(void),false,,,,
0x0043FDB0,752,0x0044009F,FUN_0043fdb0,,,unclassified,0.00,unknown,undefined FUN_0043fdb0(void),false,,,,
0x004400B0,570,0x004402E9,FUN_004400b0,,,unclassified,0.00,unknown,undefined FUN_004400b0(void),false,,,,
0x004402F0,891,0x0044066A,FUN_004402f0,,,unclassified,0.00,unknown,undefined FUN_004402f0(void),false,,,,
0x00440670,25,0x00440688,FUN_00440670,,,unclassified,0.00,unknown,undefined FUN_00440670(void),false,,,,
0x00440690,31,0x004406AE,FUN_00440690,,,unclassified,0.00,unknown,undefined FUN_00440690(void),false,,,,
0x004406B0,60,0x004406EB,FUN_004406b0,,,unclassified,0.00,unknown,undefined FUN_004406b0(void),false,,,,
0x004406F0,55,0x00440726,"std::_String_const_iterator<char,std::char_traits<char>,std::allocator<char>_>::operator*",,,unclassified,0.00,__thiscall,"char * operator*(_String_const_iterator<char,std::char_traits<char>,std::allocator<char>_> * this)",false,,,,
0x00440730,58,0x00440769,FUN_00440730,,,unclassified,0.00,unknown,undefined FUN_00440730(void),false,,,,
0x00440770,46,0x0044079D,FUN_00440770,,,unclassified,0.00,unknown,undefined FUN_00440770(void),false,,,,
0x004407A0,90,0x004407F9,FUN_004407a0,,,unclassified,0.00,unknown,undefined FUN_004407a0(void),false,,,,
0x00440800,8,0x00440807,FUN_00440800,,,unclassified,0.00,unknown,undefined FUN_00440800(void),false,,,,
0x00440810,158,0x004408AD,FUN_00440810,,,unclassified,0.00,unknown,undefined FUN_00440810(void),false,,,,
0x004408B0,165,0x00440954,FUN_004408b0,,,unclassified,0.00,unknown,undefined FUN_004408b0(void),false,,,,
0x00440960,46,0x0044098D,FUN_00440960,,,unclassified,0.00,unknown,undefined FUN_00440960(void),false,,,,
0x00440990,6,0x00440995,FUN_00440990,,,unclassified,0.00,unknown,undefined FUN_00440990(void),false,,,,
0x004409A0,6,0x004409A5,FUN_004409a0,,,unclassified,0.00,unknown,undefined FUN_004409a0(void),false,,,,
0x004409B0,84,0x00440A03,FUN_004409b0,,,unclassified,0.00,unknown,undefined FUN_004409b0(void),false,,,,
0x00440A10,150,0x00440AA5,FUN_00440a10,,,unclassified,0.00,unknown,undefined FUN_00440a10(void),false,,,,
0x00440AB0,312,0x00440BE7,FUN_00440ab0,,,unclassified,0.00,unknown,undefined FUN_00440ab0(void),false,,,,
0x00440BF0,120,0x00440C67,FUN_00440bf0,,,unclassified,0.00,unknown,undefined FUN_00440bf0(void),false,,,,
0x00440C70,322,0x00440DB1,FUN_00440c70,,,unclassified,0.00,unknown,undefined FUN_00440c70(void),false,,,,
0x00440DC0,278,0x00440EDB,FUN_00440dc0,,,unclassified,0.00,unknown,undefined FUN_00440dc0(void),false,,,,
0x00440EE0,166,0x00440F85,FUN_00440ee0,,,unclassified,0.00,unknown,undefined FUN_00440ee0(void),false,,,,
0x00440F90,326,0x004410D5,FUN_00440f90,,,unclassified,0.00,unknown,undefined FUN_00440f90(void),false,,,,
0x004410E0,207,0x004411B1,FUN_004410e0,,,unclassified,0.00,unknown,undefined FUN_004410e0(void),false,,,,
0x004411C0,329,0x00441308,FUN_004411c0,,,unclassified,0.00,unknown,undefined FUN_004411c0(void),false,,,,
0x00441310,269,0x0044141C,FUN_00441310,,,unclassified,0.00,unknown,undefined FUN_00441310(void),false,,,,
0x00441420,75,0x0044146A,FUN_00441420,,,unclassified,0.00,unknown,undefined FUN_00441420(void),false,,,,
0x00441470,157,0x0044150C,FUN_00441470,,,unclassified,0.00,unknown,undefined FUN_00441470(void),false,,,,
0x00441510,85,0x00441564,FUN_00441510,,,unclassified,0.00,unknown,undefined FUN_00441510(void),false,,,,
0x00441570,705,0x004418DE,FUN_00441570,,,unclassified,0.00,unknown,undefined FUN_00441570(void),false,,,,
0x004418E0,706,0x00441BA7,FUN_004418e0,,,unclassified,0.00,unknown,undefined FUN_004418e0(void),false,,,,
0x00441BB0,37,0x00441BD4,FUN_00441bb0,,,unclassified,0.00,unknown,undefined FUN_00441bb0(void),false,,,,
0x00441BE0,542,0x00441E03,FUN_00441be0,,,unclassified,0.00,unknown,undefined FUN_00441be0(void),false,,,,
0x00441E10,49,0x00441E46,FUN_00441e10,,,unclassified,0.00,unknown,undefined FUN_00441e10(void),false,,,,
0x00441E50,108,0x00441EBB,FUN_00441e50,,,unclassified,0.00,unknown,undefined FUN_00441e50(void),false,,,,
0x00441EC0,58,0x00441EFF,FUN_00441ec0,,,unclassified,0.00,unknown,undefined FUN_00441ec0(void),false,,,,
0x00441F00,203,0x00441FCA,FUN_00441f00,,,unclassified,0.00,unknown,undefined FUN_00441f00(void),false,,,,
0x00441FD0,309,0x0044210A,FUN_00441fd0,,,unclassified,0.00,unknown,undefined FUN_00441fd0(void),false,,,,
0x00442110,799,0x00442437,FUN_00442110,,,unclassified,0.00,unknown,undefined FUN_00442110(void),false,,,,
0x00442440,262,0x0044254B,FUN_00442440,,,unclassified,0.00,unknown,undefined FUN_00442440(void),false,,,,
0x00442550,725,0x00442827,FUN_00442550,,,unclassified,0.00,unknown,undefined FUN_00442550(void),false,,,,
0x00442830,27,0x0044284D,FUN_00442830,,,unclassified,0.00,unknown,undefined FUN_00442830(void),false,,,,
0x00442850,699,0x00442B0A,FUN_00442850,,,unclassified,0.00,unknown,undefined FUN_00442850(void),false,,,,
0x00442B50,160,0x00442BEF,FUN_00442b50,,,unclassified,0.00,unknown,undefined FUN_00442b50(void),false,,,,
0x00442BF0,816,0x00442F1F,FUN_00442bf0,,,unclassified,0.00,unknown,undefined FUN_00442bf0(void),false,,,,
0x00442F40,195,0x00443002,FUN_00442f40,,,unclassified,0.00,unknown,undefined FUN_00442f40(void),false,,,,
0x00443020,440,0x004431D7,FUN_00443020,,,unclassified,0.00,unknown,undefined FUN_00443020(void),false,,,,
0x00443210,22,0x00443225,FUN_00443210,,,unclassified,0.00,unknown,undefined FUN_00443210(void),false,,,,
0x00443230,160,0x004432CF,FUN_00443230,,,unclassified,0.00,unknown,undefined FUN_00443230(void),false,,,,
0x004432D0,114,0x00443341,FUN_004432d0,,,unclassified,0.00,unknown,undefined FUN_004432d0(void),false,,,,
0x00443350,27,0x0044336D,FUN_00443350,,,unclassified,0.00,unknown,undefined FUN_00443350(void),false,,,,
0x00443370,257,0x00443470,FUN_00443370,,,unclassified,0.00,unknown,undefined FUN_00443370(void),false,,,,
0x00443490,29,0x004434AC,FUN_00443490,,,unclassified,0.00,unknown,undefined FUN_00443490(void),false,,,,
0x004434B0,157,0x0044354C,FUN_004434b0,,,unclassified,0.00,unknown,undefined FUN_004434b0(void),false,,,,
0x00443550,120,0x004435C7,FUN_00443550,,,unclassified,0.00,unknown,undefined FUN_00443550(void),false,,,,
0x004435D0,27,0x004435ED,FUN_004435d0,,,unclassified,0.00,unknown,undefined FUN_004435d0(void),false,,,,
0x004435F0,281,0x00443708,FUN_004435f0,,,unclassified,0.00,unknown,undefined FUN_004435f0(void),false,,,,
0x00443710,442,0x004438C9,FUN_00443710,,,unclassified,0.00,unknown,undefined FUN_00443710(void),false,,,,
0x004438D0,38,0x004438F5,FUN_004438d0,,,unclassified,0.00,unknown,undefined FUN_004438d0(void),false,,,,
0x00443900,80,0x0044394F,FUN_00443900,,,unclassified,0.00,unknown,undefined FUN_00443900(void),false,,,,
0x00443950,33,0x00443970,FUN_00443950,,,unclassified,0.00,unknown,undefined FUN_00443950(void),false,,,,
0x00443980,51,0x004439B5,FUN_00443980,,,unclassified,0.00,unknown,undefined FUN_00443980(void),false,,,,
0x004439C0,185,0x00443A78,FUN_004439c0,,,unclassified,0.00,unknown,undefined FUN_004439c0(void),false,,,,
0x00443A80,318,0x00443BBD,FUN_00443a80,,,unclassified,0.00,unknown,undefined FUN_00443a80(void),false,,,,
0x00443BC0,27,0x00443BDD,FUN_00443bc0,,,unclassified,0.00,unknown,undefined FUN_00443bc0(void),false,,,,
0x00443BE0,858,0x00443F42,FUN_00443be0,,,unclassified,0.00,unknown,undefined FUN_00443be0(void),false,,,,
0x00443F50,211,0x00444022,FUN_00443f50,,,unclassified,0.00,unknown,undefined FUN_00443f50(void),false,,,,
0x00444030,269,0x0044413C,FUN_00444030,,,unclassified,0.00,unknown,undefined FUN_00444030(void),false,,,,
0x00444140,381,0x004442BC,FUN_00444140,,,unclassified,0.00,unknown,undefined FUN_00444140(void),false,,,,
0x004442C0,39,0x004442E9,FUN_004442c0,,,unclassified,0.00,unknown,undefined FUN_004442c0(void),false,,,,
0x00444300,826,0x00444639,FUN_00444300,,,unclassified,0.00,unknown,undefined FUN_00444300(void),false,,,,
0x00444640,186,0x004446F9,FUN_00444640,,,unclassified,0.00,unknown,undefined FUN_00444640(void),false,,,,
0x00444700,27,0x0044471D,FUN_00444700,,,unclassified,0.00,unknown,undefined FUN_00444700(void),false,,,,
0x004447E0,11,0x004447EA,FUN_004447e0,,,unclassified,0.00,unknown,undefined FUN_004447e0(void),false,,,,
0x004447F0,282,0x00444909,FUN_004447f0,,,unclassified,0.00,unknown,undefined FUN_004447f0(void),false,,,,
0x00444910,229,0x004449F4,FUN_00444910,,,unclassified,0.00,unknown,undefined FUN_00444910(void),false,,,,
0x00444E30,1384,0x00444EB3,FUN_00444e30,,,unclassified,0.00,unknown,undefined FUN_00444e30(void),false,,,,
0x00444EC0,187,0x00444F7A,FUN_00444ec0,,,unclassified,0.00,unknown,undefined FUN_00444ec0(void),false,,,,
0x00444F80,350,0x004450DD,FUN_00444f80,,,unclassified,0.00,unknown,undefined FUN_00444f80(void),false,,,,
0x004450E0,27,0x004450FD,FUN_004450e0,,,unclassified,0.00,unknown,undefined FUN_004450e0(void),false,,,,
0x00445100,267,0x0044520D,FUN_00445100,,,unclassified,0.00,unknown,undefined FUN_00445100(void),false,,,,
0x00445210,342,0x00445365,FUN_00445210,,,unclassified,0.00,unknown,undefined FUN_00445210(void),false,,,,
0x00445370,5,0x00445374,thunk_FUN_0051d0d0,,,unclassified,0.00,unknown,undefined thunk_FUN_0051d0d0(void),true,,,,
0x00445380,341,0x004454D7,FUN_00445380,,,unclassified,0.00,unknown,undefined FUN_00445380(void),false,,,,
0x004454E0,117,0x00445554,FUN_004454e0,,,unclassified,0.00,unknown,undefined FUN_004454e0(void),false,,,,
0x00445560,128,0x004455DF,FUN_00445560,,,unclassified,0.00,unknown,undefined FUN_00445560(void),false,,,,
0x004455E0,55,0x00445616,FUN_004455e0,,,unclassified,0.00,unknown,undefined FUN_004455e0(void),false,,,,
0x00445620,619,0x0044588A,FUN_00445620,,,unclassified,0.00,unknown,undefined FUN_00445620(void),false,,,,
0x00445890,73,0x004458DB,FUN_00445890,,,unclassified,0.00,unknown,undefined FUN_00445890(void),false,,,,
0x004458E0,43,0x0044590A,FUN_004458e0,,,unclassified,0.00,unknown,undefined FUN_004458e0(void),false,,,,
0x00445910,253,0x00445A0F,FUN_00445910,,,unclassified,0.00,unknown,undefined FUN_00445910(void),false,,,,
0x00445A10,502,0x00445C05,FUN_00445a10,,,unclassified,0.00,unknown,undefined FUN_00445a10(void),false,,,,
0x00445C10,27,0x00445C2D,FUN_00445c10,,,unclassified,0.00,unknown,undefined FUN_00445c10(void),false,,,,
0x00445C30,1127,0x0044609C,FUN_00445c30,,,unclassified,0.00,unknown,undefined FUN_00445c30(void),false,,,,
0x004460A0,669,0x0044633C,FUN_004460a0,,,unclassified,0.00,unknown,undefined FUN_004460a0(void),false,,,,
0x00446360,114,0x004463D1,FUN_00446360,,,unclassified,0.00,unknown,undefined FUN_00446360(void),false,,,,
0x004463E0,400,0x00446575,FUN_004463e0,,,unclassified,0.00,unknown,undefined FUN_004463e0(void),false,,,,
0x00446580,76,0x004465CB,FUN_00446580,,,unclassified,0.00,unknown,undefined FUN_00446580(void),false,,,,
0x004465D0,140,0x0044665B,FUN_004465d0,,,unclassified,0.00,unknown,undefined FUN_004465d0(void),false,,,,
0x00446660,275,0x00446772,FUN_00446660,,,unclassified,0.00,unknown,undefined FUN_00446660(void),false,,,,
0x00446780,27,0x0044679D,FUN_00446780,,,unclassified,0.00,unknown,undefined FUN_00446780(void),false,,,,
0x004467A0,205,0x0044686C,FUN_004467a0,,,unclassified,0.00,unknown,undefined FUN_004467a0(void),false,,,,
0x00446870,178,0x00446921,FUN_00446870,,,unclassified,0.00,unknown,undefined FUN_00446870(void),false,,,,
0x00446930,372,0x00446AA3,FUN_00446930,,,unclassified,0.00,unknown,undefined FUN_00446930(void),false,,,,
0x00446AB0,164,0x00446B53,FUN_00446ab0,,,unclassified,0.00,unknown,undefined FUN_00446ab0(void),false,,,,
0x00446B60,571,0x00446D9A,FUN_00446b60,,,unclassified,0.00,unknown,undefined FUN_00446b60(void),false,,,,
0x00446DA0,27,0x00446DBD,FUN_00446da0,,,unclassified,0.00,unknown,undefined FUN_00446da0(void),false,,,,
0x00446DC0,82,0x00446E11,FUN_00446dc0,,,unclassified,0.00,unknown,undefined FUN_00446dc0(void),false,,,,
0x00446E20,137,0x00446EA8,FUN_00446e20,,,unclassified,0.00,unknown,undefined FUN_00446e20(void),false,,,,
0x00446EB0,99,0x00446F12,FUN_00446eb0,,,unclassified,0.00,unknown,undefined FUN_00446eb0(void),false,,,,
0x00446F20,7,0x00446F26,FUN_00446f20,,,unclassified,0.00,unknown,undefined FUN_00446f20(void),false,,,,
0x00446F30,15,0x00446F3E,FUN_00446f30,,,unclassified,0.00,unknown,undefined FUN_00446f30(void),false,,,,
0x00446F40,437,0x004470F4,FUN_00446f40,,,unclassified,0.00,unknown,undefined FUN_00446f40(void),false,,,,
0x00447100,42,0x00447134,FUN_00447100,,,unclassified,0.00,unknown,undefined FUN_00447100(void),false,,,,
0x00447140,57,0x00447178,FUN_00447140,,,unclassified,0.00,unknown,undefined FUN_00447140(void),false,,,,
0x00447180,55,0x004471B6,FUN_00447180,,,unclassified,0.00,unknown,undefined FUN_00447180(void),false,,,,
0x004471C0,109,0x0044722C,FUN_004471c0,,,unclassified,0.00,unknown,undefined FUN_004471c0(void),false,,,,
0x00447230,358,0x00447395,FUN_00447230,,,unclassified,0.00,unknown,undefined FUN_00447230(void),false,,,,
0x004473A0,2521,0x00447D78,FUN_004473a0,,,unclassified,0.00,unknown,undefined FUN_004473a0(void),false,,,,
0x00447D80,640,0x00447FFF,FUN_00447d80,,,unclassified,0.00,unknown,undefined FUN_00447d80(void),false,,,,
0x00448040,509,0x0044823C,FUN_00448040,,,unclassified,0.00,unknown,undefined FUN_00448040(void),false,,,,
0x00448240,200,0x00448308,FUN_00448240,,,unclassified,0.00,unknown,undefined FUN_00448240(void),false,,,,
0x00448310,189,0x004483CC,FUN_00448310,,,unclassified,0.00,unknown,undefined FUN_00448310(void),false,,,,
0x004483D0,340,0x00448526,FUN_004483d0,,,unclassified,0.00,unknown,undefined FUN_004483d0(void),false,,,,
0x00448530,395,0x004486BA,FUN_00448530,,,unclassified,0.00,unknown,undefined FUN_00448530(void),false,,,,
0x004486C0,121,0x00448738,FUN_004486c0,,,unclassified,0.00,unknown,undefined FUN_004486c0(void),false,,,,
0x00448740,36,0x00448763,FUN_00448740,,,unclassified,0.00,unknown,undefined FUN_00448740(void),false,,,,
0x00448780,159,0x0044881E,FUN_00448780,,,unclassified,0.00,unknown,undefined FUN_00448780(void),false,,,,
0x00448820,1372,0x00448D7E,FUN_00448820,,,unclassified,0.00,unknown,undefined FUN_00448820(void),false,,,,
0x00448DA0,1339,0x004492DA,FUN_00448da0,,,unclassified,0.00,unknown,undefined FUN_00448da0(void),false,,,,
0x004492E0,247,0x004493D6,FUN_004492e0,,,unclassified,0.00,unknown,undefined FUN_004492e0(void),false,,,,
0x00449450,2121,0x00449CA7,FUN_00449450,,,unclassified,0.00,unknown,undefined FUN_00449450(void),false,,,,
0x00449CB0,27,0x00449CCD,FUN_00449cb0,,,unclassified,0.00,unknown,undefined FUN_00449cb0(void),false,,,,
0x00449CD0,498,0x00449EC4,FUN_00449cd0,,,unclassified,0.00,unknown,undefined FUN_00449cd0(void),false,,,,
0x00449ED0,783,0x0044A1E5,FUN_00449ed0,,,unclassified,0.00,unknown,undefined FUN_00449ed0(void),false,,,,
0x0044A1F0,355,0x0044A352,FUN_0044a1f0,,,unclassified,0.00,unknown,undefined FUN_0044a1f0(void),false,,,,
0x0044A360,188,0x0044A41B,FUN_0044a360,,,unclassified,0.00,unknown,undefined FUN_0044a360(void),false,,,,
0x0044A420,567,0x0044A656,FUN_0044a420,,,unclassified,0.00,unknown,undefined FUN_0044a420(void),false,,,,
0x0044A660,27,0x0044A67D,FUN_0044a660,,,unclassified,0.00,unknown,undefined FUN_0044a660(void),false,,,,
0x0044A680,256,0x0044A77F,FUN_0044a680,,,unclassified,0.00,unknown,undefined FUN_0044a680(void),false,,,,
0x0044A7A0,223,0x0044A87E,FUN_0044a7a0,,,unclassified,0.00,unknown,undefined FUN_0044a7a0(void),false,,,,
0x0044A880,236,0x0044A96B,FUN_0044a880,,,unclassified,0.00,unknown,undefined FUN_0044a880(void),false,,,,
0x0044A970,248,0x0044AA67,FUN_0044a970,,,unclassified,0.00,unknown,undefined FUN_0044a970(void),false,,,,
0x0044AA70,42,0x0044AA99,FUN_0044aa70,,,unclassified,0.00,unknown,undefined FUN_0044aa70(void),false,,,,
0x0044AAA0,606,0x0044AD0C,FUN_0044aaa0,,,unclassified,0.00,unknown,undefined FUN_0044aaa0(void),false,,,,
0x0044AD10,870,0x0044B09B,FUN_0044ad10,,,unclassified,0.00,unknown,undefined FUN_0044ad10(void),false,,,,
0x0044B0A0,315,0x0044B1E3,FUN_0044b0a0,,,unclassified,0.00,unknown,undefined FUN_0044b0a0(void),false,,,,
0x0044B1F0,515,0x0044B400,FUN_0044b1f0,,,unclassified,0.00,unknown,undefined FUN_0044b1f0(void),false,,,,
0x0044B410,446,0x0044B5CD,FUN_0044b410,,,unclassified,0.00,unknown,undefined FUN_0044b410(void),false,,,,
0x0044B770,371,0x0044B8E2,FUN_0044b770,,,unclassified,0.00,unknown,undefined FUN_0044b770(void),false,,,,
0x0044B900,696,0x0044BBB7,FUN_0044b900,,,unclassified,0.00,unknown,undefined FUN_0044b900(void),false,,,,
0x0044BBD0,591,0x0044BCB2,FUN_0044bbd0,,,unclassified,0.00,unknown,undefined FUN_0044bbd0(void),false,,,,
0x0044BCD0,407,0x0044BE75,FUN_0044bcd0,,,unclassified,0.00,unknown,undefined FUN_0044bcd0(void),false,,,,
0x0044BE80,496,0x0044C06F,FUN_0044be80,,,unclassified,0.00,unknown,undefined FUN_0044be80(void),false,,,,
0x0044C070,27,0x0044C08D,FUN_0044c070,,,unclassified,0.00,unknown,undefined FUN_0044c070(void),false,,,,
0x0044C090,106,0x0044C0F9,FUN_0044c090,,,unclassified,0.00,unknown,undefined FUN_0044c090(void),false,,,,
0x0044C100,46,0x0044C12D,FUN_0044c100,,,unclassified,0.00,unknown,undefined FUN_0044c100(void),false,,,,
0x0044C130,21,0x0044C144,FUN_0044c130,,,unclassified,0.00,unknown,undefined FUN_0044c130(void),false,,,,
0x0044C150,36,0x0044C173,FUN_0044c150,,,unclassified,0.00,unknown,undefined FUN_0044c150(void),false,,,,
0x0044C180,55,0x0044C1B6,FUN_0044c180,,,unclassified,0.00,unknown,undefined FUN_0044c180(void),false,,,,
0x0044C1C0,27,0x0044C1DA,FUN_0044c1c0,,,unclassified,0.00,unknown,undefined FUN_0044c1c0(void),false,,,,
0x0044C1E0,19,0x0044C1F2,FUN_0044c1e0,,,unclassified,0.00,unknown,undefined FUN_0044c1e0(void),false,,,,
0x0044C200,110,0x0044C26D,FUN_0044c200,,,unclassified,0.00,unknown,undefined FUN_0044c200(void),false,,,,
0x0044C270,48,0x0044C29F,FUN_0044c270,,,unclassified,0.00,unknown,undefined FUN_0044c270(void),false,,,,
0x0044C2A0,104,0x0044C307,FUN_0044c2a0,,,unclassified,0.00,unknown,undefined FUN_0044c2a0(void),false,,,,
0x0044C310,285,0x0044C42C,FUN_0044c310,,,unclassified,0.00,unknown,undefined FUN_0044c310(void),false,,,,
0x0044C430,8,0x0044C437,FUN_0044c430,,,unclassified,0.00,unknown,undefined FUN_0044c430(void),false,,,,
0x0044C440,41,0x0044C468,FUN_0044c440,,,unclassified,0.00,unknown,undefined FUN_0044c440(void),false,,,,
0x0044C470,19,0x0044C482,Concurrency::details::SubAllocator::~SubAllocator,,,unclassified,0.00,__thiscall,void ~SubAllocator(SubAllocator * this),false,,,,
0x0044C490,411,0x0044C62A,FUN_0044c490,,,unclassified,0.00,unknown,undefined FUN_0044c490(void),false,,,,
0x0044C630,618,0x0044C89C,FUN_0044c630,,,unclassified,0.00,unknown,undefined FUN_0044c630(void),false,,,,
0x0044C8A0,288,0x0044C9C3,FUN_0044c8a0,,,unclassified,0.00,unknown,undefined FUN_0044c8a0(void),false,,,,
0x0044C9D0,78,0x0044CA1D,FUN_0044c9d0,,,unclassified,0.00,unknown,undefined FUN_0044c9d0(void),false,,,,
0x0044CA20,183,0x0044CAD6,FUN_0044ca20,,,unclassified,0.00,unknown,undefined FUN_0044ca20(void),false,,,,
0x0044CAE0,171,0x0044CB8A,FUN_0044cae0,,,unclassified,0.00,unknown,undefined FUN_0044cae0(void),false,,,,
0x0044CB90,163,0x0044CC39,FUN_0044cb90,,,unclassified,0.00,unknown,undefined FUN_0044cb90(void),false,,,,
0x0044CC40,407,0x0044CDD6,FUN_0044cc40,,,unclassified,0.00,unknown,undefined FUN_0044cc40(void),false,,,,
0x0044CDE0,566,0x0044D015,FUN_0044cde0,,,unclassified,0.00,unknown,undefined FUN_0044cde0(void),false,,,,
0x0044D020,48,0x0044D04F,FUN_0044d020,,,unclassified,0.00,unknown,undefined FUN_0044d020(void),false,,,,
0x0044D050,78,0x0044D09D,FUN_0044d050,,,unclassified,0.00,unknown,undefined FUN_0044d050(void),false,,,,
0x0044D0A0,15,0x0044D0AE,FUN_0044d0a0,,,unclassified,0.00,unknown,undefined FUN_0044d0a0(void),false,,,,
0x0044D0B0,30,0x0044D0CD,FUN_0044d0b0,,,unclassified,0.00,unknown,undefined FUN_0044d0b0(void),false,,,,
0x0044D0D0,100,0x0044D133,FUN_0044d0d0,,,unclassified,0.00,unknown,undefined FUN_0044d0d0(void),false,,,,
0x0044D140,21,0x0044D154,FUN_0044d140,,,unclassified,0.00,unknown,undefined FUN_0044d140(void),false,,,,
0x0044D160,13,0x0044D16C,FUN_0044d160,,,unclassified,0.00,unknown,undefined FUN_0044d160(void),false,,,,
0x0044D170,91,0x0044D1CA,FUN_0044d170,,,unclassified,0.00,unknown,undefined FUN_0044d170(void),false,,,,
0x0044D1D0,13,0x0044D1DC,FUN_0044d1d0,,,unclassified,0.00,unknown,undefined FUN_0044d1d0(void),false,,,,
0x0044D1E0,21,0x0044D1F4,FUN_0044d1e0,,,unclassified,0.00,unknown,undefined FUN_0044d1e0(void),false,,,,
0x0044D200,15,0x0044D20E,FUN_0044d200,,,unclassified,0.00,unknown,undefined FUN_0044d200(void),false,,,,
0x0044D210,93,0x0044D26C,FUN_0044d210,,,unclassified,0.00,unknown,undefined FUN_0044d210(void),false,,,,
0x0044D270,166,0x0044D315,FUN_0044d270,,,unclassified,0.00,unknown,undefined FUN_0044d270(void),false,,,,
0x0044D320,63,0x0044D35E,FUN_0044d320,,,unclassified,0.00,unknown,undefined FUN_0044d320(void),false,,,,
0x0044D360,79,0x0044D3AE,FUN_0044d360,,,unclassified,0.00,unknown,undefined FUN_0044d360(void),false,,,,
0x0044D3B0,68,0x0044D3F3,FUN_0044d3b0,,,unclassified,0.00,unknown,undefined FUN_0044d3b0(void),false,,,,
0x0044D400,79,0x0044D44E,FUN_0044d400,,,unclassified,0.00,unknown,undefined FUN_0044d400(void),false,,,,
0x0044D450,573,0x0044D68C,FUN_0044d450,,,unclassified,0.00,unknown,undefined FUN_0044d450(void),false,,,,
0x0044D690,152,0x0044D727,FUN_0044d690,,,unclassified,0.00,unknown,undefined FUN_0044d690(void),false,,,,
0x0044D730,199,0x0044D7F6,FUN_0044d730,,,unclassified,0.00,unknown,undefined FUN_0044d730(void),false,,,,
0x0044D800,582,0x0044DA45,FUN_0044d800,,,unclassified,0.00,unknown,undefined FUN_0044d800(void),false,,,,
0x0044DA70,269,0x0044DB7C,FUN_0044da70,,,unclassified,0.00,unknown,undefined FUN_0044da70(void),false,,,,
0x0044DB80,399,0x0044DD0E,FUN_0044db80,,,unclassified,0.00,unknown,undefined FUN_0044db80(void),false,,,,
0x0044DD10,324,0x0044DE53,FUN_0044dd10,,,unclassified,0.00,unknown,undefined FUN_0044dd10(void),false,,,,
0x0044DE60,53,0x0044DE94,FUN_0044de60,,,unclassified,0.00,unknown,undefined FUN_0044de60(void),false,,,,
0x0044DEA0,37,0x0044DEC4,FUN_0044dea0,,,unclassified,0.00,unknown,undefined FUN_0044dea0(void),false,,,,
0x0044DED0,162,0x0044DF71,FUN_0044ded0,,,unclassified,0.00,unknown,undefined FUN_0044ded0(void),false,,,,
0x0044DF80,289,0x0044E0A0,FUN_0044df80,,,unclassified,0.00,unknown,undefined FUN_0044df80(void),false,,,,
0x0044E0B0,175,0x0044E15E,FUN_0044e0b0,,,unclassified,0.00,unknown,undefined FUN_0044e0b0(void),false,,,,
0x0044E160,65,0x0044E1A0,FUN_0044e160,,,unclassified,0.00,unknown,undefined FUN_0044e160(void),false,,,,
0x0044E1B0,165,0x0044E254,FUN_0044e1b0,,,unclassified,0.00,unknown,undefined FUN_0044e1b0(void),false,,,,
0x0044E260,78,0x0044E2AD,FUN_0044e260,,,unclassified,0.00,unknown,undefined FUN_0044e260(void),false,,,,
0x0044E2B0,99,0x0044E312,FUN_0044e2b0,,,unclassified,0.00,unknown,undefined FUN_0044e2b0(void),false,,,,
0x0044E320,409,0x0044E4B8,FUN_0044e320,,,unclassified,0.00,unknown,undefined FUN_0044e320(void),false,,,,
0x0044E4C0,532,0x0044E6D3,FUN_0044e4c0,,,unclassified,0.00,unknown,undefined FUN_0044e4c0(void),false,,,,
0x0044E700,162,0x0044E7A1,FUN_0044e700,,,unclassified,0.00,unknown,undefined FUN_0044e700(void),false,,,,
0x0044E7B0,341,0x0044E904,FUN_0044e7b0,,,unclassified,0.00,unknown,undefined FUN_0044e7b0(void),false,,,,
0x0044E910,69,0x0044E954,FUN_0044e910,,,unclassified,0.00,unknown,undefined FUN_0044e910(void),false,,,,
0x0044E960,284,0x0044EA7B,FUN_0044e960,,,unclassified,0.00,unknown,undefined FUN_0044e960(void),false,,,,
0x0044EA80,131,0x0044EB02,FUN_0044ea80,,,unclassified,0.00,unknown,undefined FUN_0044ea80(void),false,,,,
0x0044EB10,211,0x0044EBE2,FUN_0044eb10,,,unclassified,0.00,unknown,undefined FUN_0044eb10(void),false,,,,
0x0044EBF0,90,0x0044EC49,FUN_0044ebf0,,,unclassified,0.00,unknown,undefined FUN_0044ebf0(void),false,,,,
0x0044EC50,160,0x0044ECEF,FUN_0044ec50,,,unclassified,0.00,unknown,undefined FUN_0044ec50(void),false,,,,
0x0044ECF0,74,0x0044ED39,FUN_0044ecf0,,,unclassified,0.00,unknown,undefined FUN_0044ecf0(void),false,,,,
0x0044ED40,155,0x0044EDDA,FUN_0044ed40,,,unclassified,0.00,unknown,undefined FUN_0044ed40(void),false,,,,
0x0044EDE0,155,0x0044EE7A,FUN_0044ede0,,,unclassified,0.00,unknown,undefined FUN_0044ede0(void),false,,,,
0x0044EE80,28,0x0044EE9E,FUN_0044ee80,,,unclassified,0.00,unknown,undefined FUN_0044ee80(void),false,,,,
0x0044EEA0,48,0x0044EECF,FUN_0044eea0,,,unclassified,0.00,unknown,undefined FUN_0044eea0(void),false,,,,
0x0044EED0,137,0x0044EF58,FUN_0044eed0,,,unclassified,0.00,unknown,undefined FUN_0044eed0(void),false,,,,
0x0044EF60,60,0x0044EF9B,FUN_0044ef60,,,unclassified,0.00,unknown,undefined FUN_0044ef60(void),false,,,,
0x0044EFA0,87,0x0044EFF6,FUN_0044efa0,,,unclassified,0.00,unknown,undefined FUN_0044efa0(void),false,,,,
0x0044F000,118,0x0044F075,FUN_0044f000,,,unclassified,0.00,unknown,undefined FUN_0044f000(void),false,,,,
0x0044F080,41,0x0044F0A8,FUN_0044f080,,,unclassified,0.00,unknown,undefined FUN_0044f080(void),false,,,,
0x0044F0B0,41,0x0044F0D8,FUN_0044f0b0,,,unclassified,0.00,unknown,undefined FUN_0044f0b0(void),false,,,,
0x0044F0E0,41,0x0044F108,FUN_0044f0e0,,,unclassified,0.00,unknown,undefined FUN_0044f0e0(void),false,,,,
0x0044F110,41,0x0044F138,FUN_0044f110,,,unclassified,0.00,unknown,undefined FUN_0044f110(void),false,,,,
0x0044F140,41,0x0044F168,FUN_0044f140,,,unclassified,0.00,unknown,undefined FUN_0044f140(void),false,,,,
0x0044F170,96,0x0044F1CF,FUN_0044f170,,,unclassified,0.00,unknown,undefined FUN_0044f170(void),false,,,,
0x0044F1D0,395,0x0044F35A,FUN_0044f1d0,,,unclassified,0.00,unknown,undefined FUN_0044f1d0(void),false,,,,
0x0044F360,35,0x0044F385,FUN_0044f360,,,unclassified,0.00,unknown,undefined FUN_0044f360(void),false,,,,
0x0044F390,90,0x0044F3E9,FUN_0044f390,,,unclassified,0.00,unknown,undefined FUN_0044f390(void),false,,,,
0x0044F3F0,163,0x0044F492,FUN_0044f3f0,,,unclassified,0.00,unknown,undefined FUN_0044f3f0(void),false,,,,
0x0044F4A0,164,0x0044F543,FUN_0044f4a0,,,unclassified,0.00,unknown,undefined FUN_0044f4a0(void),false,,,,
0x0044F550,87,0x0044F5A6,FUN_0044f550,,,unclassified,0.00,unknown,undefined FUN_0044f550(void),false,,,,
0x0044F5B0,56,0x0044F5E7,FUN_0044f5b0,,,unclassified,0.00,unknown,undefined FUN_0044f5b0(void),false,,,,
0x0044F5F0,56,0x0044F627,FUN_0044f5f0,,,unclassified,0.00,unknown,undefined FUN_0044f5f0(void),false,,,,
0x0044F630,58,0x0044F66F,FUN_0044f630,,,unclassified,0.00,unknown,undefined FUN_0044f630(void),false,,,,
0x0044F670,183,0x0044F726,FUN_0044f670,,,unclassified,0.00,unknown,undefined FUN_0044f670(void),false,,,,
0x0044F730,187,0x0044F7EA,FUN_0044f730,,,unclassified,0.00,unknown,undefined FUN_0044f730(void),false,,,,
0x0044F7F0,111,0x0044F85E,FUN_0044f7f0,,,unclassified,0.00,unknown,undefined FUN_0044f7f0(void),false,,,,
0x0044F860,282,0x0044F979,FUN_0044f860,,,unclassified,0.00,unknown,undefined FUN_0044f860(void),false,,,,
0x0044F980,145,0x0044FA10,FUN_0044f980,,,unclassified,0.00,unknown,undefined FUN_0044f980(void),false,,,,
0x0044FA20,115,0x0044FA92,FUN_0044fa20,,,unclassified,0.00,unknown,undefined FUN_0044fa20(void),false,,,,
0x0044FAA0,115,0x0044FB12,FUN_0044faa0,,,unclassified,0.00,unknown,undefined FUN_0044faa0(void),false,,,,
0x0044FB20,160,0x0044FBBF,FUN_0044fb20,,,unclassified,0.00,unknown,undefined FUN_0044fb20(void),false,,,,
0x0044FBC0,509,0x0044FDBC,FUN_0044fbc0,,,unclassified,0.00,unknown,undefined FUN_0044fbc0(void),false,,,,
0x0044FDC0,801,0x004500E0,FUN_0044fdc0,,,unclassified,0.00,unknown,undefined FUN_0044fdc0(void),false,,,,
0x00450110,89,0x00450168,FUN_00450110,,,unclassified,0.00,unknown,undefined FUN_00450110(void),false,,,,
0x00450170,200,0x00450237,FUN_00450170,,,unclassified,0.00,unknown,undefined FUN_00450170(void),false,,,,
0x00450240,338,0x00450394,FUN_00450240,,,unclassified,0.00,unknown,undefined FUN_00450240(void),false,,,,
0x004503A0,107,0x0045040A,FUN_004503a0,,,unclassified,0.00,unknown,undefined FUN_004503a0(void),false,,,,
0x00450410,125,0x0045048C,FUN_00450410,,,unclassified,0.00,unknown,undefined FUN_00450410(void),false,,,,
0x0045048D,9,0x00450495,Catch_All@0045048d,,,unclassified,0.00,unknown,undefined Catch_All@0045048d(void),false,,,,
0x004504B0,118,0x00450525,FUN_004504b0,,,unclassified,0.00,unknown,undefined FUN_004504b0(void),false,,,,
0x00450530,95,0x0045058E,FUN_00450530,,,unclassified,0.00,unknown,undefined FUN_00450530(void),false,,,,
0x00450590,94,0x004505ED,FUN_00450590,,,unclassified,0.00,unknown,undefined FUN_00450590(void),false,,,,
0x004505F0,509,0x004507EC,FUN_004505f0,,,unclassified,0.00,unknown,undefined FUN_004505f0(void),false,,,,
0x004507F0,1748,0x00450F09,FUN_004507f0,,,unclassified,0.00,unknown,undefined FUN_004507f0(void),false,,,,
0x00450A68,32,0x00450A87,Catch_All@00450a68,,,unclassified,0.00,unknown,undefined Catch_All@00450a68(void),false,,,,
0x00450DAF,38,0x00450DD4,Catch_All@00450daf,,,unclassified,0.00,unknown,undefined Catch_All@00450daf(void),false,,,,
0x00450F10,1745,0x0045162A,FUN_00450f10,,,unclassified,0.00,unknown,undefined FUN_00450f10(void),false,,,,
0x004511B1,36,0x004511D4,Catch_All@004511b1,,,unclassified,0.00,unknown,undefined Catch_All@004511b1(void),false,,,,
0x004514D7,32,0x004514F6,Catch_All@004514d7,,,unclassified,0.00,unknown,undefined Catch_All@004514d7(void),false,,,,
0x00451630,303,0x0045175E,FUN_00451630,,,unclassified,0.00,unknown,undefined FUN_00451630(void),false,,,,
0x00451760,88,0x004517B7,FUN_00451760,,,unclassified,0.00,unknown,undefined FUN_00451760(void),false,,,,
0x004517C0,88,0x00451817,FUN_004517c0,,,unclassified,0.00,unknown,undefined FUN_004517c0(void),false,,,,
0x00451820,104,0x00451887,FUN_00451820,,,unclassified,0.00,unknown,undefined FUN_00451820(void),false,,,,
0x00451890,376,0x00451A10,FUN_00451890,,,unclassified,0.00,unknown,undefined FUN_00451890(void),false,,,,
0x00451A20,376,0x00451BA0,FUN_00451a20,,,unclassified,0.00,unknown,undefined FUN_00451a20(void),false,,,,
0x00451BB0,376,0x00451D30,FUN_00451bb0,,,unclassified,0.00,unknown,undefined FUN_00451bb0(void),false,,,,
0x00451D40,376,0x00451EC0,FUN_00451d40,,,unclassified,0.00,unknown,undefined FUN_00451d40(void),false,,,,
0x00451ED0,376,0x00452050,FUN_00451ed0,,,unclassified,0.00,unknown,undefined FUN_00451ed0(void),false,,,,
0x00452060,376,0x004521E0,FUN_00452060,,,unclassified,0.00,unknown,undefined FUN_00452060(void),false,,,,
0x004521F0,376,0x00452370,FUN_004521f0,,,unclassified,0.00,unknown,undefined FUN_004521f0(void),false,,,,
0x00452380,236,0x0045246B,FUN_00452380,,,unclassified,0.00,unknown,undefined FUN_00452380(void),false,,,,
0x0045246C,17,0x0045247C,Catch_All@0045246c,,,unclassified,0.00,unknown,undefined Catch_All@0045246c(void),false,,,,
0x00452480,236,0x0045256B,FUN_00452480,,,unclassified,0.00,unknown,undefined FUN_00452480(void),false,,,,
0x0045256C,17,0x0045257C,Catch_All@0045256c,,,unclassified,0.00,unknown,undefined Catch_All@0045256c(void),false,,,,
0x00452580,721,0x00452850,FUN_00452580,,,unclassified,0.00,unknown,undefined FUN_00452580(void),false,,,,
0x00452860,263,0x00452966,FUN_00452860,,,unclassified,0.00,unknown,undefined FUN_00452860(void),false,,,,
0x00452970,83,0x004529C2,FUN_00452970,,,unclassified,0.00,unknown,undefined FUN_00452970(void),false,,,,
0x004529D0,127,0x00452A4E,FUN_004529d0,,,unclassified,0.00,unknown,undefined FUN_004529d0(void),false,,,,
0x00452A4F,9,0x00452A57,Catch_All@00452a4f,,,unclassified,0.00,unknown,undefined Catch_All@00452a4f(void),false,,,,
0x00452A70,50,0x00452AA1,FUN_00452a70,,,unclassified,0.00,unknown,undefined FUN_00452a70(void),false,,,,
0x00452AB0,1584,0x004530DF,FUN_00452ab0,,,unclassified,0.00,unknown,undefined FUN_00452ab0(void),false,,,,
0x00453140,76,0x0045318B,FUN_00453140,,,unclassified,0.00,unknown,undefined FUN_00453140(void),false,,,,
0x00453190,4,0x00453193,FUN_00453190,,,unclassified,0.00,unknown,undefined FUN_00453190(void),false,,,,
0x004531A0,93,0x004531FC,FUN_004531a0,,,unclassified,0.00,unknown,undefined FUN_004531a0(void),false,,,,
0x00453200,67,0x00453242,FUN_00453200,,,unclassified,0.00,unknown,undefined FUN_00453200(void),false,,,,
0x00453250,187,0x0045330A,FUN_00453250,,,unclassified,0.00,unknown,undefined FUN_00453250(void),false,,,,
0x00453310,141,0x0045339C,FUN_00453310,,,unclassified,0.00,unknown,undefined FUN_00453310(void),false,,,,
0x004533A0,99,0x00453402,FUN_004533a0,,,unclassified,0.00,unknown,undefined FUN_004533a0(void),false,,,,
0x00453410,403,0x004535A2,FUN_00453410,,,unclassified,0.00,unknown,undefined FUN_00453410(void),false,,,,
0x004535B0,116,0x00453623,FUN_004535b0,,,unclassified,0.00,unknown,undefined FUN_004535b0(void),false,,,,
0x00453630,295,0x00453759,FUN_00453630,,,unclassified,0.00,unknown,undefined FUN_00453630(void),false,,,,
0x00453760,171,0x0045380A,FUN_00453760,,,unclassified,0.00,unknown,undefined FUN_00453760(void),false,,,,
0x00453810,107,0x0045387A,FUN_00453810,,,unclassified,0.00,unknown,undefined FUN_00453810(void),false,,,,
0x00453880,68,0x004538C3,FUN_00453880,,,unclassified,0.00,unknown,undefined FUN_00453880(void),false,,,,
0x004538D0,18,0x004538E1,FUN_004538d0,,,unclassified,0.00,unknown,undefined FUN_004538d0(void),false,,,,
0x00453910,107,0x0045397A,FUN_00453910,,,unclassified,0.00,unknown,undefined FUN_00453910(void),false,,,,
0x00453980,27,0x0045399D,FUN_00453980,,,unclassified,0.00,unknown,undefined FUN_00453980(void),false,,,,
0x004539A0,90,0x004539F9,FUN_004539a0,,,unclassified,0.00,unknown,undefined FUN_004539a0(void),false,,,,
0x00453A00,150,0x00453A9E,FUN_00453a00,,,unclassified,0.00,unknown,undefined FUN_00453a00(void),false,,,,
0x00453AA0,126,0x00453B1D,FUN_00453aa0,,,unclassified,0.00,unknown,undefined FUN_00453aa0(void),false,,,,
0x00453B20,28,0x00453B3E,FUN_00453b20,,,unclassified,0.00,unknown,undefined FUN_00453b20(void),false,,,,
0x00453B40,36,0x00453B63,FUN_00453b40,,,unclassified,0.00,unknown,undefined FUN_00453b40(void),false,,,,
0x00453B70,116,0x00453BE3,FUN_00453b70,,,unclassified,0.00,unknown,undefined FUN_00453b70(void),false,,,,
0x00453BF0,29,0x00453C0C,FUN_00453bf0,,,unclassified,0.00,unknown,undefined FUN_00453bf0(void),false,,,,
0x00453C10,64,0x00453C4F,FUN_00453c10,,,unclassified,0.00,unknown,undefined FUN_00453c10(void),false,,,,
0x00453C50,41,0x00453C78,FUN_00453c50,,,unclassified,0.00,unknown,undefined FUN_00453c50(void),false,,,,
0x00453C80,153,0x00453D18,FUN_00453c80,,,unclassified,0.00,unknown,undefined FUN_00453c80(void),false,,,,
0x00453D20,71,0x00453D6C,FUN_00453d20,,,unclassified,0.00,unknown,undefined FUN_00453d20(void),false,,,,
0x00453D70,95,0x00453DCE,FUN_00453d70,,,unclassified,0.00,unknown,undefined FUN_00453d70(void),false,,,,
0x00453DD0,92,0x00453E2B,FUN_00453dd0,,,unclassified,0.00,unknown,undefined FUN_00453dd0(void),false,,,,
0x00453E30,270,0x00453F43,FUN_00453e30,,,unclassified,0.00,unknown,undefined FUN_00453e30(void),false,,,,
0x00453F50,95,0x00453FB5,FUN_00453f50,,,unclassified,0.00,unknown,undefined FUN_00453f50(void),false,,,,
0x00453FC0,56,0x00453FF7,FUN_00453fc0,,,unclassified,0.00,unknown,undefined FUN_00453fc0(void),false,,,,
0x00454000,66,0x00454041,FUN_00454000,,,unclassified,0.00,unknown,undefined FUN_00454000(void),false,,,,
0x00454050,56,0x00454087,FUN_00454050,,,unclassified,0.00,unknown,undefined FUN_00454050(void),false,,,,
0x00454090,56,0x004540C7,FUN_00454090,,,unclassified,0.00,unknown,undefined FUN_00454090(void),false,,,,
0x004540D0,56,0x00454107,FUN_004540d0,,,unclassified,0.00,unknown,undefined FUN_004540d0(void),false,,,,
0x00454110,56,0x00454147,FUN_00454110,,,unclassified,0.00,unknown,undefined FUN_00454110(void),false,,,,
0x00454150,56,0x00454187,FUN_00454150,,,unclassified,0.00,unknown,undefined FUN_00454150(void),false,,,,
0x00454190,27,0x004541AD,FUN_00454190,,,unclassified,0.00,unknown,undefined FUN_00454190(void),false,,,,
0x004541B0,58,0x004541EF,FUN_004541b0,,,unclassified,0.00,unknown,undefined FUN_004541b0(void),false,,,,
0x004541F0,431,0x0045439E,FUN_004541f0,,,unclassified,0.00,unknown,undefined FUN_004541f0(void),false,,,,
0x004543A0,122,0x00454419,FUN_004543a0,,,unclassified,0.00,unknown,undefined FUN_004543a0(void),false,,,,
0x00454420,337,0x00454570,FUN_00454420,,,unclassified,0.00,unknown,undefined FUN_00454420(void),false,,,,
0x00454580,100,0x004545E3,FUN_00454580,,,unclassified,0.00,unknown,undefined FUN_00454580(void),false,,,,
0x004545F0,115,0x00454662,FUN_004545f0,,,unclassified,0.00,unknown,undefined FUN_004545f0(void),false,,,,
0x00454670,233,0x00454761,FUN_00454670,,,unclassified,0.00,unknown,undefined FUN_00454670(void),false,,,,
0x00454770,114,0x004547E1,FUN_00454770,,,unclassified,0.00,unknown,undefined FUN_00454770(void),false,,,,
0x004547F0,160,0x0045488F,FUN_004547f0,,,unclassified,0.00,unknown,undefined FUN_004547f0(void),false,,,,
0x00454890,160,0x0045492F,FUN_00454890,,,unclassified,0.00,unknown,undefined FUN_00454890(void),false,,,,
0x00454930,505,0x00454B28,FUN_00454930,,,unclassified,0.00,unknown,undefined FUN_00454930(void),false,,,,
0x00454B30,155,0x00454BCA,FUN_00454b30,,,unclassified,0.00,unknown,undefined FUN_00454b30(void),false,,,,
0x00454BD0,116,0x00454C43,FUN_00454bd0,,,unclassified,0.00,unknown,undefined FUN_00454bd0(void),false,,,,
0x00454C50,168,0x00454CF7,FUN_00454c50,,,unclassified,0.00,unknown,undefined FUN_00454c50(void),false,,,,
0x00454D00,147,0x00454D92,FUN_00454d00,,,unclassified,0.00,unknown,undefined FUN_00454d00(void),false,,,,
0x00454DA0,142,0x00454E2D,FUN_00454da0,,,unclassified,0.00,unknown,undefined FUN_00454da0(void),false,,,,
0x00454E30,168,0x00454ED7,FUN_00454e30,,,unclassified,0.00,unknown,undefined FUN_00454e30(void),false,,,,
0x00454EE0,146,0x00454F71,FUN_00454ee0,,,unclassified,0.00,unknown,undefined FUN_00454ee0(void),false,,,,
0x00454F72,9,0x00454F7A,Catch_All@00454f72,,,unclassified,0.00,unknown,undefined Catch_All@00454f72(void),false,,,,
0x00454F90,523,0x0045519A,FUN_00454f90,,,unclassified,0.00,unknown,undefined FUN_00454f90(void),false,,,,
0x004551A0,549,0x004553CE,FUN_004551a0,,,unclassified,0.00,unknown,undefined FUN_004551a0(void),false,,,,
0x004553D0,130,0x00455451,FUN_004553d0,,,unclassified,0.00,unknown,undefined FUN_004553d0(void),false,,,,
0x00455460,311,0x0045559C,FUN_00455460,,,unclassified,0.00,unknown,undefined FUN_00455460(void),false,,,,
0x004555A0,499,0x00455792,FUN_004555a0,,,unclassified,0.00,unknown,undefined FUN_004555a0(void),false,,,,
0x004557A0,194,0x00455868,FUN_004557a0,,,unclassified,0.00,unknown,undefined FUN_004557a0(void),false,,,,
0x00455870,103,0x004558D6,FUN_00455870,,,unclassified,0.00,unknown,undefined FUN_00455870(void),false,,,,
0x004558E0,592,0x00455B35,FUN_004558e0,,,unclassified,0.00,unknown,undefined FUN_004558e0(void),false,,,,
0x00455B40,91,0x00455B9A,FUN_00455b40,,,unclassified,0.00,unknown,undefined FUN_00455b40(void),false,,,,
0x00455BA0,376,0x00455D20,FUN_00455ba0,,,unclassified,0.00,unknown,undefined FUN_00455ba0(void),false,,,,
0x00455D30,376,0x00455EB0,FUN_00455d30,,,unclassified,0.00,unknown,undefined FUN_00455d30(void),false,,,,
0x00455EC0,376,0x00456040,FUN_00455ec0,,,unclassified,0.00,unknown,undefined FUN_00455ec0(void),false,,,,
0x00456050,376,0x004561D0,FUN_00456050,,,unclassified,0.00,unknown,undefined FUN_00456050(void),false,,,,
0x004561E0,376,0x00456360,FUN_004561e0,,,unclassified,0.00,unknown,undefined FUN_004561e0(void),false,,,,
0x00456370,376,0x004564F0,FUN_00456370,,,unclassified,0.00,unknown,undefined FUN_00456370(void),false,,,,
0x00456500,376,0x00456680,FUN_00456500,,,unclassified,0.00,unknown,undefined FUN_00456500(void),false,,,,
0x00456690,376,0x00456810,FUN_00456690,,,unclassified,0.00,unknown,undefined FUN_00456690(void),false,,,,
0x00456820,72,0x00456867,FUN_00456820,,,unclassified,0.00,unknown,undefined FUN_00456820(void),false,,,,
0x00456870,334,0x004569BD,FUN_00456870,,,unclassified,0.00,unknown,undefined FUN_00456870(void),false,,,,
0x004569C0,930,0x00456D61,FUN_004569c0,,,unclassified,0.00,unknown,undefined FUN_004569c0(void),false,,,,
0x00456D70,121,0x00456DE8,FUN_00456d70,,,unclassified,0.00,unknown,undefined FUN_00456d70(void),false,,,,
0x00456DF0,27,0x00456E0D,FUN_00456df0,,,unclassified,0.00,unknown,undefined FUN_00456df0(void),false,,,,
0x00456E10,92,0x00456E6B,FUN_00456e10,,,unclassified,0.00,unknown,undefined FUN_00456e10(void),false,,,,
0x00456E70,6107,0x00458658,FUN_00456e70,,,unclassified,0.00,unknown,undefined FUN_00456e70(void),false,,,,
0x004586C0,1527,0x00458CB6,FUN_004586c0,,,unclassified,0.00,unknown,undefined FUN_004586c0(void),false,,,,
0x00458CC0,11,0x00458CCA,FUN_00458cc0,,,unclassified,0.00,unknown,undefined FUN_00458cc0(void),false,,,,
0x00458CD0,11,0x00458CDA,FUN_00458cd0,,,unclassified,0.00,unknown,undefined FUN_00458cd0(void),false,,,,
0x00458CE0,41,0x00458D08,FUN_00458ce0,,,unclassified,0.00,unknown,undefined FUN_00458ce0(void),false,,,,
0x00458D10,118,0x00458D85,FUN_00458d10,,,unclassified,0.00,unknown,undefined FUN_00458d10(void),false,,,,
0x00458D90,58,0x00458DC9,FUN_00458d90,,,unclassified,0.00,unknown,undefined FUN_00458d90(void),false,,,,
0x00458DD0,162,0x00458E71,FUN_00458dd0,,,unclassified,0.00,unknown,undefined FUN_00458dd0(void),false,,,,
0x00458E80,127,0x00458F01,FUN_00458e80,,,unclassified,0.00,unknown,undefined FUN_00458e80(void),false,,,,
0x00458F10,306,0x00459047,FUN_00458f10,,,unclassified,0.00,unknown,undefined FUN_00458f10(void),false,,,,
0x00459050,190,0x00459167,FUN_00459050,,,unclassified,0.00,unknown,undefined FUN_00459050(void),false,,,,
0x004590FA,90,0x00459153,Catch_All@004590fa,,,unclassified,0.00,unknown,undefined Catch_All@004590fa(void),false,,,,
0x00459170,83,0x004591CD,FUN_00459170,,,unclassified,0.00,unknown,undefined FUN_00459170(void),false,,,,
0x004591D0,516,0x004593EE,FUN_004591d0,,,unclassified,0.00,unknown,undefined FUN_004591d0(void),false,,,,
0x004593F0,10,0x004593F9,FUN_004593f0,,,unclassified,0.00,unknown,undefined FUN_004593f0(void),false,,,,
0x00459400,10,0x00459409,FUN_00459400,,,unclassified,0.00,unknown,undefined FUN_00459400(void),false,,,,
0x00459410,29,0x0045942C,FUN_00459410,,,unclassified,0.00,unknown,undefined FUN_00459410(void),false,,,,
0x00459430,333,0x0045957C,FUN_00459430,,,unclassified,0.00,unknown,undefined FUN_00459430(void),false,,,,
0x00459580,49,0x004595BB,FUN_00459580,,,unclassified,0.00,unknown,undefined FUN_00459580(void),false,,,,
0x004595C0,94,0x00459624,FUN_004595c0,,,unclassified,0.00,unknown,undefined FUN_004595c0(void),false,,,,
0x00459630,39,0x00459656,FUN_00459630,,,unclassified,0.00,unknown,undefined FUN_00459630(void),false,,,,
0x00459660,30,0x0045967D,FUN_00459660,,,unclassified,0.00,unknown,undefined FUN_00459660(void),false,,,,
0x00459680,80,0x004596CF,FUN_00459680,,,unclassified,0.00,unknown,undefined FUN_00459680(void),false,,,,
0x004596D0,160,0x0045976F,FUN_004596d0,,,unclassified,0.00,unknown,undefined FUN_004596d0(void),false,,,,
0x00459770,240,0x0045985F,FUN_00459770,,,unclassified,0.00,unknown,undefined FUN_00459770(void),false,,,,
0x00459860,270,0x0045996D,FUN_00459860,,,unclassified,0.00,unknown,undefined FUN_00459860(void),false,,,,
0x00459970,27,0x0045998A,FUN_00459970,,,unclassified,0.00,unknown,undefined FUN_00459970(void),false,,,,
0x00459990,399,0x00459B1E,FUN_00459990,,,unclassified,0.00,unknown,undefined FUN_00459990(void),false,,,,
0x00459B20,339,0x00459C72,FUN_00459b20,,,unclassified,0.00,unknown,undefined FUN_00459b20(void),false,,,,
0x00459C80,15,0x00459C8E,FUN_00459c80,,,unclassified,0.00,unknown,undefined FUN_00459c80(void),false,,,,
0x00459C90,138,0x00459D24,FUN_00459c90,,,unclassified,0.00,unknown,undefined FUN_00459c90(void),false,,,,
0x00459D30,284,0x00459E4B,FUN_00459d30,,,unclassified,0.00,unknown,undefined FUN_00459d30(void),false,,,,
0x00459E50,119,0x00459EC6,FUN_00459e50,,,unclassified,0.00,unknown,undefined FUN_00459e50(void),false,,,,
0x00459ED0,347,0x0045A02A,FUN_00459ed0,,,unclassified,0.00,unknown,undefined FUN_00459ed0(void),false,,,,
0x0045A030,347,0x0045A18A,calculate_base_hit_quantity,calculate_base_hit_quantity,battle,identified,0.00,__thiscall,float calculate_base_hit_quantity(void * this),false,,docs/BATTLE.md observed scalar and conditional modifier product used by hit quantity wrappers,root,Exact calculation mapped; 347-byte source-shaping work remains
0x0045A190,335,0x0045A2DE,FUN_0045a190,,,unclassified,0.00,unknown,undefined FUN_0045a190(void),false,,,,
0x0045A2E0,445,0x0045A49C,FUN_0045a2e0,,,unclassified,0.00,unknown,undefined FUN_0045a2e0(void),false,,,,
0x0045A4A0,1386,0x0045AA09,FUN_0045a4a0,,,unclassified,0.00,unknown,undefined FUN_0045a4a0(void),false,,,,
0x0045AA10,26,0x0045AA29,call_one_arg_helper_then_vslot_3c,call_one_arg_helper_then_vslot_3c,battle,identified,0.00,__thiscall,"void call_one_arg_helper_then_vslot_3c(void * this, void * arg)",false,,docs/BATTLE.md observed helper and virtual-slot call order,root,Present in AttackObject-family vtables; helper and slot semantics remain unknown
0x0045AA30,33,0x0045AA50,call_two_arg_helper_then_vslot_3c,call_two_arg_helper_then_vslot_3c,battle,identified,0.00,__thiscall,"void call_two_arg_helper_then_vslot_3c(void * this, void * first, void * second)",false,,docs/BATTLE.md observed helper and virtual-slot call order,root,Present in AttackObject-family vtables; helper and slot semantics remain unknown
0x0045AA60,35,0x0045AA82,dispatch_indexed_entry_0_to_63,dispatch_indexed_entry_0_to_63,battle,identified,0.00,__thiscall,"void dispatch_indexed_entry_0_to_63(void * this, uint index)",false,,docs/BATTLE.md observed bounded indexed table tail dispatch,root,Unsigned 0..63 gate and table load are exact; global service semantics remain unknown
0x0045AA90,42,0x0045AAB9,forward_arguments_to_battle_handler,forward_arguments_to_battle_handler,battle,identified,0.00,__thiscall,"void forward_arguments_to_battle_handler(void * this, int a, int b, int c, int d)",false,,docs/BATTLE.md observed battle-root handler forwarding path,root,Forwards self self+0x170 and four arguments; finer gameplay terminology is unproven
0x0045AAC0,31,0x0045AADE,count_0x88_byte_stride_entries,count_0x88_byte_stride_entries,battle,matching,100.00,__thiscall,int count_0x88_byte_stride_entries(void * this),false,src/battle/HitQuantities.cpp,scripts/compile-unit.sh src/battle/HitQuantities.cpp build/wave5/HitQuantities.obj && python3 scripts/compare-function.py 0x0045AAC0 build/wave5/HitQuantities.obj,root,Exact 31-byte null-gated pointer-range count with 0x88-byte stride
0x0045AAE0,37,0x0045AB04,calculate_descriptor_scaled_quantity_1c,calculate_descriptor_scaled_quantity_1c,battle,matching,100.00,__thiscall,int calculate_descriptor_scaled_quantity_1c(void * this),false,src/battle/HitQuantities.cpp,scripts/compile-unit.sh src/battle/HitQuantities.cpp build/wave4/HitQuantities.obj && python3 scripts/compare-function.py 0x0045AAE0 build/wave4/HitQuantities.obj,root,Exact 37-byte scaled descriptor quantity including external tail jump to verified _ftol2_sse
0x0045AB10,37,0x0045AB34,calculate_descriptor_scaled_quantity_20,calculate_descriptor_scaled_quantity_20,battle,matching,100.00,__thiscall,int calculate_descriptor_scaled_quantity_20(void * this),false,src/battle/HitQuantities.cpp,scripts/compile-unit.sh src/battle/HitQuantities.cpp build/wave5/HitQuantities.obj && python3 scripts/compare-function.py 0x0045AB10 build/wave5/HitQuantities.obj,root,Exact 37-byte sibling of 0x0045AAE0 using signed frame short +0x20 and _ftol2_sse tail jump
0x0045AB40,111,0x0045ABAE,FUN_0045ab40,,,unclassified,0.00,unknown,undefined FUN_0045ab40(void),false,,,,
0x0045ABB0,20,0x0045ABC3,FUN_0045abb0,,,unclassified,0.00,unknown,undefined FUN_0045abb0(void),false,,,,
0x0045ABD0,67,0x0045AC12,FUN_0045abd0,,,unclassified,0.00,unknown,undefined FUN_0045abd0(void),false,,,,
0x0045AC20,35,0x0045AC42,FUN_0045ac20,,,unclassified,0.00,unknown,undefined FUN_0045ac20(void),false,,,,
0x0045AC50,138,0x0045ACD9,FUN_0045ac50,,,unclassified,0.00,unknown,undefined FUN_0045ac50(void),false,,,,
0x0045ACE0,112,0x0045AD4F,FUN_0045ace0,,,unclassified,0.00,unknown,undefined FUN_0045ace0(void),false,,,,
0x0045AD50,202,0x0045AE19,FUN_0045ad50,,,unclassified,0.00,unknown,undefined FUN_0045ad50(void),false,,,,
0x0045AE20,154,0x0045AEB9,FUN_0045ae20,,,unclassified,0.00,unknown,undefined FUN_0045ae20(void),false,,,,
0x0045AEC0,2156,0x0045B72B,FUN_0045aec0,,,unclassified,0.00,unknown,undefined FUN_0045aec0(void),false,,,,
0x0045B730,317,0x0045B86F,FUN_0045b730,,,unclassified,0.00,unknown,undefined FUN_0045b730(void),false,,,,
0x0045B870,126,0x0045B8ED,adjust_capped_counter_558,adjust_capped_counter_558,battle,identified,0.00,__thiscall,"void adjust_capped_counter_558(void * this, short quantity)",false,,docs/BATTLE.md observed gated signed-short adjustment capped at 500,root,Faithful C++ differs in final VC8 register allocation; naked instruction probes are not accepted
0x0045B8F0,8,0x0045B8F7,FUN_0045b8f0,,,unclassified,0.00,unknown,undefined FUN_0045b8f0(void),false,,,,
0x0045B900,67,0x0045B942,FUN_0045b900,,,unclassified,0.00,unknown,undefined FUN_0045b900(void),false,,,,
0x0045B950,143,0x0045B9DE,FUN_0045b950,,,unclassified,0.00,unknown,undefined FUN_0045b950(void),false,,,,
0x0045B9E0,94,0x0045BA3D,FUN_0045b9e0,,,unclassified,0.00,unknown,undefined FUN_0045b9e0(void),false,,,,
0x0045BA40,198,0x0045BB05,FUN_0045ba40,,,unclassified,0.00,unknown,undefined FUN_0045ba40(void),false,,,,
0x0045BB10,154,0x0045BBA9,FUN_0045bb10,,,unclassified,0.00,unknown,undefined FUN_0045bb10(void),false,,,,
0x0045BBB0,118,0x0045BC25,FUN_0045bbb0,,,unclassified,0.00,unknown,undefined FUN_0045bbb0(void),false,,,,
0x0045BC30,346,0x0045BD89,FUN_0045bc30,,,unclassified,0.00,unknown,undefined FUN_0045bc30(void),false,,,,
0x0045BD90,186,0x0045BE49,FUN_0045bd90,,,unclassified,0.00,unknown,undefined FUN_0045bd90(void),false,,,,
0x0045BE50,186,0x0045BF09,FUN_0045be50,,,unclassified,0.00,unknown,undefined FUN_0045be50(void),false,,,,
0x0045BF10,150,0x0045BFA5,FUN_0045bf10,,,unclassified,0.00,unknown,undefined FUN_0045bf10(void),false,,,,
0x0045BFB0,187,0x0045C06A,FUN_0045bfb0,,,unclassified,0.00,unknown,undefined FUN_0045bfb0(void),false,,,,
0x0045C070,183,0x0045C126,FUN_0045c070,,,unclassified,0.00,unknown,undefined FUN_0045c070(void),false,,,,
0x0045C130,115,0x0045C1A2,FUN_0045c130,,,unclassified,0.00,unknown,undefined FUN_0045c130(void),false,,,,
0x0045C1B0,115,0x0045C222,FUN_0045c1b0,,,unclassified,0.00,unknown,undefined FUN_0045c1b0(void),false,,,,
0x0045C230,515,0x0045C432,FUN_0045c230,,,unclassified,0.00,unknown,undefined FUN_0045c230(void),false,,,,
0x0045C440,338,0x0045C594,FUN_0045c440,,,unclassified,0.00,unknown,undefined FUN_0045c440(void),false,,,,
0x0045C5A0,114,0x0045C611,FUN_0045c5a0,,,unclassified,0.00,unknown,undefined FUN_0045c5a0(void),false,,,,
0x0045C620,108,0x0045C68B,FUN_0045c620,,,unclassified,0.00,unknown,undefined FUN_0045c620(void),false,,,,
0x0045C690,259,0x0045C792,FUN_0045c690,,,unclassified,0.00,unknown,undefined FUN_0045c690(void),false,,,,
0x0045C7A0,265,0x0045C8A8,FUN_0045c7a0,,,unclassified,0.00,unknown,undefined FUN_0045c7a0(void),false,,,,
0x0045C8B0,446,0x0045CA6D,FUN_0045c8b0,,,unclassified,0.00,unknown,undefined FUN_0045c8b0(void),false,,,,
0x0045CA70,93,0x0045CACC,FUN_0045ca70,,,unclassified,0.00,unknown,undefined FUN_0045ca70(void),false,,,,
0x0045CAD0,14,0x0045CADD,FUN_0045cad0,,,unclassified,0.00,unknown,undefined FUN_0045cad0(void),false,,,,
0x0045CAE0,28,0x0045CAFB,is_state_13c_in_32_95,is_state_13c_in_32_95,battle,matching,100.00,__fastcall,int is_state_13c_in_32_95(void * fighter),false,src/battle/FighterGates.cpp,scripts/compile-unit.sh src/battle/FighterGates.cpp build/wave4/FighterGates.obj && python3 scripts/compare-function.py 0x0045CAE0 build/wave4/FighterGates.obj,root,Exact 28-byte signed state-window predicate
0x0045CB00,28,0x0045CB1B,FUN_0045cb00,,,unclassified,0.00,unknown,undefined FUN_0045cb00(void),false,,,,
0x0045CB20,620,0x0045CD8B,FUN_0045cb20,,,unclassified,0.00,unknown,undefined FUN_0045cb20(void),false,,,,
0x0045CD90,53,0x0045CDC4,is_positive_y_and_state_window,is_positive_y_and_state_window,battle,matching,100.00,__fastcall,int is_positive_y_and_state_window(void * fighter),false,src/battle/FighterGates.cpp,scripts/compile-unit.sh src/battle/FighterGates.cpp build/wave4/FighterGates.obj && python3 scripts/compare-function.py 0x0045CD90 build/wave4/FighterGates.obj,root,Exact 53-byte positive-y zero-field and state-window predicate
0x0045CDD0,301,0x0045CEFC,FUN_0045cdd0,,,unclassified,0.00,unknown,undefined FUN_0045cdd0(void),false,,,,
0x0045CF00,470,0x0045D0D5,FUN_0045cf00,,,unclassified,0.00,unknown,undefined FUN_0045cf00(void),false,,,,
0x0045D0E0,570,0x0045D319,FUN_0045d0e0,,,unclassified,0.00,unknown,undefined FUN_0045d0e0(void),false,,,,
0x0045D320,45,0x0045D34C,FUN_0045d320,,,unclassified,0.00,unknown,undefined FUN_0045d320(void),false,,,,
0x0045D350,3080,0x0045DF5E,FUN_0045d350,,,unclassified,0.00,unknown,undefined FUN_0045d350(void),false,,,,
0x0045DF60,170,0x0045E009,FUN_0045df60,,,unclassified,0.00,unknown,undefined FUN_0045df60(void),false,,,,
0x0045E010,43,0x0045E03A,FUN_0045e010,,,unclassified,0.00,unknown,undefined FUN_0045e010(void),false,,,,
0x0045E040,58,0x0045E079,FUN_0045e040,,,unclassified,0.00,unknown,undefined FUN_0045e040(void),false,,,,
0x0045E080,132,0x0045E103,FUN_0045e080,,,unclassified,0.00,unknown,undefined FUN_0045e080(void),false,,,,
0x0045E110,91,0x0045E16A,FUN_0045e110,,,unclassified,0.00,unknown,undefined FUN_0045e110(void),false,,,,
0x0045E170,68,0x0045E1B3,FUN_0045e170,,,unclassified,0.00,unknown,undefined FUN_0045e170(void),false,,,,
0x0045E1C0,55,0x0045E1F6,FUN_0045e1c0,,,unclassified,0.00,unknown,undefined FUN_0045e1c0(void),false,,,,
0x0045E200,73,0x0045E248,FUN_0045e200,,,unclassified,0.00,unknown,undefined FUN_0045e200(void),false,,,,
0x0045E250,62,0x0045E29D,FUN_0045e250,,,unclassified,0.00,unknown,undefined FUN_0045e250(void),false,,,,
0x0045E2A0,27,0x0045E2BD,FUN_0045e2a0,,,unclassified,0.00,unknown,undefined FUN_0045e2a0(void),false,,,,
0x0045E2C0,63,0x0045E2FE,FUN_0045e2c0,,,unclassified,0.00,unknown,undefined FUN_0045e2c0(void),false,,,,
0x0045E300,43,0x0045E32A,FUN_0045e300,,,unclassified,0.00,unknown,undefined FUN_0045e300(void),false,,,,
0x0045E330,50,0x0045E361,FUN_0045e330,,,unclassified,0.00,unknown,undefined FUN_0045e330(void),false,,,,
0x0045E370,48,0x0045E39F,FUN_0045e370,,,unclassified,0.00,unknown,undefined FUN_0045e370(void),false,,,,
0x0045E3A0,193,0x0045E460,FUN_0045e3a0,,,unclassified,0.00,unknown,undefined FUN_0045e3a0(void),false,,,,
0x0045E470,41,0x0045E498,FUN_0045e470,,,unclassified,0.00,unknown,undefined FUN_0045e470(void),false,,,,
0x0045E4A0,43,0x0045E4CA,FUN_0045e4a0,,,unclassified,0.00,unknown,undefined FUN_0045e4a0(void),false,,,,
0x0045E4D0,57,0x0045E508,FUN_0045e4d0,,,unclassified,0.00,unknown,undefined FUN_0045e4d0(void),false,,,,
0x0045E510,41,0x0045E538,FUN_0045e510,,,unclassified,0.00,unknown,undefined FUN_0045e510(void),false,,,,
0x0045E540,88,0x0045E597,FUN_0045e540,,,unclassified,0.00,unknown,undefined FUN_0045e540(void),false,,,,
0x0045E5A0,72,0x0045E5EB,FUN_0045e5a0,,,unclassified,0.00,unknown,undefined FUN_0045e5a0(void),false,,,,
0x0045E5F0,126,0x0045E676,FUN_0045e5f0,,,unclassified,0.00,unknown,undefined FUN_0045e5f0(void),false,,,,
0x0045E680,57,0x0045E6B8,FUN_0045e680,,,unclassified,0.00,unknown,undefined FUN_0045e680(void),false,,,,
0x0045E6C0,5,0x0045E6C4,FUN_0045e6c0,,,unclassified,0.00,unknown,undefined FUN_0045e6c0(void),false,,,,
0x0045E6D0,640,0x0045E94F,FUN_0045e6d0,,,unclassified,0.00,unknown,undefined FUN_0045e6d0(void),false,,,,
0x0045E990,5,0x0045E994,FUN_0045e990,,,unclassified,0.00,unknown,undefined FUN_0045e990(void),false,,,,
0x0045E9A0,117,0x0045EA14,FUN_0045e9a0,,,unclassified,0.00,unknown,undefined FUN_0045e9a0(void),false,,,,
0x0045EA20,200,0x0045EAE8,FUN_0045ea20,,,unclassified,0.00,unknown,undefined FUN_0045ea20(void),false,,,,
0x0045EAF0,576,0x0045ED47,FUN_0045eaf0,,,unclassified,0.00,unknown,undefined FUN_0045eaf0(void),false,,,,
0x0045EC73,9,0x0045EC7B,Catch_All@0045ec73,,,unclassified,0.00,unknown,undefined Catch_All@0045ec73(void),false,,,,
0x0045ED50,434,0x0045EF04,FUN_0045ed50,,,unclassified,0.00,unknown,undefined FUN_0045ed50(void),false,,,,
0x0045EF10,497,0x0045F112,FUN_0045ef10,,,unclassified,0.00,unknown,undefined FUN_0045ef10(void),false,,,,
0x0045F120,27,0x0045F13D,FUN_0045f120,,,unclassified,0.00,unknown,undefined FUN_0045f120(void),false,,,,
0x0045F140,1247,0x0045F61E,FUN_0045f140,,,unclassified,0.00,unknown,undefined FUN_0045f140(void),false,,,,
0x0045F620,72,0x0045F667,FUN_0045f620,,,unclassified,0.00,unknown,undefined FUN_0045f620(void),false,,,,
0x0045F670,338,0x0045F7C4,FUN_0045f670,,,unclassified,0.00,unknown,undefined FUN_0045f670(void),false,,,,
0x0045F7D0,213,0x0045F8A4,FUN_0045f7d0,,,unclassified,0.00,unknown,undefined FUN_0045f7d0(void),false,,,,
0x0045F8A5,17,0x0045F8B5,Catch_All@0045f8a5,,,unclassified,0.00,unknown,undefined Catch_All@0045f8a5(void),false,,,,
0x0045F8C0,149,0x0045F954,FUN_0045f8c0,,,unclassified,0.00,unknown,undefined FUN_0045f8c0(void),false,,,,
0x0045F960,290,0x0045FA84,FUN_0045f960,,,unclassified,0.00,unknown,undefined FUN_0045f960(void),false,,,,
0x0045FA90,17,0x0045FAA0,FUN_0045fa90,,,unclassified,0.00,unknown,undefined FUN_0045fa90(void),false,,,,
0x0045FAB0,314,0x0045FBEC,FUN_0045fab0,,,unclassified,0.00,unknown,undefined FUN_0045fab0(void),false,,,,
0x0045FBF0,122,0x0045FC69,FUN_0045fbf0,,,unclassified,0.00,unknown,undefined FUN_0045fbf0(void),false,,,,
0x0045FC70,311,0x0045FDA6,FUN_0045fc70,,,unclassified,0.00,unknown,undefined FUN_0045fc70(void),false,,,,
0x0045FDB0,305,0x0045FEE0,FUN_0045fdb0,,,unclassified,0.00,unknown,undefined FUN_0045fdb0(void),false,,,,
0x0045FEF0,56,0x0045FF27,FUN_0045fef0,,,unclassified,0.00,unknown,undefined FUN_0045fef0(void),false,,,,
0x0045FF30,56,0x0045FF67,FUN_0045ff30,,,unclassified,0.00,unknown,undefined FUN_0045ff30(void),false,,,,
0x0045FF70,300,0x0046009B,FUN_0045ff70,,,unclassified,0.00,unknown,undefined FUN_0045ff70(void),false,,,,
0x004600A0,88,0x004600F7,FUN_004600a0,,,unclassified,0.00,unknown,undefined FUN_004600a0(void),false,,,,
0x00460100,92,0x0046015B,FUN_00460100,,,unclassified,0.00,unknown,undefined FUN_00460100(void),false,,,,
0x00460160,131,0x00460210,FUN_00460160,,,unclassified,0.00,unknown,undefined FUN_00460160(void),false,,,,
0x004601CF,46,0x004601FC,Catch_All@004601cf,,,unclassified,0.00,unknown,undefined Catch_All@004601cf(void),false,,,,
0x00460220,41,0x00460248,FUN_00460220,,,unclassified,0.00,unknown,undefined FUN_00460220(void),false,,,,
0x00460250,127,0x004602F5,FUN_00460250,,,unclassified,0.00,unknown,undefined FUN_00460250(void),false,,,,
0x004602BD,39,0x004602E3,Catch_All@004602bd,,,unclassified,0.00,unknown,undefined Catch_All@004602bd(void),false,,,,
0x00460300,129,0x00460380,FUN_00460300,,,unclassified,0.00,unknown,undefined FUN_00460300(void),false,,,,
0x00460390,43,0x004603BA,FUN_00460390,,,unclassified,0.00,unknown,undefined FUN_00460390(void),false,,,,
0x004603C0,58,0x004603F9,FUN_004603c0,,,unclassified,0.00,unknown,undefined FUN_004603c0(void),false,,,,
0x00460400,232,0x004604E7,FUN_00460400,,,unclassified,0.00,unknown,undefined FUN_00460400(void),false,,,,
0x004604E8,17,0x004604F8,Catch_All@004604e8,,,unclassified,0.00,unknown,undefined Catch_All@004604e8(void),false,,,,
0x00460500,106,0x00460569,FUN_00460500,,,unclassified,0.00,unknown,undefined FUN_00460500(void),false,,,,
0x00460570,128,0x004605EF,FUN_00460570,,,unclassified,0.00,unknown,undefined FUN_00460570(void),false,,,,
0x004605F0,41,0x00460618,FUN_004605f0,,,unclassified,0.00,unknown,undefined FUN_004605f0(void),false,,,,
0x00460620,693,0x0046091F,FUN_00460620,,,unclassified,0.00,unknown,undefined FUN_00460620(void),false,,,,
0x004607EE,22,0x00460803,Catch_All@004607ee,,,unclassified,0.00,unknown,undefined Catch_All@004607ee(void),false,,,,
0x004608A0,38,0x004608C5,Catch_All@004608a0,,,unclassified,0.00,unknown,undefined Catch_All@004608a0(void),false,,,,
0x00460920,123,0x0046099A,FUN_00460920,,,unclassified,0.00,unknown,undefined FUN_00460920(void),false,,,,
0x004609A0,101,0x00460A04,FUN_004609a0,,,unclassified,0.00,unknown,undefined FUN_004609a0(void),false,,,,
0x00460A10,187,0x00460ACA,FUN_00460a10,,,unclassified,0.00,unknown,undefined FUN_00460a10(void),false,,,,
0x00460AD0,119,0x00460B4C,FUN_00460ad0,,,unclassified,0.00,unknown,undefined FUN_00460ad0(void),false,,,,
0x00460B50,3781,0x00461A7C,FUN_00460b50,,,unclassified,0.00,unknown,undefined FUN_00460b50(void),false,,,,
0x00461A80,5,0x00461A84,FUN_00461a80,,,unclassified,0.00,unknown,undefined FUN_00461a80(void),false,,,,
0x00461A90,557,0x00461CBC,FUN_00461a90,,,unclassified,0.00,unknown,undefined FUN_00461a90(void),false,,,,
0x00461CC0,481,0x00462048,FUN_00461cc0,,,unclassified,0.00,unknown,undefined FUN_00461cc0(void),false,,,,
0x00462050,333,0x0046219C,FUN_00462050,,,unclassified,0.00,unknown,undefined FUN_00462050(void),false,,,,
0x004621A0,480,0x0046237F,FUN_004621a0,,,unclassified,0.00,unknown,undefined FUN_004621a0(void),false,,,,
0x00462380,57,0x004623B8,FUN_00462380,,,unclassified,0.00,unknown,undefined FUN_00462380(void),false,,,,
0x004623C0,171,0x0046246A,FUN_004623c0,,,unclassified,0.00,unknown,undefined FUN_004623c0(void),false,,,,
0x00462480,92,0x004624DB,FUN_00462480,,,unclassified,0.00,unknown,undefined FUN_00462480(void),false,,,,
0x004624E0,955,0x0046289F,FUN_004624e0,,,unclassified,0.00,unknown,undefined FUN_004624e0(void),false,,,,
0x004628A0,1339,0x00462E1B,FUN_004628a0,,,unclassified,0.00,unknown,undefined FUN_004628a0(void),false,,,,
0x00462A54,33,0x00462A74,Catch_All@00462a54,,,unclassified,0.00,unknown,undefined Catch_All@00462a54(void),false,,,,
0x00462CD8,32,0x00462CF7,Catch_All@00462cd8,,,unclassified,0.00,unknown,undefined Catch_All@00462cd8(void),false,,,,
0x00462E20,753,0x00463110,FUN_00462e20,,,unclassified,0.00,unknown,undefined FUN_00462e20(void),false,,,,
0x00463120,183,0x004631D6,FUN_00463120,,,unclassified,0.00,unknown,undefined FUN_00463120(void),false,,,,
0x004631E0,136,0x00463267,FUN_004631e0,,,unclassified,0.00,unknown,undefined FUN_004631e0(void),false,,,,
0x00463270,11,0x0046327A,get_slot_character,get_slot_character,battle,matching,100.00,__thiscall,"void * get_slot_character(void * this, uint slot)",false,src/battle/BattleSetup.cpp,scripts/compile-unit.sh src/battle/BattleSetup.cpp build/probes/BattleSetup.obj && python3 scripts/compare-function.py 0x00463270 build/probes/BattleSetup.obj,,Exact indexed character pointer load; manager class name remains inferred
0x00463280,11,0x0046328A,is_slot_active,is_slot_active,battle,matching,100.00,__thiscall,"uchar is_slot_active(void * this, uint slot)",false,src/battle/BattleSetup.cpp,scripts/compile-unit.sh src/battle/BattleSetup.cpp build/probes/BattleSetup.obj && python3 scripts/compare-function.py 0x00463280 build/probes/BattleSetup.obj,,Exact active-byte load; original method spelling remains unknown
0x00463290,49,0x004632C0,FUN_00463290,,,unclassified,0.00,unknown,undefined FUN_00463290(void),false,,,,
0x004632D0,767,0x004635CE,FUN_004632d0,,,unclassified,0.00,unknown,undefined FUN_004632d0(void),false,,,,
0x00463610,323,0x00463752,FUN_00463610,,,unclassified,0.00,unknown,undefined FUN_00463610(void),false,,,,
0x00463760,187,0x0046381A,FUN_00463760,,,unclassified,0.00,unknown,undefined FUN_00463760(void),false,,,,
0x00463820,334,0x0046396D,FUN_00463820,,,unclassified,0.00,unknown,undefined FUN_00463820(void),false,,,,
0x00463970,133,0x004639F4,FUN_00463970,,,unclassified,0.00,unknown,undefined FUN_00463970(void),false,,,,
0x00463A00,84,0x00463A56,FUN_00463a00,,,unclassified,0.00,unknown,undefined FUN_00463a00(void),false,,,,
0x00463A60,71,0x00463AA6,FUN_00463a60,,,unclassified,0.00,unknown,undefined FUN_00463a60(void),false,,,,
0x00463AB0,71,0x00463AF6,FUN_00463ab0,,,unclassified,0.00,unknown,undefined FUN_00463ab0(void),false,,,,
0x00463B00,59,0x00463B3A,FUN_00463b00,,,unclassified,0.00,unknown,undefined FUN_00463b00(void),false,,,,
0x00463B40,90,0x00463B99,FUN_00463b40,,,unclassified,0.00,unknown,undefined FUN_00463b40(void),false,,,,
0x00463BA0,267,0x00463CBA,FUN_00463ba0,,,unclassified,0.00,unknown,undefined FUN_00463ba0(void),false,,,,
0x00463D40,136,0x00463DCD,FUN_00463d40,,,unclassified,0.00,unknown,undefined FUN_00463d40(void),false,,,,
0x00463DD0,120,0x00463E4D,FUN_00463dd0,,,unclassified,0.00,unknown,undefined FUN_00463dd0(void),false,,,,
0x00463E90,50,0x00463EC1,FUN_00463e90,,,unclassified,0.00,unknown,undefined FUN_00463e90(void),false,,,,
0x00463ED0,137,0x00463F58,FUN_00463ed0,,,unclassified,0.00,unknown,undefined FUN_00463ed0(void),false,,,,
0x00463F60,241,0x00464050,FUN_00463f60,,,unclassified,0.00,unknown,undefined FUN_00463f60(void),false,,,,
0x00464060,170,0x00464109,FUN_00464060,,,unclassified,0.00,unknown,undefined FUN_00464060(void),false,,,,
0x00464110,105,0x00464178,FUN_00464110,,,unclassified,0.00,unknown,undefined FUN_00464110(void),false,,,,
0x00464180,100,0x004641E6,FUN_00464180,,,unclassified,0.00,unknown,undefined FUN_00464180(void),false,,,,
0x004641F0,69,0x00464234,FUN_004641f0,,,unclassified,0.00,unknown,undefined FUN_004641f0(void),false,,,,
0x00464240,38,0x00464265,FUN_00464240,,,unclassified,0.00,unknown,undefined FUN_00464240(void),false,,,,
0x00464270,88,0x004642C7,FUN_00464270,,,unclassified,0.00,unknown,undefined FUN_00464270(void),false,,,,
0x004642D0,66,0x00464311,FUN_004642d0,,,unclassified,0.00,unknown,undefined FUN_004642d0(void),false,,,,
0x00464320,199,0x004643E6,FUN_00464320,,,unclassified,0.00,unknown,undefined FUN_00464320(void),false,,,,
0x004643F0,50,0x00464421,FUN_004643f0,,,unclassified,0.00,unknown,undefined FUN_004643f0(void),false,,,,
0x00464430,248,0x00464527,FUN_00464430,,,unclassified,0.00,unknown,undefined FUN_00464430(void),false,,,,
0x00464530,45,0x0046455C,FUN_00464530,,,unclassified,0.00,unknown,undefined FUN_00464530(void),false,,,,
0x00464560,96,0x004645BF,FUN_00464560,,,unclassified,0.00,unknown,undefined FUN_00464560(void),false,,,,
0x004645C0,33,0x004645E0,FUN_004645c0,,,unclassified,0.00,unknown,undefined FUN_004645c0(void),false,,,,
0x004645F0,64,0x0046462F,FUN_004645f0,,,unclassified,0.00,unknown,undefined FUN_004645f0(void),false,,,,
0x00464630,407,0x004647C6,FUN_00464630,,,unclassified,0.00,unknown,undefined FUN_00464630(void),false,,,,
0x004647E0,825,0x00464B18,FUN_004647e0,,,unclassified,0.00,unknown,undefined FUN_004647e0(void),false,,,,
0x00464B20,362,0x00464C89,FUN_00464b20,,,unclassified,0.00,unknown,undefined FUN_00464b20(void),false,,,,
0x00464C90,56,0x00464CC7,FUN_00464c90,,,unclassified,0.00,unknown,undefined FUN_00464c90(void),false,,,,
0x00464CD0,56,0x00464D07,FUN_00464cd0,,,unclassified,0.00,unknown,undefined FUN_00464cd0(void),false,,,,
0x00464D10,90,0x00464D69,FUN_00464d10,,,unclassified,0.00,unknown,undefined FUN_00464d10(void),false,,,,
0x00464D70,94,0x00464DCD,FUN_00464d70,,,unclassified,0.00,unknown,undefined FUN_00464d70(void),false,,,,
0x00464DD0,66,0x00464E11,FUN_00464dd0,,,unclassified,0.00,unknown,undefined FUN_00464dd0(void),false,,,,
0x00464E20,41,0x00464E48,FUN_00464e20,,,unclassified,0.00,unknown,undefined FUN_00464e20(void),false,,,,
0x00464E50,54,0x00464E85,FUN_00464e50,,,unclassified,0.00,unknown,undefined FUN_00464e50(void),false,,,,
0x00464E90,129,0x00464F10,FUN_00464e90,,,unclassified,0.00,unknown,undefined FUN_00464e90(void),false,,,,
0x00464F20,43,0x00464F4A,FUN_00464f20,,,unclassified,0.00,unknown,undefined FUN_00464f20(void),false,,,,
0x00464F50,365,0x004650C8,FUN_00464f50,,,unclassified,0.00,unknown,undefined FUN_00464f50(void),false,,,,
0x004650D0,58,0x00465109,FUN_004650d0,,,unclassified,0.00,unknown,undefined FUN_004650d0(void),false,,,,
0x00465110,27,0x0046512D,FUN_00465110,,,unclassified,0.00,unknown,undefined FUN_00465110(void),false,,,,
0x00465130,41,0x00465158,FUN_00465130,,,unclassified,0.00,unknown,undefined FUN_00465130(void),false,,,,
0x00465160,115,0x004651D2,FUN_00465160,,,unclassified,0.00,unknown,undefined FUN_00465160(void),false,,,,
0x004651E0,749,0x00465517,FUN_004651e0,,,unclassified,0.00,unknown,undefined FUN_004651e0(void),false,,,,
0x004653DD,22,0x004653F2,Catch_All@004653dd,,,unclassified,0.00,unknown,undefined Catch_All@004653dd(void),false,,,,
0x004654A3,38,0x004654C8,Catch_All@004654a3,,,unclassified,0.00,unknown,undefined Catch_All@004654a3(void),false,,,,
0x00465520,186,0x004655D9,FUN_00465520,,,unclassified,0.00,unknown,undefined FUN_00465520(void),false,,,,
0x004655E0,509,0x004657DF,FUN_004655e0,,,unclassified,0.00,unknown,undefined FUN_004655e0(void),false,,,,
0x004657E0,670,0x00465A7D,FUN_004657e0,,,unclassified,0.00,unknown,undefined FUN_004657e0(void),false,,,,
0x00465A80,26,0x00465A99,FUN_00465a80,,,unclassified,0.00,unknown,undefined FUN_00465a80(void),false,,,,
0x00465AA0,87,0x00465AFD,FUN_00465aa0,,,unclassified,0.00,unknown,undefined FUN_00465aa0(void),false,,,,
0x00465B00,99,0x00465B62,FUN_00465b00,,,unclassified,0.00,unknown,undefined FUN_00465b00(void),false,,,,
0x00465B70,80,0x00465BC2,FUN_00465b70,,,unclassified,0.00,unknown,undefined FUN_00465b70(void),false,,,,
0x00465BD0,80,0x00465C22,FUN_00465bd0,,,unclassified,0.00,unknown,undefined FUN_00465bd0(void),false,,,,
0x00465C30,51,0x00465C62,FUN_00465c30,,,unclassified,0.00,unknown,undefined FUN_00465c30(void),false,,,,
0x00465C70,365,0x00465DEA,FUN_00465c70,,,unclassified,0.00,unknown,undefined FUN_00465c70(void),false,,,,
0x00465DF0,120,0x00465E6D,FUN_00465df0,,,unclassified,0.00,unknown,undefined FUN_00465df0(void),false,,,,
0x00465E90,160,0x00465F2F,FUN_00465e90,,,unclassified,0.00,unknown,undefined FUN_00465e90(void),false,,,,
0x00465F30,50,0x00465F61,FUN_00465f30,,,unclassified,0.00,unknown,undefined FUN_00465f30(void),false,,,,
0x00465F70,325,0x004660BB,FUN_00465f70,,,unclassified,0.00,unknown,undefined FUN_00465f70(void),false,,,,
0x004660C0,1074,0x004664F1,FUN_004660c0,,,unclassified,0.00,unknown,undefined FUN_004660c0(void),false,,,,
0x00466500,986,0x004668D9,FUN_00466500,,,unclassified,0.00,unknown,undefined FUN_00466500(void),false,,,,
0x00466930,139,0x004669C0,FUN_00466930,,,unclassified,0.00,unknown,undefined FUN_00466930(void),false,,,,
0x004669D0,120,0x00466A47,FUN_004669d0,,,unclassified,0.00,unknown,undefined FUN_004669d0(void),false,,,,
0x00466A70,279,0x00466B86,FUN_00466a70,,,unclassified,0.00,unknown,undefined FUN_00466a70(void),false,,,,
0x00466B90,1403,0x0046710A,FUN_00466b90,,,unclassified,0.00,unknown,undefined FUN_00466b90(void),false,,,,
0x00467110,906,0x0046749F,FUN_00467110,,,unclassified,0.00,unknown,undefined FUN_00467110(void),false,,,,
0x004674A0,33,0x004674C3,FUN_004674a0,,,unclassified,0.00,unknown,undefined FUN_004674a0(void),false,,,,
0x004674D0,515,0x004676D2,FUN_004674d0,,,unclassified,0.00,unknown,undefined FUN_004674d0(void),false,,,,
0x004676E0,335,0x0046782E,FUN_004676e0,,,unclassified,0.00,unknown,undefined FUN_004676e0(void),false,,,,
0x00467830,33,0x00467853,FUN_00467830,,,unclassified,0.00,unknown,undefined FUN_00467830(void),false,,,,
0x00467860,5,0x00467864,FUN_00467860,,,unclassified,0.00,unknown,undefined FUN_00467860(void),false,,,,
0x00467870,5,0x00467874,thunk_FUN_00464b20,,,unclassified,0.00,unknown,undefined thunk_FUN_00464b20(void),true,,,,
0x00467880,107,0x004678EA,FUN_00467880,,,unclassified,0.00,unknown,undefined FUN_00467880(void),false,,,,
0x004678F0,1536,0x00467EEF,FUN_004678f0,,,unclassified,0.00,unknown,undefined FUN_004678f0(void),false,,,,
0x00467EF0,889,0x00468268,FUN_00467ef0,,,unclassified,0.00,unknown,undefined FUN_00467ef0(void),false,,,,
0x00468270,868,0x004685D3,FUN_00468270,,,unclassified,0.00,unknown,undefined FUN_00468270(void),false,,,,
0x004685E0,33,0x00468603,FUN_004685e0,,,unclassified,0.00,unknown,undefined FUN_004685e0(void),false,,,,
0x00468610,97,0x00468670,FUN_00468610,,,unclassified,0.00,unknown,undefined FUN_00468610(void),false,,,,
0x00468680,33,0x004686A3,FUN_00468680,,,unclassified,0.00,unknown,undefined FUN_00468680(void),false,,,,
0x004686B0,1,0x004686B0,FUN_004686b0,,,unclassified,0.00,unknown,undefined FUN_004686b0(void),false,,,,
0x004686C0,107,0x0046872A,FUN_004686c0,,,unclassified,0.00,unknown,undefined FUN_004686c0(void),false,,,,
0x00468730,49,0x00468760,FUN_00468730,,,unclassified,0.00,unknown,undefined FUN_00468730(void),false,,,,
0x00468770,11,0x0046877A,FUN_00468770,,,unclassified,0.00,unknown,undefined FUN_00468770(void),false,,,,
0x00468780,137,0x00468808,FUN_00468780,,,unclassified,0.00,unknown,undefined FUN_00468780(void),false,,,,
0x00468810,196,0x004688D9,FUN_00468810,,,unclassified,0.00,unknown,undefined FUN_00468810(void),false,,,,
0x004688E0,30,0x004688FD,FUN_004688e0,,,unclassified,0.00,unknown,undefined FUN_004688e0(void),false,,,,
0x00468900,37,0x00468924,FUN_00468900,,,unclassified,0.00,unknown,undefined FUN_00468900(void),false,,,,
0x00468930,511,0x00468B2E,FUN_00468930,,,unclassified,0.00,unknown,undefined FUN_00468930(void),false,,,,
0x00468B30,114,0x00468BA1,FUN_00468b30,,,unclassified,0.00,unknown,undefined FUN_00468b30(void),false,,,,
0x00468BB0,187,0x00468C6A,FUN_00468bb0,,,unclassified,0.00,unknown,undefined FUN_00468bb0(void),false,,,,
0x00468C70,38,0x00468C95,FUN_00468c70,,,unclassified,0.00,unknown,undefined FUN_00468c70(void),false,,,,
0x00468CA0,39,0x00468CC9,FUN_00468ca0,,,unclassified,0.00,unknown,undefined FUN_00468ca0(void),false,,,,
0x00468CD0,115,0x00468D42,FUN_00468cd0,,,unclassified,0.00,unknown,undefined FUN_00468cd0(void),false,,,,
0x00468D50,46,0x00468D7D,FUN_00468d50,,,unclassified,0.00,unknown,undefined FUN_00468d50(void),false,,,,
0x00468D80,472,0x00468F57,FUN_00468d80,,,unclassified,0.00,unknown,undefined FUN_00468d80(void),false,,,,
0x00468F60,418,0x00469104,FUN_00468f60,,,unclassified,0.00,unknown,undefined FUN_00468f60(void),false,,,,
0x00469110,325,0x00469254,FUN_00469110,,,unclassified,0.00,unknown,undefined FUN_00469110(void),false,,,,
0x00469260,132,0x004692E3,FUN_00469260,,,unclassified,0.00,unknown,undefined FUN_00469260(void),false,,,,
0x004692F0,153,0x00469388,FUN_004692f0,,,unclassified,0.00,unknown,undefined FUN_004692f0(void),false,,,,
0x00469390,29,0x004693AC,FUN_00469390,,,unclassified,0.00,unknown,undefined FUN_00469390(void),false,,,,
0x004693B0,145,0x00469440,FUN_004693b0,,,unclassified,0.00,unknown,undefined FUN_004693b0(void),false,,,,
0x00469441,9,0x00469449,Catch_All@00469441,,,unclassified,0.00,unknown,undefined Catch_All@00469441(void),false,,,,
0x00469460,123,0x004694DA,FUN_00469460,,,unclassified,0.00,unknown,undefined FUN_00469460(void),false,,,,
0x004694E0,86,0x00469535,FUN_004694e0,,,unclassified,0.00,unknown,undefined FUN_004694e0(void),false,,,,
0x00469540,509,0x0046973C,FUN_00469540,,,unclassified,0.00,unknown,undefined FUN_00469540(void),false,,,,
0x00469740,185,0x004697F8,FUN_00469740,,,unclassified,0.00,unknown,undefined FUN_00469740(void),false,,,,
0x00469800,920,0x00469BAC,FUN_00469800,,,unclassified,0.00,unknown,undefined FUN_00469800(void),false,,,,
0x00469BB0,7,0x00469BB6,FUN_00469bb0,,,unclassified,0.00,unknown,undefined FUN_00469bb0(void),false,,,,
0x00469BC0,31,0x00469BDE,FUN_00469bc0,,,unclassified,0.00,unknown,undefined FUN_00469bc0(void),false,,,,
0x00469BE0,10,0x00469BE9,FUN_00469be0,,,unclassified,0.00,unknown,undefined FUN_00469be0(void),false,,,,
0x00469BF0,6,0x00469BF5,FUN_00469bf0,,,unclassified,0.00,unknown,undefined FUN_00469bf0(void),false,,,,
0x00469C00,413,0x00469D9C,FUN_00469c00,,,unclassified,0.00,unknown,undefined FUN_00469c00(void),false,,,,
0x00469DA0,156,0x00469E3B,FUN_00469da0,,,unclassified,0.00,unknown,undefined FUN_00469da0(void),false,,,,
0x00469E40,26,0x00469E59,FUN_00469e40,,,unclassified,0.00,unknown,undefined FUN_00469e40(void),false,,,,
0x00469E60,401,0x00469FFC,FUN_00469e60,,,unclassified,0.00,unknown,undefined FUN_00469e60(void),false,,,,
0x0046A000,117,0x0046A074,FUN_0046a000,,,unclassified,0.00,unknown,undefined FUN_0046a000(void),false,,,,
0x0046A080,338,0x0046A1D4,FUN_0046a080,,,unclassified,0.00,unknown,undefined FUN_0046a080(void),false,,,,
0x0046A1E0,101,0x0046A244,FUN_0046a1e0,,,unclassified,0.00,unknown,undefined FUN_0046a1e0(void),false,,,,
0x0046A250,572,0x0046A48B,FUN_0046a250,,,unclassified,0.00,unknown,undefined FUN_0046a250(void),false,,,,
0x0046A490,279,0x0046A5A6,FUN_0046a490,,,unclassified,0.00,unknown,undefined FUN_0046a490(void),false,,,,
0x0046A5B0,11,0x0046A5BA,FUN_0046a5b0,,,unclassified,0.00,unknown,undefined FUN_0046a5b0(void),false,,,,
0x0046A5C0,11,0x0046A5CA,FUN_0046a5c0,,,unclassified,0.00,unknown,undefined FUN_0046a5c0(void),false,,,,
0x0046A5D0,51,0x0046A602,FUN_0046a5d0,,,unclassified,0.00,unknown,undefined FUN_0046a5d0(void),false,,,,
0x0046A610,127,0x0046A691,reset_fighter_fields_6bc_728,reset_fighter_fields_6bc_728,battle,matching,100.00,__fastcall,void reset_fighter_fields_6bc_728(void * context),false,src/battle/FighterResets.cpp,python3 scripts/compare-function.py --contiguous-span 0x0046A610 build/wave3/FighterResets.obj,root,Exact 130-byte contiguous entry-to-span match including three bytes omitted from Ghidra's body set
0x0046A6A0,219,0x0046A77D,reset_fighter_fields_6b4_728,reset_fighter_fields_6b4_728,battle,matching,100.00,__fastcall,void reset_fighter_fields_6b4_728(void * context),false,src/battle/FighterResets.cpp,python3 scripts/compare-function.py --contiguous-span 0x0046A6A0 build/wave3/FighterResets.obj,root,Exact 222-byte contiguous entry-to-span match including three bytes omitted from Ghidra's body set
0x0046A780,105,0x0046A7E8,FUN_0046a780,,,unclassified,0.00,unknown,undefined FUN_0046a780(void),false,,,,
0x0046A7F0,22,0x0046A805,initialize_collision_list,initialize_collision_list,battle,matching,100.00,__fastcall,void * initialize_collision_list(void * self),false,src/battle/CollisionListInit.cpp,scripts/compile-unit.sh src/battle/CollisionListInit.cpp build/wave3/CollisionListInit.obj && python3 scripts/compare-function.py 0x0046A7F0 build/wave3/CollisionListInit.obj,root,Exact 22-byte match after resolving the external sentinel-creator CALL relocation
0x0046A810,147,0x0046A8A2,FUN_0046a810,,,unclassified,0.00,unknown,undefined FUN_0046a810(void),false,,,,
0x0046A8B0,138,0x0046A939,FUN_0046a8b0,,,unclassified,0.00,unknown,undefined FUN_0046a8b0(void),false,,,,
0x0046A940,93,0x0046A99C,reset_hit_exchange_scratch,reset_hit_exchange_scratch,battle,identified,0.00,__thiscall,"void reset_hit_exchange_scratch(void * this, void * owner, void * target)",false,,docs/BATTLE.md observed resolver scratch and indexed entry reset,root,Durable match blocked on verified mappings for global 0x006E6248 and callee 0x00469E40
0x0046A9A0,139,0x0046AA2A,accumulate_collision_extents,accumulate_collision_extents,battle,matching,100.00,__thiscall,"void accumulate_collision_extents(void * this, int * first, int * second)",false,src/battle/Collision.cpp,scripts/compile-unit.sh src/battle/Collision.cpp build/probes/Collision.obj && python3 scripts/compare-function.py 0x0046A9A0 build/probes/Collision.obj,,Exact four-coordinate extent accumulation; volatile rereads preserve observed VC8 load order
0x0046AA30,333,0x0046AB7C,accumulate_float_collision_extents,accumulate_float_collision_extents,battle,identified,0.00,__thiscall,"void accumulate_float_collision_extents(void * this, float * first, float * second)",false,,docs/BATTLE.md observed float-coordinate extent selection and integer conversion,,
0x0046AB80,67,0x0046ABC2,accumulate_descriptor_extents,accumulate_descriptor_extents,battle,matching,100.00,__thiscall,"void accumulate_descriptor_extents(void * this, void * first, void * descriptor, void * second)",false,src/battle/HitGeometry.cpp,scripts/compile-unit.sh src/battle/HitGeometry.cpp build/wave4/HitGeometry.obj && python3 scripts/compare-function.py 0x0046AB80 build/wave4/HitGeometry.obj,root,Exact 67-byte one-descriptor projected extent accumulation
0x0046ABD0,110,0x0046AC3D,accumulate_descriptor_pair_extents,accumulate_descriptor_pair_extents,battle,matching,100.00,__thiscall,"void accumulate_descriptor_pair_extents(void * this, void * first, void * first_descriptor, void * second, void * second_descriptor)",false,src/battle/HitGeometry.cpp,scripts/compile-unit.sh src/battle/HitGeometry.cpp build/wave4/HitGeometry.obj && python3 scripts/compare-function.py 0x0046ABD0 build/wave4/HitGeometry.obj,root,Exact 110-byte descriptor-pair projected extent accumulation
0x0046AC40,100,0x0046ACA3,emit_effect_at_collision_center,emit_effect_at_collision_center,battle,matching,100.00,__thiscall,"void emit_effect_at_collision_center(void * this, int effect_code, int direction)",false,src/battle/HitEffects.cpp,scripts/compile-unit.sh src/battle/HitEffects.cpp build/wave4/HitEffects.obj && python3 scripts/compare-function.py 0x0046AC40 build/wave4/HitEffects.obj,root,Exact 100-byte match; DIR32 double-0.5 literal is independently verified against object and target bytes
0x0046ACB0,23,0x0046ACC6,reset_collision_extents,reset_collision_extents,battle,matching,100.00,__thiscall,void reset_collision_extents(void * this),false,src/battle/Collision.cpp,scripts/compile-unit.sh src/battle/Collision.cpp build/probes/Collision.obj && python3 scripts/compare-function.py 0x0046ACB0 build/probes/Collision.obj,,Exact sentinel writes; extent semantics and original context type remain inferred
0x0046ACD0,91,0x0046AD2A,transform_local_aabb_to_world,transform_local_aabb_to_world,battle,matching,100.00,__stdcall,"void transform_local_aabb_to_world(void * actor, int * param_2, float * world_aabb)",false,src/battle/Collision.cpp,scripts/compile-unit.sh src/battle/Collision.cpp build/probes/Collision.obj && python3 scripts/compare-function.py 0x0046ACD0 build/probes/Collision.obj,,Exact x87 local-to-world AABB transform; source type names are reconstructed
0x0046AD30,97,0x0046AD90,test_and_accumulate_float_aabb_overlap,test_and_accumulate_float_aabb_overlap,battle,identified,0.00,__thiscall,"int test_and_accumulate_float_aabb_overlap(void * this, float * first, float * second)",false,,docs/BATTLE.md observed sign-bit overlap test and extent-helper call,root,Best natural VC8 probe is 95 bytes versus 97; target delays sign-word reduction until all four x87 stores
0x0046ADA0,248,0x0046AE97,test_aabb_against_descriptor_shape,test_aabb_against_descriptor_shape,battle,identified,0.00,__thiscall,"int test_aabb_against_descriptor_shape(void * this, void * first_aabb, void * descriptor, void * second_aabb)",false,,docs/BATTLE.md observed signed AABB and four-word descriptor overlap predicates,root,Target 248 bytes versus 246-byte probe; only the four-way broad-phase reduction remains compiler-shaped differently
0x0046AEA0,142,0x0046AF2D,test_descriptor_point_inside,test_descriptor_point_inside,battle,matching,100.00,__thiscall,"int test_descriptor_point_inside(void * this, void * aabb, void * descriptor, int x, int y)",false,src/battle/HitGeometry.cpp,scripts/compile-unit.sh src/battle/HitGeometry.cpp build/wave3/HitGeometry.obj && python3 scripts/compare-function.py 0x0046AEA0 build/wave3/HitGeometry.obj,root,Exact four signed half-space expressions; descriptor geometry interpretation remains inferred
0x0046AF30,194,0x0046AFF4,test_group_a_against_primary_box,test_group_a_against_primary_box,battle,identified,0.00,__thiscall,"int test_group_a_against_primary_box(void * this, void * first, void * second)",false,,docs/BATTLE.md observed group A iteration against optional primary box,root,Signed group-A count and descriptor-null dispatch mapped; source shaping remains
0x0046B000,252,0x0046B0FB,test_descriptor_shapes_overlap,test_descriptor_shapes_overlap,battle,identified,0.00,__thiscall,"int test_descriptor_shapes_overlap(void * this, void * first_aabb, void * first_descriptor, void * second_aabb, void * second_descriptor)",false,,docs/BATTLE.md observed ordered descriptor overlap and point tests,root,Current 232-byte probe versus 252-byte target differs in register lifetime and branch layout
0x0046B100,398,0x0046B28D,test_group_a_against_group_b,test_group_a_against_group_b,battle,identified,0.00,__thiscall,"int test_group_a_against_group_b(void * this, void * first, void * second)",false,,docs/BATTLE.md observed group A versus group B box testing,root,Signed nested loops and four-way descriptor dispatch mapped; 331-byte structural probe versus 398-byte target
0x0046B290,398,0x0046B41D,test_group_b_against_group_b,test_group_b_against_group_b,battle,identified,0.00,__thiscall,"int test_group_b_against_group_b(void * this, void * first, void * second)",false,,docs/BATTLE.md observed group B versus group B box testing,root,Signed nested loops and four-way descriptor dispatch mapped; exact source shaping remains
0x0046B420,195,0x0046B4E2,run_shared_battle_phase_sequence,run_shared_battle_phase_sequence,battle,identified,0.00,__thiscall,void run_shared_battle_phase_sequence(void * this),false,,docs/BATTLE.md observed ordered cross-manager battle phase dispatch,root,Disposable verifier matched exactly; durable project comparison awaits verified broad-global relocations
0x0046B4F0,34,0x0046B511,run_battle_phase_and_info_callback,run_battle_phase_and_info_callback,battle,identified,0.00,__thiscall,void run_battle_phase_and_info_callback(void * this),false,,docs/BATTLE.md observed phase wrapper and Info-manager virtual callback,root,Disposable verifier matched exactly; durable project comparison awaits virtual tail-dispatch mapping
0x0046B520,74,0x0046B569,adjust_counter_482,adjust_counter_482,battle,matching,100.00,__thiscall,"void adjust_counter_482(void * this, short amount, int floor_value)",false,src/battle/FighterState.cpp,scripts/compile-unit.sh src/battle/FighterState.cpp build/wave3/FighterState.obj && python3 scripts/compare-function.py 0x0046B520 build/wave3/FighterState.obj,root,Exact subtract clamp state gate and floor raise; field gameplay meanings remain unknown
0x0046B570,1579,0x0046BB9A,resolve_general_attack_hit,resolve_general_attack_hit,battle,identified,0.00,__thiscall,"void resolve_general_attack_hit(void * this, void * candidate, void * fighter)",false,,docs/BATTLE.md observed final ordinary hit resolver phases and field contracts,root,Decomposed into six observed phases; monolithic compiler-shaping is deferred until leaf contracts stabilize
0x0046BBA0,301,0x0046BCCC,FUN_0046bba0,,,unclassified,0.00,unknown,undefined FUN_0046bba0(void),false,,,,
0x0046BCD0,260,0x0046BDD3,FUN_0046bcd0,,,unclassified,0.00,unknown,undefined FUN_0046bcd0(void),false,,,,
0x0046BDE0,169,0x0046BE88,try_candidate_flag_outcome,try_candidate_flag_outcome,battle,matching,100.00,__thiscall,"bool try_candidate_flag_outcome(void * this, void * candidate, void * fighter)",false,src/battle/CandidateOutcomes.cpp,scripts/compile-unit.sh src/battle/CandidateOutcomes.cpp build/wave4/CandidateOutcomes.obj && python3 scripts/compare-function.py 0x0046BDE0 build/wave4/CandidateOutcomes.obj,root,Exact 169-byte ordered candidate-frame flag outcome; gameplay term remains unproven
0x0046BE90,143,0x0046BF1E,try_frame_flag_pair_outcome,try_frame_flag_pair_outcome,battle,matching,100.00,__thiscall,"bool try_frame_flag_pair_outcome(void * this, void * candidate, void * fighter)",false,src/battle/HitDetection.cpp,scripts/compile-unit.sh src/battle/HitDetection.cpp build/probes/HitDetection.obj && python3 scripts/compare-function.py 0x0046BE90 build/probes/HitDetection.obj,,Exact ordered flag-pair checks and result code 3; gameplay term remains inferred
0x0046BF20,164,0x0046BFC3,try_group_a_vs_group_b_interaction,try_group_a_vs_group_b_interaction,battle,identified,0.00,__thiscall,"bool try_group_a_vs_group_b_interaction(void * this, void * source, void * other)",false,,docs/BATTLE.md observed family-A versus family-B response path,root,Faithful source differs by one zero-extension instruction shape
0x0046BFD0,147,0x0046C062,try_group_b_pair_response,try_group_b_pair_response,battle,matching,100.00,__thiscall,"bool try_group_b_pair_response(void * this, void * source, void * other)",false,src/battle/ObjectResponses.cpp,scripts/compile-unit.sh src/battle/ObjectResponses.cpp build/probes/ObjectResponses.obj && python3 scripts/compare-function.py 0x0046BFD0 build/probes/ObjectResponses.obj,root,Exact 147-byte ordered group-B pair response; field roles remain neutral
0x0046C070,542,0x0046C28D,resolve_group_b_object_clash,resolve_group_b_object_clash,battle,identified,0.00,__thiscall,"void resolve_group_b_object_clash(void * this, void * left, void * right)",false,,docs/BATTLE.md observed group-B object-pair result dispatch,root,Full result table mapped; exact port depends on larger geometry and branch-shaping work
0x0046C290,1862,0x0046C9D5,FUN_0046c290,resolve_fighter_body_collision,battle,identified,0.00,unknown,undefined FUN_0046c290(void),false,,docs/EVIDENCE.md collision call flow and live frame layout,,
0x0046C9E0,530,0x0046CBF1,try_outcome_path_a,try_outcome_path_a,battle,identified,0.00,__thiscall,"bool try_outcome_path_a(void * this, void * candidate, void * fighter)",false,,docs/BATTLE.md observed path-A counter transition and normal result-code-2 response,root,Control flow and field effects mapped; implementation waits on dependent layouts and call mappings
0x0046CC00,542,0x0046CE1D,try_outcome_path_b,try_outcome_path_b,battle,identified,0.00,__thiscall,"bool try_outcome_path_b(void * this, void * candidate, void * fighter)",false,,docs/BATTLE.md observed path-B terminal gates and normal result-code-2 response,root,Control flow and field effects mapped; implementation waits on dependent layouts and call mappings
0x0046CE20,446,0x0046CFDD,dispatch_outcome_path,dispatch_outcome_path,battle,identified,0.00,__thiscall,"bool dispatch_outcome_path(void * this, void * candidate, void * fighter)",false,,docs/BATTLE.md observed selector table and ordered outcome/action dispatch,root,All selector cases mapped; implementation waits on subresolver and fighter action layouts
0x0046D000,51,0x0046D032,create_collision_list_node,create_collision_list_node,battle,matching,100.00,__stdcall,"void * create_collision_list_node(void * next, void * previous, void * * payload)",false,src/battle/CollisionList.cpp,scripts/compile-unit.sh src/battle/CollisionList.cpp build/wave3/CollisionList.obj && python3 scripts/compare-function.py 0x0046D000 build/wave3/CollisionList.obj,root,Exact 51-byte match after resolving the external operator_new CALL relocation
0x0046D040,285,0x0046D15C,resolve_attack_candidate_against_fighter,resolve_attack_candidate_against_fighter,battle,identified,0.00,__thiscall,"void resolve_attack_candidate_against_fighter(void * this, void * candidate, void * fighter)",false,,docs/BATTLE.md observed ordered attack-versus-fighter gates and outcome cascade,root,Strict state and shape gates plus outcome cascade mapped; monolithic port remains deferred
0x0046D160,525,0x0046D36C,dispatch_family2_against_family1,dispatch_family2_against_family1,battle,identified,0.00,__thiscall,void dispatch_family2_against_family1(void * this),false,,docs/BATTLE.md observed family-2 against family-1 sentinel traversal and response cascade,root,Traversal/filter/call order mapped; monolithic port deferred until response leaves match
0x0046D370,686,0x0046D61D,dispatch_family1_object_clashes,dispatch_family1_object_clashes,battle,identified,0.00,__thiscall,void dispatch_family1_object_clashes(void * this),false,,docs/BATTLE.md observed same-list and cross-list object clash traversal,root,Exact asymmetric filters and pair order mapped; monolithic port deferred until 0x0046C070 matches
0x0046D620,1405,0x0046DBCB,FUN_0046d620,,,unclassified,0.00,unknown,undefined FUN_0046d620(void),false,,,,
0x0046DBD0,168,0x0046DC77,FUN_0046dbd0,,,unclassified,0.00,unknown,undefined FUN_0046dbd0(void),false,,,,
0x0046DC80,753,0x0046DF70,FUN_0046dc80,,,unclassified,0.00,unknown,undefined FUN_0046dc80(void),false,,,,
0x0046DF90,33,0x0046DFB0,FUN_0046df90,,,unclassified,0.00,unknown,undefined FUN_0046df90(void),false,,,,
0x0046DFC0,60,0x0046DFFB,FUN_0046dfc0,,,unclassified,0.00,unknown,undefined FUN_0046dfc0(void),false,,,,
0x0046E000,49,0x0046E030,FUN_0046e000,,,unclassified,0.00,unknown,undefined FUN_0046e000(void),false,,,,
0x0046E040,47,0x0046E06E,FUN_0046e040,,,unclassified,0.00,unknown,undefined FUN_0046e040(void),false,,,,
0x0046E090,105,0x0046E0F8,FUN_0046e090,,,unclassified,0.00,unknown,undefined FUN_0046e090(void),false,,,,
0x0046E130,144,0x0046E1BF,FUN_0046e130,,,unclassified,0.00,unknown,undefined FUN_0046e130(void),false,,,,
0x0046E1C0,225,0x0046E2A3,FUN_0046e1c0,,,unclassified,0.00,unknown,undefined FUN_0046e1c0(void),false,,,,
0x0046E2B0,178,0x0046E36B,FUN_0046e2b0,,,unclassified,0.00,unknown,undefined FUN_0046e2b0(void),false,,,,
0x0046E3C0,27,0x0046E3DD,FUN_0046e3c0,,,unclassified,0.00,unknown,undefined FUN_0046e3c0(void),false,,,,
0x0046E3E0,130,0x0046E461,FUN_0046e3e0,,,unclassified,0.00,unknown,undefined FUN_0046e3e0(void),false,,,,
0x0046E470,103,0x0046E4D6,FUN_0046e470,,,unclassified,0.00,unknown,undefined FUN_0046e470(void),false,,,,
0x0046E4E0,5,0x0046E4E4,thunk_FUN_00420bb0,,,unclassified,0.00,unknown,undefined thunk_FUN_00420bb0(void),true,,,,
0x0046E4F0,204,0x0046E5C5,FUN_0046e4f0,,,unclassified,0.00,unknown,undefined FUN_0046e4f0(void),false,,,,
0x0046E5D0,100,0x0046E633,FUN_0046e5d0,,,unclassified,0.00,unknown,undefined FUN_0046e5d0(void),false,,,,
0x0046E640,169,0x0046E6E8,FUN_0046e640,,,unclassified,0.00,unknown,undefined FUN_0046e640(void),false,,,,
0x0046E6F0,8,0x0046E6F7,FUN_0046e6f0,,,unclassified,0.00,unknown,undefined FUN_0046e6f0(void),false,,,,
0x0046E700,59,0x0046E73A,FUN_0046e700,,,unclassified,0.00,unknown,undefined FUN_0046e700(void),false,,,,
0x0046E740,434,0x0046E8F1,FUN_0046e740,,,unclassified,0.00,unknown,undefined FUN_0046e740(void),false,,,,
0x0046E900,94,0x0046E95D,FUN_0046e900,,,unclassified,0.00,unknown,undefined FUN_0046e900(void),false,,,,
0x0046E960,117,0x0046E9D4,FUN_0046e960,,,unclassified,0.00,unknown,undefined FUN_0046e960(void),false,,,,
0x0046E9E0,115,0x0046EA52,FUN_0046e9e0,,,unclassified,0.00,unknown,undefined FUN_0046e9e0(void),false,,,,
0x0046EA60,27,0x0046EA7D,FUN_0046ea60,,,unclassified,0.00,unknown,undefined FUN_0046ea60(void),false,,,,
0x0046EA80,108,0x0046EAEB,FUN_0046ea80,,,unclassified,0.00,unknown,undefined FUN_0046ea80(void),false,,,,
0x0046EB50,195,0x0046EC12,FUN_0046eb50,,,unclassified,0.00,unknown,undefined FUN_0046eb50(void),false,,,,
0x0046EC20,185,0x0046ECD8,FUN_0046ec20,,,unclassified,0.00,unknown,undefined FUN_0046ec20(void),false,,,,
0x0046ECE0,27,0x0046ECFD,FUN_0046ece0,,,unclassified,0.00,unknown,undefined FUN_0046ece0(void),false,,,,
0x0046ED00,27,0x0046ED1D,FUN_0046ed00,,,unclassified,0.00,unknown,undefined FUN_0046ed00(void),false,,,,
0x0046ED20,119,0x0046ED96,FUN_0046ed20,,,unclassified,0.00,unknown,undefined FUN_0046ed20(void),false,,,,
0x0046EDA0,35,0x0046EDC2,FUN_0046eda0,,,unclassified,0.00,unknown,undefined FUN_0046eda0(void),false,,,,
0x0046EDD0,171,0x0046EE7A,FUN_0046edd0,,,unclassified,0.00,unknown,undefined FUN_0046edd0(void),false,,,,
0x0046EE80,30,0x0046EE9D,FUN_0046ee80,,,unclassified,0.00,unknown,undefined FUN_0046ee80(void),false,,,,
0x0046EEA0,27,0x0046EEBD,FUN_0046eea0,,,unclassified,0.00,unknown,undefined FUN_0046eea0(void),false,,,,
0x0046EEC0,35,0x0046EEE2,FUN_0046eec0,,,unclassified,0.00,unknown,undefined FUN_0046eec0(void),false,,,,
0x0046EEF0,118,0x0046EF65,FUN_0046eef0,,,unclassified,0.00,unknown,undefined FUN_0046eef0(void),false,,,,
0x0046EF70,85,0x0046EFC4,FUN_0046ef70,,,unclassified,0.00,unknown,undefined FUN_0046ef70(void),false,,,,
0x0046EFD0,20,0x0046EFE3,FUN_0046efd0,,,unclassified,0.00,unknown,undefined FUN_0046efd0(void),false,,,,
0x0046EFF0,27,0x0046F00A,FUN_0046eff0,,,unclassified,0.00,unknown,undefined FUN_0046eff0(void),false,,,,
0x0046F010,633,0x0046F297,FUN_0046f010,,,unclassified,0.00,unknown,undefined FUN_0046f010(void),false,,,,
0x0046F2A0,118,0x0046F315,FUN_0046f2a0,,,unclassified,0.00,unknown,undefined FUN_0046f2a0(void),false,,,,
0x0046F320,518,0x0046F525,FUN_0046f320,,,unclassified,0.00,unknown,undefined FUN_0046f320(void),false,,,,
0x0046F530,2005,0x0046FD04,FUN_0046f530,,,unclassified,0.00,unknown,undefined FUN_0046f530(void),false,,,,
0x0046FD10,353,0x0046FE70,FUN_0046fd10,,,unclassified,0.00,unknown,undefined FUN_0046fd10(void),false,,,,
0x0046FE80,479,0x0047005E,FUN_0046fe80,,,unclassified,0.00,unknown,undefined FUN_0046fe80(void),false,,,,
0x00470060,337,0x004701B0,FUN_00470060,,,unclassified,0.00,unknown,undefined FUN_00470060(void),false,,,,
0x004701C0,299,0x004702F1,FUN_004701c0,,,unclassified,0.00,unknown,undefined FUN_004701c0(void),false,,,,
0x00470300,90,0x00470359,FUN_00470300,,,unclassified,0.00,unknown,undefined FUN_00470300(void),false,,,,
0x00470360,358,0x004704C5,FUN_00470360,,,unclassified,0.00,unknown,undefined FUN_00470360(void),false,,,,
0x004704D0,42,0x004704F9,FUN_004704d0,,,unclassified,0.00,unknown,undefined FUN_004704d0(void),false,,,,
0x00470500,602,0x00470759,FUN_00470500,,,unclassified,0.00,unknown,undefined FUN_00470500(void),false,,,,
0x00470780,290,0x004708A1,FUN_00470780,,,unclassified,0.00,unknown,undefined FUN_00470780(void),false,,,,
0x004708B0,129,0x00470930,FUN_004708b0,,,unclassified,0.00,unknown,undefined FUN_004708b0(void),false,,,,
0x00470940,529,0x00470B56,FUN_00470940,,,unclassified,0.00,unknown,undefined FUN_00470940(void),false,,,,
0x00470B80,14,0x00470B8D,FUN_00470b80,,,unclassified,0.00,unknown,undefined FUN_00470b80(void),false,,,,
0x00470B90,59,0x00470BCA,FUN_00470b90,,,unclassified,0.00,unknown,undefined FUN_00470b90(void),false,,,,
0x00470BD0,88,0x00470C27,FUN_00470bd0,,,unclassified,0.00,unknown,undefined FUN_00470bd0(void),false,,,,
0x00470C30,203,0x00470CFA,FUN_00470c30,,,unclassified,0.00,unknown,undefined FUN_00470c30(void),false,,,,
0x00470D00,157,0x00470D9C,FUN_00470d00,,,unclassified,0.00,unknown,undefined FUN_00470d00(void),false,,,,
0x00470DA0,309,0x00470ED4,FUN_00470da0,,,unclassified,0.00,unknown,undefined FUN_00470da0(void),false,,,,
0x00470EE0,323,0x00471022,FUN_00470ee0,,,unclassified,0.00,unknown,undefined FUN_00470ee0(void),false,,,,
0x00471030,339,0x0047118E,FUN_00471030,,,unclassified,0.00,unknown,undefined FUN_00471030(void),false,,,,
0x00471190,41,0x004711B8,FUN_00471190,,,unclassified,0.00,unknown,undefined FUN_00471190(void),false,,,,
0x004711C0,115,0x00471232,FUN_004711c0,,,unclassified,0.00,unknown,undefined FUN_004711c0(void),false,,,,
0x00471240,99,0x004712A2,FUN_00471240,,,unclassified,0.00,unknown,undefined FUN_00471240(void),false,,,,
0x004712B0,11,0x004712BA,FUN_004712b0,,,unclassified,0.00,unknown,undefined FUN_004712b0(void),false,,,,
0x004712C0,320,0x004713FF,FUN_004712c0,,,unclassified,0.00,unknown,undefined FUN_004712c0(void),false,,,,
0x00471400,97,0x00471460,FUN_00471400,,,unclassified,0.00,unknown,undefined FUN_00471400(void),false,,,,
0x00471470,78,0x004714BD,FUN_00471470,,,unclassified,0.00,unknown,undefined FUN_00471470(void),false,,,,
0x004714C0,205,0x00471596,FUN_004714c0,,,unclassified,0.00,unknown,undefined FUN_004714c0(void),false,,,,
0x004715A0,101,0x00471604,FUN_004715a0,,,unclassified,0.00,unknown,undefined FUN_004715a0(void),false,,,,
0x00471610,31,0x0047162E,FUN_00471610,,,unclassified,0.00,unknown,undefined FUN_00471610(void),false,,,,
0x00471630,107,0x0047169A,FUN_00471630,,,unclassified,0.00,unknown,undefined FUN_00471630(void),false,,,,
0x004716A0,27,0x004716BD,FUN_004716a0,,,unclassified,0.00,unknown,undefined FUN_004716a0(void),false,,,,
0x004716C0,276,0x004717D3,FUN_004716c0,,,unclassified,0.00,unknown,undefined FUN_004716c0(void),false,,,,
0x004717E0,314,0x00471919,FUN_004717e0,,,unclassified,0.00,unknown,undefined FUN_004717e0(void),false,,,,
0x00471920,277,0x00471A34,FUN_00471920,,,unclassified,0.00,unknown,undefined FUN_00471920(void),false,,,,
0x00471A40,23,0x00471A56,FUN_00471a40,,,unclassified,0.00,unknown,undefined FUN_00471a40(void),false,,,,
0x00471A60,44,0x00471A8B,FUN_00471a60,,,unclassified,0.00,unknown,undefined FUN_00471a60(void),false,,,,
0x00471A90,985,0x00471E6E,FUN_00471a90,,,unclassified,0.00,unknown,undefined FUN_00471a90(void),false,,,,
0x00471E70,397,0x00471FFC,FUN_00471e70,,,unclassified,0.00,unknown,undefined FUN_00471e70(void),false,,,,
0x00472020,172,0x004720CB,FUN_00472020,,,unclassified,0.00,unknown,undefined FUN_00472020(void),false,,,,
0x004720D0,572,0x0047230B,FUN_004720d0,,,unclassified,0.00,unknown,undefined FUN_004720d0(void),false,,,,
0x00472330,60,0x0047236B,FUN_00472330,,,unclassified,0.00,unknown,undefined FUN_00472330(void),false,,,,
0x00472370,66,0x004723B1,FUN_00472370,,,unclassified,0.00,unknown,undefined FUN_00472370(void),false,,,,
0x004723C0,58,0x004723F9,FUN_004723c0,,,unclassified,0.00,unknown,undefined FUN_004723c0(void),false,,,,
0x00472400,133,0x00472484,FUN_00472400,,,unclassified,0.00,unknown,undefined FUN_00472400(void),false,,,,
0x00472490,111,0x004724FE,FUN_00472490,,,unclassified,0.00,unknown,undefined FUN_00472490(void),false,,,,
0x00472500,102,0x00472565,FUN_00472500,,,unclassified,0.00,unknown,undefined FUN_00472500(void),false,,,,
0x00472570,198,0x00472635,FUN_00472570,,,unclassified,0.00,unknown,undefined FUN_00472570(void),false,,,,
0x00472640,201,0x00472708,FUN_00472640,,,unclassified,0.00,unknown,undefined FUN_00472640(void),false,,,,
0x00472710,187,0x004727CA,FUN_00472710,,,unclassified,0.00,unknown,undefined FUN_00472710(void),false,,,,
0x004727D0,189,0x0047288C,FUN_004727d0,,,unclassified,0.00,unknown,undefined FUN_004727d0(void),false,,,,
0x00472890,270,0x0047299D,FUN_00472890,,,unclassified,0.00,unknown,undefined FUN_00472890(void),false,,,,
0x004729D0,231,0x00472AB6,FUN_004729d0,,,unclassified,0.00,unknown,undefined FUN_004729d0(void),false,,,,
0x00472AC0,115,0x00472B32,FUN_00472ac0,,,unclassified,0.00,unknown,undefined FUN_00472ac0(void),false,,,,
0x00472B40,469,0x00472D17,FUN_00472b40,,,unclassified,0.00,unknown,undefined FUN_00472b40(void),false,,,,
0x00472D20,825,0x00473069,FUN_00472d20,,,unclassified,0.00,unknown,undefined FUN_00472d20(void),false,,,,
0x00473070,6,0x00473075,FUN_00473070,,,unclassified,0.00,unknown,undefined FUN_00473070(void),false,,,,
0x00473080,220,0x0047315B,FUN_00473080,,,unclassified,0.00,unknown,undefined FUN_00473080(void),false,,,,
0x00473160,114,0x004731D1,FUN_00473160,,,unclassified,0.00,unknown,undefined FUN_00473160(void),false,,,,
0x004731E0,20,0x004731F3,FUN_004731e0,,,unclassified,0.00,unknown,undefined FUN_004731e0(void),false,,,,
0x00473200,67,0x00473242,FUN_00473200,,,unclassified,0.00,unknown,undefined FUN_00473200(void),false,,,,
0x00473250,35,0x00473272,FUN_00473250,,,unclassified,0.00,unknown,undefined FUN_00473250(void),false,,,,
0x00473280,143,0x0047330E,FUN_00473280,,,unclassified,0.00,unknown,undefined FUN_00473280(void),false,,,,
0x00473310,116,0x00473383,FUN_00473310,,,unclassified,0.00,unknown,undefined FUN_00473310(void),false,,,,
0x00473390,199,0x0047345C,FUN_00473390,,,unclassified,0.00,unknown,undefined FUN_00473390(void),false,,,,
0x00473460,156,0x004734FB,FUN_00473460,,,unclassified,0.00,unknown,undefined FUN_00473460(void),false,,,,
0x00473500,222,0x004735DD,FUN_00473500,,,unclassified,0.00,unknown,undefined FUN_00473500(void),false,,,,
0x004735E0,442,0x00473799,FUN_004735e0,,,unclassified,0.00,unknown,undefined FUN_004735e0(void),false,,,,
0x004737A0,244,0x00473893,FUN_004737a0,,,unclassified,0.00,unknown,undefined FUN_004737a0(void),false,,,,
0x004738D0,10219,0x004760BA,FUN_004738d0,,,unclassified,0.00,unknown,undefined FUN_004738d0(void),false,,,,
0x004762C0,26,0x004762D9,FUN_004762c0,,,unclassified,0.00,unknown,undefined FUN_004762c0(void),false,,,,
0x004762E0,26,0x004762F9,FUN_004762e0,,,unclassified,0.00,unknown,undefined FUN_004762e0(void),false,,,,
0x00476300,26,0x00476319,FUN_00476300,,,unclassified,0.00,unknown,undefined FUN_00476300(void),false,,,,
0x00476320,497,0x00476510,FUN_00476320,,,unclassified,0.00,unknown,undefined FUN_00476320(void),false,,,,
0x00476520,1608,0x00476B67,FUN_00476520,,,unclassified,0.00,unknown,undefined FUN_00476520(void),false,,,,
0x00476BB0,613,0x00476E14,FUN_00476bb0,,,unclassified,0.00,unknown,undefined FUN_00476bb0(void),false,,,,
0x00476ED0,15,0x00476EDE,FUN_00476ed0,,,unclassified,0.00,unknown,undefined FUN_00476ed0(void),false,,,,
0x00476EE0,346,0x00477039,FUN_00476ee0,,,unclassified,0.00,unknown,undefined FUN_00476ee0(void),false,,,,
0x00477040,4830,0x00478330,FUN_00477040,,,unclassified,0.00,unknown,undefined FUN_00477040(void),false,,,,
0x004785E0,18,0x004785F1,FUN_004785e0,,,unclassified,0.00,unknown,undefined FUN_004785e0(void),false,,,,
0x00478600,107,0x0047866A,FUN_00478600,,,unclassified,0.00,unknown,undefined FUN_00478600(void),false,,,,
0x00478670,116,0x004786E3,FUN_00478670,,,unclassified,0.00,unknown,undefined FUN_00478670(void),false,,,,
0x004786F0,184,0x004787A7,FUN_004786f0,,,unclassified,0.00,unknown,undefined FUN_004786f0(void),false,,,,
0x004787B0,81488,0x0048C63D,FUN_004787b0,,,unclassified,0.00,unknown,undefined FUN_004787b0(void),false,,,,
0x0048CBA0,15999,0x00490A1E,FUN_0048cba0,,,unclassified,0.00,unknown,undefined FUN_0048cba0(void),false,,,,
0x00490C60,1566,0x0049127D,FUN_00490c60,,,unclassified,0.00,unknown,undefined FUN_00490c60(void),false,,,,
0x004913A0,7,0x004913A6,FUN_004913a0,,,unclassified,0.00,unknown,undefined FUN_004913a0(void),false,,,,
0x004913B0,28,0x004913CE,FUN_004913b0,,,unclassified,0.00,unknown,undefined FUN_004913b0(void),false,,,,
0x004913D0,11,0x004913DA,FUN_004913d0,,,unclassified,0.00,unknown,undefined FUN_004913d0(void),false,,,,
0x004913E0,33,0x00491403,FUN_004913e0,,,unclassified,0.00,unknown,undefined FUN_004913e0(void),false,,,,
0x00491410,97,0x00491470,FUN_00491410,,,unclassified,0.00,unknown,undefined FUN_00491410(void),false,,,,
0x00491480,3767,0x00492348,FUN_00491480,,,unclassified,0.00,unknown,undefined FUN_00491480(void),false,,,,
0x00492710,119,0x004927A0,FUN_00492710,,,unclassified,0.00,unknown,undefined FUN_00492710(void),false,,,,
0x004927B0,27,0x004927CD,FUN_004927b0,,,unclassified,0.00,unknown,undefined FUN_004927b0(void),false,,,,
0x004927D0,78,0x0049281D,FUN_004927d0,,,unclassified,0.00,unknown,undefined FUN_004927d0(void),false,,,,
0x00492820,178,0x004928DB,FUN_00492820,,,unclassified,0.00,unknown,undefined FUN_00492820(void),false,,,,
0x00492930,27,0x0049294D,FUN_00492930,,,unclassified,0.00,unknown,undefined FUN_00492930(void),false,,,,
0x00492950,406,0x00492AE5,FUN_00492950,,,unclassified,0.00,unknown,undefined FUN_00492950(void),false,,,,
0x00492AF0,27,0x00492B0D,FUN_00492af0,,,unclassified,0.00,unknown,undefined FUN_00492af0(void),false,,,,
0x00492B10,130,0x00492B91,FUN_00492b10,,,unclassified,0.00,unknown,undefined FUN_00492b10(void),false,,,,
0x00492BA0,519,0x00492DA6,FUN_00492ba0,,,unclassified,0.00,unknown,undefined FUN_00492ba0(void),false,,,,
0x00492DB0,103,0x00492E16,FUN_00492db0,,,unclassified,0.00,unknown,undefined FUN_00492db0(void),false,,,,
0x00492E20,94,0x00492E7D,FUN_00492e20,,,unclassified,0.00,unknown,undefined FUN_00492e20(void),false,,,,
0x00492E80,100,0x00492EE3,FUN_00492e80,,,unclassified,0.00,unknown,undefined FUN_00492e80(void),false,,,,
0x00492EF0,27,0x00492F0D,FUN_00492ef0,,,unclassified,0.00,unknown,undefined FUN_00492ef0(void),false,,,,
0x00492F10,117,0x00492F84,FUN_00492f10,,,unclassified,0.00,unknown,undefined FUN_00492f10(void),false,,,,
0x00492F90,123,0x0049300A,FUN_00492f90,,,unclassified,0.00,unknown,undefined FUN_00492f90(void),false,,,,
0x00493010,76,0x0049305B,FUN_00493010,,,unclassified,0.00,unknown,undefined FUN_00493010(void),false,,,,
0x00493100,8,0x00493107,FUN_00493100,,,unclassified,0.00,unknown,undefined FUN_00493100(void),false,,,,
0x00493110,237,0x004931FC,FUN_00493110,,,unclassified,0.00,unknown,undefined FUN_00493110(void),false,,,,
0x00493200,81,0x00493250,FUN_00493200,,,unclassified,0.00,unknown,undefined FUN_00493200(void),false,,,,
0x00493260,27,0x0049327D,FUN_00493260,,,unclassified,0.00,unknown,undefined FUN_00493260(void),false,,,,
0x00493280,126,0x004932FD,FUN_00493280,,,unclassified,0.00,unknown,undefined FUN_00493280(void),false,,,,
0x00493300,117,0x00493374,FUN_00493300,,,unclassified,0.00,unknown,undefined FUN_00493300(void),false,,,,
0x00493380,258,0x00493481,FUN_00493380,,,unclassified,0.00,unknown,undefined FUN_00493380(void),false,,,,
0x00493490,164,0x00493533,FUN_00493490,,,unclassified,0.00,unknown,undefined FUN_00493490(void),false,,,,
0x00493540,50,0x00493571,FUN_00493540,,,unclassified,0.00,unknown,undefined FUN_00493540(void),false,,,,
0x00493580,78,0x004935CD,FUN_00493580,,,unclassified,0.00,unknown,undefined FUN_00493580(void),false,,,,
0x004935D0,504,0x004937C7,FUN_004935d0,,,unclassified,0.00,unknown,undefined FUN_004935d0(void),false,,,,
0x004937D0,333,0x0049391C,FUN_004937d0,,,unclassified,0.00,unknown,undefined FUN_004937d0(void),false,,,,
0x00493920,226,0x00493A01,FUN_00493920,,,unclassified,0.00,unknown,undefined FUN_00493920(void),false,,,,
0x00493A10,226,0x00493AF1,FUN_00493a10,,,unclassified,0.00,unknown,undefined FUN_00493a10(void),false,,,,
0x00493B00,393,0x00493C88,FUN_00493b00,,,unclassified,0.00,unknown,undefined FUN_00493b00(void),false,,,,
0x00493C90,950,0x00494045,FUN_00493c90,,,unclassified,0.00,unknown,undefined FUN_00493c90(void),false,,,,
0x00494050,6952,0x00495B77,FUN_00494050,,,unclassified,0.00,unknown,undefined FUN_00494050(void),false,,,,
0x00495BB0,35,0x00495BD2,FUN_00495bb0,,,unclassified,0.00,unknown,undefined FUN_00495bb0(void),false,,,,
0x00495BE0,64,0x00495C1F,FUN_00495be0,,,unclassified,0.00,unknown,undefined FUN_00495be0(void),false,,,,
0x00495C20,30,0x00495C4A,FUN_00495c20,,,unclassified,0.00,unknown,undefined FUN_00495c20(void),false,,,,
0x00495C50,271,0x00495D61,FUN_00495c50,,,unclassified,0.00,unknown,undefined FUN_00495c50(void),false,,,,
0x00495D70,46128,0x004A11A9,FUN_00495d70,,,unclassified,0.00,unknown,undefined FUN_00495d70(void),false,,,,
0x004A1510,4892,0x004A282B,FUN_004a1510,,,unclassified,0.00,unknown,undefined FUN_004a1510(void),false,,,,
0x004A2A50,1061,0x004A2E74,FUN_004a2a50,,,unclassified,0.00,unknown,undefined FUN_004a2a50(void),false,,,,
0x004A2F40,66695,0x004B33C6,FUN_004a2f40,,,unclassified,0.00,unknown,undefined FUN_004a2f40(void),false,,,,
0x004B38A0,16229,0x004B7804,FUN_004b38a0,,,unclassified,0.00,unknown,undefined FUN_004b38a0(void),false,,,,
0x004B7AB0,1771,0x004B819A,FUN_004b7ab0,,,unclassified,0.00,unknown,undefined FUN_004b7ab0(void),false,,,,
0x004B81B0,54,0x004B81E5,FUN_004b81b0,,,unclassified,0.00,unknown,undefined FUN_004b81b0(void),false,,,,
0x004B81F0,2446,0x004B8B7D,FUN_004b81f0,,,unclassified,0.00,unknown,undefined FUN_004b81f0(void),false,,,,
0x004B8DD0,47,0x004B8DFE,FUN_004b8dd0,,,unclassified,0.00,unknown,undefined FUN_004b8dd0(void),false,,,,
0x004B8E00,178,0x004B8EBB,FUN_004b8e00,,,unclassified,0.00,unknown,undefined FUN_004b8e00(void),false,,,,
0x004B8F10,27,0x004B8F2D,FUN_004b8f10,,,unclassified,0.00,unknown,undefined FUN_004b8f10(void),false,,,,
0x004B8F30,117,0x004B8FA4,FUN_004b8f30,,,unclassified,0.00,unknown,undefined FUN_004b8f30(void),false,,,,
0x004B8FB0,90,0x004B9009,FUN_004b8fb0,,,unclassified,0.00,unknown,undefined FUN_004b8fb0(void),false,,,,
0x004B9010,406,0x004B91A5,FUN_004b9010,,,unclassified,0.00,unknown,undefined FUN_004b9010(void),false,,,,
0x004B91B0,130,0x004B9231,FUN_004b91b0,,,unclassified,0.00,unknown,undefined FUN_004b91b0(void),false,,,,
0x004B9240,519,0x004B9446,FUN_004b9240,,,unclassified,0.00,unknown,undefined FUN_004b9240(void),false,,,,
0x004B9450,27,0x004B946D,FUN_004b9450,,,unclassified,0.00,unknown,undefined FUN_004b9450(void),false,,,,
0x004B9470,103,0x004B94D6,FUN_004b9470,,,unclassified,0.00,unknown,undefined FUN_004b9470(void),false,,,,
0x004B94E0,94,0x004B953D,FUN_004b94e0,,,unclassified,0.00,unknown,undefined FUN_004b94e0(void),false,,,,
0x004B9540,112,0x004B95B9,FUN_004b9540,,,unclassified,0.00,unknown,undefined FUN_004b9540(void),false,,,,
0x004B95C0,100,0x004B9623,FUN_004b95c0,,,unclassified,0.00,unknown,undefined FUN_004b95c0(void),false,,,,
0x004B9630,27,0x004B964D,FUN_004b9630,,,unclassified,0.00,unknown,undefined FUN_004b9630(void),false,,,,
0x004B9650,117,0x004B96C4,FUN_004b9650,,,unclassified,0.00,unknown,undefined FUN_004b9650(void),false,,,,
0x004B96D0,123,0x004B974A,FUN_004b96d0,,,unclassified,0.00,unknown,undefined FUN_004b96d0(void),false,,,,
0x004B9750,8,0x004B9757,FUN_004b9750,,,unclassified,0.00,unknown,undefined FUN_004b9750(void),false,,,,
0x004B9760,200,0x004B982E,FUN_004b9760,,,unclassified,0.00,unknown,undefined FUN_004b9760(void),false,,,,
0x004B9830,37,0x004B9854,FUN_004b9830,,,unclassified,0.00,unknown,undefined FUN_004b9830(void),false,,,,
0x004B9860,237,0x004B994C,FUN_004b9860,,,unclassified,0.00,unknown,undefined FUN_004b9860(void),false,,,,
0x004B9950,8,0x004B9957,FUN_004b9950,,,unclassified,0.00,unknown,undefined FUN_004b9950(void),false,,,,
0x004B9960,81,0x004B99B0,FUN_004b9960,,,unclassified,0.00,unknown,undefined FUN_004b9960(void),false,,,,
0x004B99C0,27,0x004B99DD,FUN_004b99c0,,,unclassified,0.00,unknown,undefined FUN_004b99c0(void),false,,,,
0x004B99E0,126,0x004B9A5D,FUN_004b99e0,,,unclassified,0.00,unknown,undefined FUN_004b99e0(void),false,,,,
0x004B9A60,7664,0x004BB84F,FUN_004b9a60,,,unclassified,0.00,unknown,undefined FUN_004b9a60(void),false,,,,
0x004BB8C0,48722,0x004C7742,FUN_004bb8c0,,,unclassified,0.00,unknown,undefined FUN_004bb8c0(void),false,,,,
0x004C7B10,10119,0x004CA29D,FUN_004c7b10,,,unclassified,0.00,unknown,undefined FUN_004c7b10(void),false,,,,
0x004CA440,865,0x004CA7A0,FUN_004ca440,,,unclassified,0.00,unknown,undefined FUN_004ca440(void),false,,,,
0x004CA870,74937,0x004DCD91,FUN_004ca870,,,unclassified,0.00,unknown,undefined FUN_004ca870(void),false,,,,
0x004DD2A0,1796,0x004DD9A3,FUN_004dd2a0,,,unclassified,0.00,unknown,undefined FUN_004dd2a0(void),false,,,,
0x004DDAF0,38,0x004DDB15,FUN_004ddaf0,,,unclassified,0.00,unknown,undefined FUN_004ddaf0(void),false,,,,
0x004DDB20,2106,0x004DE359,FUN_004ddb20,Sakuya_on_action_changed,characters,identified,0.00,unknown,undefined FUN_004ddb20(void),false,,docs/EVIDENCE.md Sakuya action traces,,
0x004DE580,178,0x004DE63B,FUN_004de580,,,unclassified,0.00,unknown,undefined FUN_004de580(void),false,,,,
0x004DE690,27,0x004DE6AD,FUN_004de690,,,unclassified,0.00,unknown,undefined FUN_004de690(void),false,,,,
0x004DE6B0,406,0x004DE845,FUN_004de6b0,,,unclassified,0.00,unknown,undefined FUN_004de6b0(void),false,,,,
0x004DE850,130,0x004DE8D1,FUN_004de850,,,unclassified,0.00,unknown,undefined FUN_004de850(void),false,,,,
0x004DE8E0,519,0x004DEAE6,FUN_004de8e0,,,unclassified,0.00,unknown,undefined FUN_004de8e0(void),false,,,,
0x004DEAF0,27,0x004DEB0D,FUN_004deaf0,,,unclassified,0.00,unknown,undefined FUN_004deaf0(void),false,,,,
0x004DEB10,103,0x004DEB76,FUN_004deb10,,,unclassified,0.00,unknown,undefined FUN_004deb10(void),false,,,,
0x004DEB80,94,0x004DEBDD,FUN_004deb80,,,unclassified,0.00,unknown,undefined FUN_004deb80(void),false,,,,
0x004DEBE0,100,0x004DEC43,FUN_004debe0,,,unclassified,0.00,unknown,undefined FUN_004debe0(void),false,,,,
0x004DEC50,27,0x004DEC6D,FUN_004dec50,,,unclassified,0.00,unknown,undefined FUN_004dec50(void),false,,,,
0x004DEC70,117,0x004DECE4,FUN_004dec70,,,unclassified,0.00,unknown,undefined FUN_004dec70(void),false,,,,
0x004DECF0,123,0x004DED6A,FUN_004decf0,,,unclassified,0.00,unknown,undefined FUN_004decf0(void),false,,,,
0x004DED70,8,0x004DED77,FUN_004ded70,,,unclassified,0.00,unknown,undefined FUN_004ded70(void),false,,,,
0x004DED80,237,0x004DEE6C,FUN_004ded80,,,unclassified,0.00,unknown,undefined FUN_004ded80(void),false,,,,
0x004DEE70,81,0x004DEEC0,FUN_004dee70,,,unclassified,0.00,unknown,undefined FUN_004dee70(void),false,,,,
0x004DEED0,27,0x004DEEED,FUN_004deed0,,,unclassified,0.00,unknown,undefined FUN_004deed0(void),false,,,,
0x004DEEF0,126,0x004DEF6D,FUN_004deef0,,,unclassified,0.00,unknown,undefined FUN_004deef0(void),false,,,,
0x004DEF70,5897,0x004E0678,FUN_004def70,Sakuya_handle_input_and_select_action,characters,identified,0.00,unknown,undefined FUN_004def70(void),false,,docs/EVIDENCE.md Sakuya dispatcher data flow and runtime actions,,
0x004E06B0,28985,0x004E77E8,FUN_004e06b0,,,unclassified,0.00,unknown,undefined FUN_004e06b0(void),false,,,,
0x004E79E0,323,0x004E7B22,FUN_004e79e0,,,unclassified,0.00,unknown,undefined FUN_004e79e0(void),false,,,,
0x004E7B30,6538,0x004E94B9,FUN_004e7b30,,,unclassified,0.00,unknown,undefined FUN_004e7b30(void),false,,,,
0x004E9610,843,0x004E995A,FUN_004e9610,,,unclassified,0.00,unknown,undefined FUN_004e9610(void),false,,,,
0x004E9A20,42718,0x004F4100,FUN_004e9a20,,,unclassified,0.00,unknown,undefined FUN_004e9a20(void),false,,,,
0x004F4650,16354,0x004F8631,FUN_004f4650,,,unclassified,0.00,unknown,undefined FUN_004f4650(void),false,,,,
0x004F88D0,2284,0x004F91BB,FUN_004f88d0,,,unclassified,0.00,unknown,undefined FUN_004f88d0(void),false,,,,
0x004F92D0,71,0x004F9316,FUN_004f92d0,,,unclassified,0.00,unknown,undefined FUN_004f92d0(void),false,,,,
0x004F9320,1551,0x004F992E,FUN_004f9320,,,unclassified,0.00,unknown,undefined FUN_004f9320(void),false,,,,
0x004F9B90,48,0x004F9BBF,FUN_004f9b90,,,unclassified,0.00,unknown,undefined FUN_004f9b90(void),false,,,,
0x004F9BC0,178,0x004F9C7B,FUN_004f9bc0,,,unclassified,0.00,unknown,undefined FUN_004f9bc0(void),false,,,,
0x004F9CD0,27,0x004F9CED,FUN_004f9cd0,,,unclassified,0.00,unknown,undefined FUN_004f9cd0(void),false,,,,
0x004F9CF0,406,0x004F9E85,FUN_004f9cf0,,,unclassified,0.00,unknown,undefined FUN_004f9cf0(void),false,,,,
0x004F9E90,27,0x004F9EAD,FUN_004f9e90,,,unclassified,0.00,unknown,undefined FUN_004f9e90(void),false,,,,
0x004F9EB0,130,0x004F9F31,FUN_004f9eb0,,,unclassified,0.00,unknown,undefined FUN_004f9eb0(void),false,,,,
0x004F9F40,519,0x004FA146,FUN_004f9f40,,,unclassified,0.00,unknown,undefined FUN_004f9f40(void),false,,,,
0x004FA150,103,0x004FA1B6,FUN_004fa150,,,unclassified,0.00,unknown,undefined FUN_004fa150(void),false,,,,
0x004FA1C0,94,0x004FA21D,FUN_004fa1c0,,,unclassified,0.00,unknown,undefined FUN_004fa1c0(void),false,,,,
0x004FA220,100,0x004FA283,FUN_004fa220,,,unclassified,0.00,unknown,undefined FUN_004fa220(void),false,,,,
0x004FA290,27,0x004FA2AD,FUN_004fa290,,,unclassified,0.00,unknown,undefined FUN_004fa290(void),false,,,,
0x004FA2B0,117,0x004FA324,FUN_004fa2b0,,,unclassified,0.00,unknown,undefined FUN_004fa2b0(void),false,,,,
0x004FA330,123,0x004FA3AA,FUN_004fa330,,,unclassified,0.00,unknown,undefined FUN_004fa330(void),false,,,,
0x004FA3B0,8,0x004FA3B7,FUN_004fa3b0,,,unclassified,0.00,unknown,undefined FUN_004fa3b0(void),false,,,,
0x004FA3C0,237,0x004FA4AC,FUN_004fa3c0,,,unclassified,0.00,unknown,undefined FUN_004fa3c0(void),false,,,,
0x004FA4B0,81,0x004FA500,FUN_004fa4b0,,,unclassified,0.00,unknown,undefined FUN_004fa4b0(void),false,,,,
0x004FA510,27,0x004FA52D,FUN_004fa510,,,unclassified,0.00,unknown,undefined FUN_004fa510(void),false,,,,
0x004FA530,138,0x004FA5B9,FUN_004fa530,,,unclassified,0.00,unknown,undefined FUN_004fa530(void),false,,,,
0x004FA5C0,6677,0x004FBFD4,FUN_004fa5c0,,,unclassified,0.00,unknown,undefined FUN_004fa5c0(void),false,,,,
0x004FC000,163,0x004FC0A2,FUN_004fc000,,,unclassified,0.00,unknown,undefined FUN_004fc000(void),false,,,,
0x004FC0B0,319,0x004FC1EE,FUN_004fc0b0,,,unclassified,0.00,unknown,undefined FUN_004fc0b0(void),false,,,,
0x004FC1F0,343,0x004FC346,FUN_004fc1f0,,,unclassified,0.00,unknown,undefined FUN_004fc1f0(void),false,,,,
0x004FC350,78,0x004FC39D,FUN_004fc350,,,unclassified,0.00,unknown,undefined FUN_004fc350(void),false,,,,
0x004FC3A0,314,0x004FC4D9,FUN_004fc3a0,,,unclassified,0.00,unknown,undefined FUN_004fc3a0(void),false,,,,
0x004FC4E0,66,0x004FC521,FUN_004fc4e0,,,unclassified,0.00,unknown,undefined FUN_004fc4e0(void),false,,,,
0x004FC530,62271,0x0050B875,FUN_004fc530,,,unclassified,0.00,unknown,undefined FUN_004fc530(void),false,,,,
0x0050BC40,10696,0x0050E61A,FUN_0050bc40,,,unclassified,0.00,unknown,undefined FUN_0050bc40(void),false,,,,
0x0050E780,1075,0x0050EBB2,FUN_0050e780,,,unclassified,0.00,unknown,undefined FUN_0050e780(void),false,,,,
0x0050EC80,54445,0x0051C133,FUN_0050ec80,,,unclassified,0.00,unknown,undefined FUN_0050ec80(void),false,,,,
0x0051C5C0,2686,0x0051D03D,FUN_0051c5c0,,,unclassified,0.00,unknown,undefined FUN_0051c5c0(void),false,,,,
0x0051D070,89,0x0051D0C8,FUN_0051d070,,,unclassified,0.00,unknown,undefined FUN_0051d070(void),false,,,,
0x0051D0D0,95,0x0051D137,FUN_0051d0d0,,,unclassified,0.00,unknown,undefined FUN_0051d0d0(void),false,,,,
0x0051D140,3132,0x0051DD7B,FUN_0051d140,,,unclassified,0.00,unknown,undefined FUN_0051d140(void),false,,,,
0x0051E060,178,0x0051E11B,FUN_0051e060,,,unclassified,0.00,unknown,undefined FUN_0051e060(void),false,,,,
0x0051E170,27,0x0051E18D,FUN_0051e170,,,unclassified,0.00,unknown,undefined FUN_0051e170(void),false,,,,
0x0051E190,406,0x0051E325,FUN_0051e190,,,unclassified,0.00,unknown,undefined FUN_0051e190(void),false,,,,
0x0051E330,130,0x0051E3B1,FUN_0051e330,,,unclassified,0.00,unknown,undefined FUN_0051e330(void),false,,,,
0x0051E3C0,519,0x0051E5C6,FUN_0051e3c0,,,unclassified,0.00,unknown,undefined FUN_0051e3c0(void),false,,,,
0x0051E5D0,27,0x0051E5ED,FUN_0051e5d0,,,unclassified,0.00,unknown,undefined FUN_0051e5d0(void),false,,,,
0x0051E5F0,103,0x0051E656,FUN_0051e5f0,,,unclassified,0.00,unknown,undefined FUN_0051e5f0(void),false,,,,
0x0051E660,94,0x0051E6BD,FUN_0051e660,,,unclassified,0.00,unknown,undefined FUN_0051e660(void),false,,,,
0x0051E6C0,100,0x0051E723,FUN_0051e6c0,,,unclassified,0.00,unknown,undefined FUN_0051e6c0(void),false,,,,
0x0051E730,27,0x0051E74D,FUN_0051e730,,,unclassified,0.00,unknown,undefined FUN_0051e730(void),false,,,,
0x0051E750,117,0x0051E7C4,FUN_0051e750,,,unclassified,0.00,unknown,undefined FUN_0051e750(void),false,,,,
0x0051E7D0,123,0x0051E84A,FUN_0051e7d0,,,unclassified,0.00,unknown,undefined FUN_0051e7d0(void),false,,,,
0x0051E850,8,0x0051E857,FUN_0051e850,,,unclassified,0.00,unknown,undefined FUN_0051e850(void),false,,,,
0x0051E860,4,0x0051E863,FUN_0051e860,,,unclassified,0.00,unknown,undefined FUN_0051e860(void),false,,,,
0x0051E870,237,0x0051E95C,FUN_0051e870,,,unclassified,0.00,unknown,undefined FUN_0051e870(void),false,,,,
0x0051E960,81,0x0051E9B0,FUN_0051e960,,,unclassified,0.00,unknown,undefined FUN_0051e960(void),false,,,,
0x0051E9C0,27,0x0051E9DD,FUN_0051e9c0,,,unclassified,0.00,unknown,undefined FUN_0051e9c0(void),false,,,,
0x0051E9E0,126,0x0051EA5D,FUN_0051e9e0,,,unclassified,0.00,unknown,undefined FUN_0051e9e0(void),false,,,,
0x0051EA60,6351,0x0052032E,FUN_0051ea60,,,unclassified,0.00,unknown,undefined FUN_0051ea60(void),false,,,,
0x00520360,77,0x005203AC,FUN_00520360,,,unclassified,0.00,unknown,undefined FUN_00520360(void),false,,,,
0x005203B0,73,0x005203F8,FUN_005203b0,,,unclassified,0.00,unknown,undefined FUN_005203b0(void),false,,,,
0x00520400,27,0x00520427,FUN_00520400,,,unclassified,0.00,unknown,undefined FUN_00520400(void),false,,,,
0x00520430,50606,0x0052CA08,FUN_00520430,,,unclassified,0.00,unknown,undefined FUN_00520430(void),false,,,,
0x0052CDA0,10831,0x0052F7EE,FUN_0052cda0,,,unclassified,0.00,unknown,undefined FUN_0052cda0(void),false,,,,
0x0052F950,904,0x0052FCD7,FUN_0052f950,,,unclassified,0.00,unknown,undefined FUN_0052f950(void),false,,,,
0x0052FDA0,37692,0x005390DB,FUN_0052fda0,,,unclassified,0.00,unknown,undefined FUN_0052fda0(void),false,,,,
0x00539540,338,0x00539694,FUN_00539540,,,unclassified,0.00,unknown,undefined FUN_00539540(void),false,,,,
0x005396A0,97,0x00539700,FUN_005396a0,,,unclassified,0.00,unknown,undefined FUN_005396a0(void),false,,,,
0x00539710,198,0x005397D5,FUN_00539710,,,unclassified,0.00,unknown,undefined FUN_00539710(void),false,,,,
0x005397E0,1027,0x00539BE2,FUN_005397e0,,,unclassified,0.00,unknown,undefined FUN_005397e0(void),false,,,,
0x00539D00,97,0x00539D60,FUN_00539d00,,,unclassified,0.00,unknown,undefined FUN_00539d00(void),false,,,,
0x00539D70,1424,0x0053A2FF,FUN_00539d70,,,unclassified,0.00,unknown,undefined FUN_00539d70(void),false,,,,
0x0053A4D0,30,0x0053A4ED,FUN_0053a4d0,,,unclassified,0.00,unknown,undefined FUN_0053a4d0(void),false,,,,
0x0053A4F0,178,0x0053A5AB,FUN_0053a4f0,,,unclassified,0.00,unknown,undefined FUN_0053a4f0(void),false,,,,
0x0053A600,27,0x0053A61D,FUN_0053a600,,,unclassified,0.00,unknown,undefined FUN_0053a600(void),false,,,,
0x0053A620,108,0x0053A68B,FUN_0053a620,,,unclassified,0.00,unknown,undefined FUN_0053a620(void),false,,,,
0x0053A690,406,0x0053A825,FUN_0053a690,,,unclassified,0.00,unknown,undefined FUN_0053a690(void),false,,,,
0x0053A830,130,0x0053A8B1,FUN_0053a830,,,unclassified,0.00,unknown,undefined FUN_0053a830(void),false,,,,
0x0053A8C0,519,0x0053AAC6,FUN_0053a8c0,,,unclassified,0.00,unknown,undefined FUN_0053a8c0(void),false,,,,
0x0053AAD0,27,0x0053AAED,FUN_0053aad0,,,unclassified,0.00,unknown,undefined FUN_0053aad0(void),false,,,,
0x0053AAF0,103,0x0053AB56,FUN_0053aaf0,,,unclassified,0.00,unknown,undefined FUN_0053aaf0(void),false,,,,
0x0053AB60,94,0x0053ABBD,FUN_0053ab60,,,unclassified,0.00,unknown,undefined FUN_0053ab60(void),false,,,,
0x0053ABC0,100,0x0053AC23,FUN_0053abc0,,,unclassified,0.00,unknown,undefined FUN_0053abc0(void),false,,,,
0x0053AC30,27,0x0053AC4D,FUN_0053ac30,,,unclassified,0.00,unknown,undefined FUN_0053ac30(void),false,,,,
0x0053AC50,117,0x0053ACC4,FUN_0053ac50,,,unclassified,0.00,unknown,undefined FUN_0053ac50(void),false,,,,
0x0053ACD0,123,0x0053AD4A,FUN_0053acd0,,,unclassified,0.00,unknown,undefined FUN_0053acd0(void),false,,,,
0x0053AD50,8,0x0053AD57,FUN_0053ad50,,,unclassified,0.00,unknown,undefined FUN_0053ad50(void),false,,,,
0x0053AD60,77,0x0053ADAC,FUN_0053ad60,,,unclassified,0.00,unknown,undefined FUN_0053ad60(void),false,,,,
0x0053ADB0,27,0x0053ADCA,FUN_0053adb0,,,unclassified,0.00,unknown,undefined FUN_0053adb0(void),false,,,,
0x0053ADD0,18,0x0053ADE1,FUN_0053add0,,,unclassified,0.00,unknown,undefined FUN_0053add0(void),false,,,,
0x0053ADF0,237,0x0053AEDC,FUN_0053adf0,,,unclassified,0.00,unknown,undefined FUN_0053adf0(void),false,,,,
0x0053AEE0,81,0x0053AF30,FUN_0053aee0,,,unclassified,0.00,unknown,undefined FUN_0053aee0(void),false,,,,
0x0053AF40,27,0x0053AF5D,FUN_0053af40,,,unclassified,0.00,unknown,undefined FUN_0053af40(void),false,,,,
0x0053AF60,159,0x0053AFFE,FUN_0053af60,,,unclassified,0.00,unknown,undefined FUN_0053af60(void),false,,,,
0x0053B000,46,0x0053B030,FUN_0053b000,,,unclassified,0.00,unknown,undefined FUN_0053b000(void),false,,,,
0x0053B040,6017,0x0053C7C0,FUN_0053b040,,,unclassified,0.00,unknown,undefined FUN_0053b040(void),false,,,,
0x0053C7F0,450,0x0053C9B1,FUN_0053c7f0,,,unclassified,0.00,unknown,undefined FUN_0053c7f0(void),false,,,,
0x0053C9C0,117,0x0053CA34,FUN_0053c9c0,,,unclassified,0.00,unknown,undefined FUN_0053c9c0(void),false,,,,
0x0053CA40,94,0x0053CA9D,FUN_0053ca40,,,unclassified,0.00,unknown,undefined FUN_0053ca40(void),false,,,,
0x0053CAA0,175,0x0053CB4E,FUN_0053caa0,,,unclassified,0.00,unknown,undefined FUN_0053caa0(void),false,,,,
0x0053CB50,25925,0x005430A7,FUN_0053cb50,,,unclassified,0.00,unknown,undefined FUN_0053cb50(void),false,,,,
0x00543320,5159,0x00544746,FUN_00543320,,,unclassified,0.00,unknown,undefined FUN_00543320(void),false,,,,
0x005448A0,969,0x00544C68,FUN_005448a0,,,unclassified,0.00,unknown,undefined FUN_005448a0(void),false,,,,
0x00544D40,61959,0x00553F49,FUN_00544d40,,,unclassified,0.00,unknown,undefined FUN_00544d40(void),false,,,,
0x005544A0,1093,0x005548E4,FUN_005544a0,,,unclassified,0.00,unknown,undefined FUN_005544a0(void),false,,,,
0x00554A00,1802,0x00555109,FUN_00554a00,,,unclassified,0.00,unknown,undefined FUN_00554a00(void),false,,,,
0x00555330,178,0x005553EB,FUN_00555330,,,unclassified,0.00,unknown,undefined FUN_00555330(void),false,,,,
0x00555440,27,0x0055545D,FUN_00555440,,,unclassified,0.00,unknown,undefined FUN_00555440(void),false,,,,
0x00555460,406,0x005555F5,FUN_00555460,,,unclassified,0.00,unknown,undefined FUN_00555460(void),false,,,,
0x00555600,130,0x00555681,FUN_00555600,,,unclassified,0.00,unknown,undefined FUN_00555600(void),false,,,,
0x00555690,519,0x00555896,FUN_00555690,,,unclassified,0.00,unknown,undefined FUN_00555690(void),false,,,,
0x005558A0,27,0x005558BD,FUN_005558a0,,,unclassified,0.00,unknown,undefined FUN_005558a0(void),false,,,,
0x005558C0,103,0x00555926,FUN_005558c0,,,unclassified,0.00,unknown,undefined FUN_005558c0(void),false,,,,
0x00555930,94,0x0055598D,FUN_00555930,,,unclassified,0.00,unknown,undefined FUN_00555930(void),false,,,,
0x00555990,100,0x005559F3,FUN_00555990,,,unclassified,0.00,unknown,undefined FUN_00555990(void),false,,,,
0x00555A00,27,0x00555A1D,FUN_00555a00,,,unclassified,0.00,unknown,undefined FUN_00555a00(void),false,,,,
0x00555A20,117,0x00555A94,FUN_00555a20,,,unclassified,0.00,unknown,undefined FUN_00555a20(void),false,,,,
0x00555AA0,123,0x00555B1A,FUN_00555aa0,,,unclassified,0.00,unknown,undefined FUN_00555aa0(void),false,,,,
0x00555B20,8,0x00555B27,FUN_00555b20,,,unclassified,0.00,unknown,undefined FUN_00555b20(void),false,,,,
0x00555B30,72,0x00555B77,FUN_00555b30,,,unclassified,0.00,unknown,undefined FUN_00555b30(void),false,,,,
0x00555B80,18,0x00555B91,FUN_00555b80,,,unclassified,0.00,unknown,undefined FUN_00555b80(void),false,,,,
0x00555BA0,237,0x00555C8C,FUN_00555ba0,,,unclassified,0.00,unknown,undefined FUN_00555ba0(void),false,,,,
0x00555C90,81,0x00555CE0,FUN_00555c90,,,unclassified,0.00,unknown,undefined FUN_00555c90(void),false,,,,
0x00555CF0,27,0x00555D0D,FUN_00555cf0,,,unclassified,0.00,unknown,undefined FUN_00555cf0(void),false,,,,
0x00555D10,126,0x00555D8D,FUN_00555d10,,,unclassified,0.00,unknown,undefined FUN_00555d10(void),false,,,,
0x00555D90,5415,0x005572B6,FUN_00555d90,,,unclassified,0.00,unknown,undefined FUN_00555d90(void),false,,,,
0x005572E0,17790,0x0055B860,FUN_005572e0,,,unclassified,0.00,unknown,undefined FUN_005572e0(void),false,,,,
0x0055BAC0,4997,0x0055CE44,FUN_0055bac0,,,unclassified,0.00,unknown,undefined FUN_0055bac0(void),false,,,,
0x0055CFD0,1043,0x0055D3E2,FUN_0055cfd0,,,unclassified,0.00,unknown,undefined FUN_0055cfd0(void),false,,,,
0x0055D4A0,58619,0x0056B99A,FUN_0055d4a0,,,unclassified,0.00,unknown,undefined FUN_0055d4a0(void),false,,,,
0x0056BDC0,1653,0x0056C434,FUN_0056bdc0,,,unclassified,0.00,unknown,undefined FUN_0056bdc0(void),false,,,,
0x0056C460,43,0x0056C48A,FUN_0056c460,,,unclassified,0.00,unknown,undefined FUN_0056c460(void),false,,,,
0x0056C490,2083,0x0056CCB2,FUN_0056c490,,,unclassified,0.00,unknown,undefined FUN_0056c490(void),false,,,,
0x0056CEF0,178,0x0056CFAB,FUN_0056cef0,,,unclassified,0.00,unknown,undefined FUN_0056cef0(void),false,,,,
0x0056D000,27,0x0056D01D,FUN_0056d000,,,unclassified,0.00,unknown,undefined FUN_0056d000(void),false,,,,
0x0056D020,406,0x0056D1B5,FUN_0056d020,,,unclassified,0.00,unknown,undefined FUN_0056d020(void),false,,,,
0x0056D1C0,130,0x0056D241,FUN_0056d1c0,,,unclassified,0.00,unknown,undefined FUN_0056d1c0(void),false,,,,
0x0056D250,519,0x0056D456,FUN_0056d250,,,unclassified,0.00,unknown,undefined FUN_0056d250(void),false,,,,
0x0056D460,27,0x0056D47D,FUN_0056d460,,,unclassified,0.00,unknown,undefined FUN_0056d460(void),false,,,,
0x0056D480,103,0x0056D4E6,FUN_0056d480,,,unclassified,0.00,unknown,undefined FUN_0056d480(void),false,,,,
0x0056D4F0,94,0x0056D54D,FUN_0056d4f0,,,unclassified,0.00,unknown,undefined FUN_0056d4f0(void),false,,,,
0x0056D550,100,0x0056D5B3,FUN_0056d550,,,unclassified,0.00,unknown,undefined FUN_0056d550(void),false,,,,
0x0056D5C0,27,0x0056D5DD,FUN_0056d5c0,,,unclassified,0.00,unknown,undefined FUN_0056d5c0(void),false,,,,
0x0056D5E0,117,0x0056D654,FUN_0056d5e0,,,unclassified,0.00,unknown,undefined FUN_0056d5e0(void),false,,,,
0x0056D660,123,0x0056D6DA,FUN_0056d660,,,unclassified,0.00,unknown,undefined FUN_0056d660(void),false,,,,
0x0056D6E0,8,0x0056D6E7,FUN_0056d6e0,,,unclassified,0.00,unknown,undefined FUN_0056d6e0(void),false,,,,
0x0056D6F0,237,0x0056D7DC,FUN_0056d6f0,,,unclassified,0.00,unknown,undefined FUN_0056d6f0(void),false,,,,
0x0056D7E0,81,0x0056D830,FUN_0056d7e0,,,unclassified,0.00,unknown,undefined FUN_0056d7e0(void),false,,,,
0x0056D840,27,0x0056D85D,FUN_0056d840,,,unclassified,0.00,unknown,undefined FUN_0056d840(void),false,,,,
0x0056D860,126,0x0056D8DD,FUN_0056d860,,,unclassified,0.00,unknown,undefined FUN_0056d860(void),false,,,,
0x0056D8E0,6180,0x0056F103,FUN_0056d8e0,,,unclassified,0.00,unknown,undefined FUN_0056d8e0(void),false,,,,
0x0056F130,34210,0x00577715,FUN_0056f130,,,unclassified,0.00,unknown,undefined FUN_0056f130(void),false,,,,
0x00577A30,10828,0x0057A47B,FUN_00577a30,,,unclassified,0.00,unknown,undefined FUN_00577a30(void),false,,,,
0x0057A5C0,986,0x0057A999,FUN_0057a5c0,,,unclassified,0.00,unknown,undefined FUN_0057a5c0(void),false,,,,
0x0057AA60,57042,0x00588931,FUN_0057aa60,,,unclassified,0.00,unknown,undefined FUN_0057aa60(void),false,,,,
0x00588DF0,3934,0x00589D4D,FUN_00588df0,,,unclassified,0.00,unknown,undefined FUN_00588df0(void),false,,,,
0x00589EA0,125,0x00589F1C,FUN_00589ea0,,,unclassified,0.00,unknown,undefined FUN_00589ea0(void),false,,,,
0x00589F20,3441,0x0058AC9E,FUN_00589f20,,,unclassified,0.00,unknown,undefined FUN_00589f20(void),false,,,,
0x0058B040,178,0x0058B0FB,FUN_0058b040,,,unclassified,0.00,unknown,undefined FUN_0058b040(void),false,,,,
0x0058B150,27,0x0058B16D,FUN_0058b150,,,unclassified,0.00,unknown,undefined FUN_0058b150(void),false,,,,
0x0058B170,406,0x0058B305,FUN_0058b170,,,unclassified,0.00,unknown,undefined FUN_0058b170(void),false,,,,
0x0058B310,130,0x0058B391,FUN_0058b310,,,unclassified,0.00,unknown,undefined FUN_0058b310(void),false,,,,
0x0058B3A0,519,0x0058B5A6,FUN_0058b3a0,,,unclassified,0.00,unknown,undefined FUN_0058b3a0(void),false,,,,
0x0058B5B0,27,0x0058B5CD,FUN_0058b5b0,,,unclassified,0.00,unknown,undefined FUN_0058b5b0(void),false,,,,
0x0058B5D0,103,0x0058B636,FUN_0058b5d0,,,unclassified,0.00,unknown,undefined FUN_0058b5d0(void),false,,,,
0x0058B640,94,0x0058B69D,FUN_0058b640,,,unclassified,0.00,unknown,undefined FUN_0058b640(void),false,,,,
0x0058B6A0,100,0x0058B703,FUN_0058b6a0,,,unclassified,0.00,unknown,undefined FUN_0058b6a0(void),false,,,,
0x0058B710,27,0x0058B72D,FUN_0058b710,,,unclassified,0.00,unknown,undefined FUN_0058b710(void),false,,,,
0x0058B730,117,0x0058B7A4,FUN_0058b730,,,unclassified,0.00,unknown,undefined FUN_0058b730(void),false,,,,
0x0058B7B0,123,0x0058B82A,FUN_0058b7b0,,,unclassified,0.00,unknown,undefined FUN_0058b7b0(void),false,,,,
0x0058B830,8,0x0058B837,FUN_0058b830,,,unclassified,0.00,unknown,undefined FUN_0058b830(void),false,,,,
0x0058B840,237,0x0058B92C,FUN_0058b840,,,unclassified,0.00,unknown,undefined FUN_0058b840(void),false,,,,
0x0058B930,81,0x0058B980,FUN_0058b930,,,unclassified,0.00,unknown,undefined FUN_0058b930(void),false,,,,
0x0058B990,27,0x0058B9AD,FUN_0058b990,,,unclassified,0.00,unknown,undefined FUN_0058b990(void),false,,,,
0x0058B9B0,126,0x0058BA2D,FUN_0058b9b0,,,unclassified,0.00,unknown,undefined FUN_0058b9b0(void),false,,,,
0x0058BA30,367,0x0058BB9E,FUN_0058ba30,,,unclassified,0.00,unknown,undefined FUN_0058ba30(void),false,,,,
0x0058BBA0,6233,0x0058D3F8,FUN_0058bba0,,,unclassified,0.00,unknown,undefined FUN_0058bba0(void),false,,,,
0x0058D440,33972,0x005958F3,FUN_0058d440,,,unclassified,0.00,unknown,undefined FUN_0058d440(void),false,,,,
0x00595C30,7588,0x005979D3,FUN_00595c30,,,unclassified,0.00,unknown,undefined FUN_00595c30(void),false,,,,
0x00597B20,1247,0x00597FFE,FUN_00597b20,,,unclassified,0.00,unknown,undefined FUN_00597b20(void),false,,,,
0x00598100,79426,0x005AB74A,FUN_00598100,,,unclassified,0.00,unknown,undefined FUN_00598100(void),false,,,,
0x005ABDF0,3292,0x005ACACB,FUN_005abdf0,,,unclassified,0.00,unknown,undefined FUN_005abdf0(void),false,,,,
0x005ACBE0,38,0x005ACC05,FUN_005acbe0,,,unclassified,0.00,unknown,undefined FUN_005acbe0(void),false,,,,
0x005ACC10,2577,0x005AD620,FUN_005acc10,,,unclassified,0.00,unknown,undefined FUN_005acc10(void),false,,,,
0x005AD880,190,0x005AD93D,FUN_005ad880,,,unclassified,0.00,unknown,undefined FUN_005ad880(void),false,,,,
0x005AD940,183,0x005AD9F6,FUN_005ad940,,,unclassified,0.00,unknown,undefined FUN_005ad940(void),false,,,,
0x005ADA00,178,0x005ADABB,FUN_005ada00,,,unclassified,0.00,unknown,undefined FUN_005ada00(void),false,,,,
0x005ADB10,27,0x005ADB2D,FUN_005adb10,,,unclassified,0.00,unknown,undefined FUN_005adb10(void),false,,,,
0x005ADB30,115,0x005ADBA2,FUN_005adb30,,,unclassified,0.00,unknown,undefined FUN_005adb30(void),false,,,,
0x005ADBB0,406,0x005ADD45,FUN_005adbb0,,,unclassified,0.00,unknown,undefined FUN_005adbb0(void),false,,,,
0x005ADD50,130,0x005ADDD1,FUN_005add50,,,unclassified,0.00,unknown,undefined FUN_005add50(void),false,,,,
0x005ADDE0,519,0x005ADFE6,FUN_005adde0,,,unclassified,0.00,unknown,undefined FUN_005adde0(void),false,,,,
0x005ADFF0,27,0x005AE00D,FUN_005adff0,,,unclassified,0.00,unknown,undefined FUN_005adff0(void),false,,,,
0x005AE010,103,0x005AE076,FUN_005ae010,,,unclassified,0.00,unknown,undefined FUN_005ae010(void),false,,,,
0x005AE080,94,0x005AE0DD,FUN_005ae080,,,unclassified,0.00,unknown,undefined FUN_005ae080(void),false,,,,
0x005AE0E0,100,0x005AE143,FUN_005ae0e0,,,unclassified,0.00,unknown,undefined FUN_005ae0e0(void),false,,,,
0x005AE150,27,0x005AE16D,FUN_005ae150,,,unclassified,0.00,unknown,undefined FUN_005ae150(void),false,,,,
0x005AE170,117,0x005AE1E4,FUN_005ae170,,,unclassified,0.00,unknown,undefined FUN_005ae170(void),false,,,,
0x005AE1F0,123,0x005AE26A,FUN_005ae1f0,,,unclassified,0.00,unknown,undefined FUN_005ae1f0(void),false,,,,
0x005AE270,8,0x005AE277,FUN_005ae270,,,unclassified,0.00,unknown,undefined FUN_005ae270(void),false,,,,
0x005AE280,237,0x005AE36C,FUN_005ae280,,,unclassified,0.00,unknown,undefined FUN_005ae280(void),false,,,,
0x005AE370,81,0x005AE3C0,FUN_005ae370,,,unclassified,0.00,unknown,undefined FUN_005ae370(void),false,,,,
0x005AE3D0,27,0x005AE3ED,FUN_005ae3d0,,,unclassified,0.00,unknown,undefined FUN_005ae3d0(void),false,,,,
0x005AE3F0,126,0x005AE46D,FUN_005ae3f0,,,unclassified,0.00,unknown,undefined FUN_005ae3f0(void),false,,,,
0x005AE470,5849,0x005AFB48,FUN_005ae470,,,unclassified,0.00,unknown,undefined FUN_005ae470(void),false,,,,
0x005AFB70,52177,0x005BC74D,FUN_005afb70,,,unclassified,0.00,unknown,undefined FUN_005afb70(void),false,,,,
0x005BCA90,8953,0x005BED8B,FUN_005bca90,,,unclassified,0.00,unknown,undefined FUN_005bca90(void),false,,,,
0x005BEEE0,1203,0x005BF392,FUN_005beee0,,,unclassified,0.00,unknown,undefined FUN_005beee0(void),false,,,,
0x005BF460,66787,0x005CF942,FUN_005bf460,,,unclassified,0.00,unknown,undefined FUN_005bf460(void),false,,,,
0x005CFDE0,27,0x005CFDFA,FUN_005cfde0,,,unclassified,0.00,unknown,undefined FUN_005cfde0(void),false,,,,
0x005CFE00,15910,0x005D3C25,FUN_005cfe00,,,unclassified,0.00,unknown,undefined FUN_005cfe00(void),false,,,,
0x005D3EA0,1797,0x005D45A4,FUN_005d3ea0,,,unclassified,0.00,unknown,undefined FUN_005d3ea0(void),false,,,,
0x005D45C0,77,0x005D460C,FUN_005d45c0,,,unclassified,0.00,unknown,undefined FUN_005d45c0(void),false,,,,
0x005D4610,4033,0x005D55E8,FUN_005d4610,,,unclassified,0.00,unknown,undefined FUN_005d4610(void),false,,,,
0x005D59E0,178,0x005D5A9B,FUN_005d59e0,,,unclassified,0.00,unknown,undefined FUN_005d59e0(void),false,,,,
0x005D5AF0,27,0x005D5B0D,FUN_005d5af0,,,unclassified,0.00,unknown,undefined FUN_005d5af0(void),false,,,,
0x005D5B10,406,0x005D5CA5,FUN_005d5b10,,,unclassified,0.00,unknown,undefined FUN_005d5b10(void),false,,,,
0x005D5CB0,27,0x005D5CCD,FUN_005d5cb0,,,unclassified,0.00,unknown,undefined FUN_005d5cb0(void),false,,,,
0x005D5CD0,130,0x005D5D51,FUN_005d5cd0,,,unclassified,0.00,unknown,undefined FUN_005d5cd0(void),false,,,,
0x005D5D60,519,0x005D5F66,FUN_005d5d60,,,unclassified,0.00,unknown,undefined FUN_005d5d60(void),false,,,,
0x005D5F70,103,0x005D5FD6,FUN_005d5f70,,,unclassified,0.00,unknown,undefined FUN_005d5f70(void),false,,,,
0x005D5FE0,94,0x005D603D,FUN_005d5fe0,,,unclassified,0.00,unknown,undefined FUN_005d5fe0(void),false,,,,
0x005D6040,100,0x005D60A3,FUN_005d6040,,,unclassified,0.00,unknown,undefined FUN_005d6040(void),false,,,,
0x005D60B0,27,0x005D60CD,FUN_005d60b0,,,unclassified,0.00,unknown,undefined FUN_005d60b0(void),false,,,,
0x005D60D0,117,0x005D6144,FUN_005d60d0,,,unclassified,0.00,unknown,undefined FUN_005d60d0(void),false,,,,
0x005D6150,123,0x005D61CA,FUN_005d6150,,,unclassified,0.00,unknown,undefined FUN_005d6150(void),false,,,,
0x005D61D0,8,0x005D61D7,FUN_005d61d0,,,unclassified,0.00,unknown,undefined FUN_005d61d0(void),false,,,,
0x005D61E0,18,0x005D61F1,FUN_005d61e0,,,unclassified,0.00,unknown,undefined FUN_005d61e0(void),false,,,,
0x005D6200,237,0x005D62EC,FUN_005d6200,,,unclassified,0.00,unknown,undefined FUN_005d6200(void),false,,,,
0x005D62F0,81,0x005D6340,FUN_005d62f0,,,unclassified,0.00,unknown,undefined FUN_005d62f0(void),false,,,,
0x005D6350,27,0x005D636D,FUN_005d6350,,,unclassified,0.00,unknown,undefined FUN_005d6350(void),false,,,,
0x005D6370,126,0x005D63ED,FUN_005d6370,,,unclassified,0.00,unknown,undefined FUN_005d6370(void),false,,,,
0x005D63F0,6684,0x005D7E0B,FUN_005d63f0,,,unclassified,0.00,unknown,undefined FUN_005d63f0(void),false,,,,
0x005D7E40,42671,0x005E24FF,FUN_005d7e40,,,unclassified,0.00,unknown,undefined FUN_005d7e40(void),false,,,,
0x005E2860,10697,0x005E5242,FUN_005e2860,,,unclassified,0.00,unknown,undefined FUN_005e2860(void),false,,,,
0x005E53D0,959,0x005E578E,FUN_005e53d0,,,unclassified,0.00,unknown,undefined FUN_005e53d0(void),false,,,,
0x005E5860,63993,0x005F5258,FUN_005e5860,,,unclassified,0.00,unknown,undefined FUN_005e5860(void),false,,,,
0x005F5700,1421,0x005F5C8C,FUN_005f5700,,,unclassified,0.00,unknown,undefined FUN_005f5700(void),false,,,,
0x005F5DB0,37,0x005F5DD4,FUN_005f5db0,,,unclassified,0.00,unknown,undefined FUN_005f5db0(void),false,,,,
0x005F5DE0,1971,0x005F6592,FUN_005f5de0,,,unclassified,0.00,unknown,undefined FUN_005f5de0(void),false,,,,
0x005F67A0,178,0x005F685B,FUN_005f67a0,,,unclassified,0.00,unknown,undefined FUN_005f67a0(void),false,,,,
0x005F68B0,27,0x005F68CD,FUN_005f68b0,,,unclassified,0.00,unknown,undefined FUN_005f68b0(void),false,,,,
0x005F68D0,406,0x005F6A65,FUN_005f68d0,,,unclassified,0.00,unknown,undefined FUN_005f68d0(void),false,,,,
0x005F6A70,27,0x005F6A8D,FUN_005f6a70,,,unclassified,0.00,unknown,undefined FUN_005f6a70(void),false,,,,
0x005F6A90,130,0x005F6B11,FUN_005f6a90,,,unclassified,0.00,unknown,undefined FUN_005f6a90(void),false,,,,
0x005F6B20,519,0x005F6D26,FUN_005f6b20,,,unclassified,0.00,unknown,undefined FUN_005f6b20(void),false,,,,
0x005F6D30,103,0x005F6D96,FUN_005f6d30,,,unclassified,0.00,unknown,undefined FUN_005f6d30(void),false,,,,
0x005F6DA0,94,0x005F6DFD,FUN_005f6da0,,,unclassified,0.00,unknown,undefined FUN_005f6da0(void),false,,,,
0x005F6E00,100,0x005F6E63,FUN_005f6e00,,,unclassified,0.00,unknown,undefined FUN_005f6e00(void),false,,,,
0x005F6E70,27,0x005F6E8D,FUN_005f6e70,,,unclassified,0.00,unknown,undefined FUN_005f6e70(void),false,,,,
0x005F6E90,117,0x005F6F04,FUN_005f6e90,,,unclassified,0.00,unknown,undefined FUN_005f6e90(void),false,,,,
0x005F6F10,123,0x005F6F8A,FUN_005f6f10,,,unclassified,0.00,unknown,undefined FUN_005f6f10(void),false,,,,
0x005F6F90,8,0x005F6F97,FUN_005f6f90,,,unclassified,0.00,unknown,undefined FUN_005f6f90(void),false,,,,
0x005F6FA0,237,0x005F708C,FUN_005f6fa0,,,unclassified,0.00,unknown,undefined FUN_005f6fa0(void),false,,,,
0x005F7090,81,0x005F70E0,FUN_005f7090,,,unclassified,0.00,unknown,undefined FUN_005f7090(void),false,,,,
0x005F70F0,27,0x005F710D,FUN_005f70f0,,,unclassified,0.00,unknown,undefined FUN_005f70f0(void),false,,,,
0x005F7110,126,0x005F718D,FUN_005f7110,,,unclassified,0.00,unknown,undefined FUN_005f7110(void),false,,,,
0x005F7190,6181,0x005F89B4,FUN_005f7190,,,unclassified,0.00,unknown,undefined FUN_005f7190(void),false,,,,
0x005F89F0,205,0x005F8ABC,FUN_005f89f0,,,unclassified,0.00,unknown,undefined FUN_005f89f0(void),false,,,,
0x005F8AC0,27852,0x005FF7A1,FUN_005f8ac0,,,unclassified,0.00,unknown,undefined FUN_005f8ac0(void),false,,,,
0x005FFA30,6216,0x00601277,FUN_005ffa30,,,unclassified,0.00,unknown,undefined FUN_005ffa30(void),false,,,,
0x006013C0,1118,0x0060181D,FUN_006013c0,,,unclassified,0.00,unknown,undefined FUN_006013c0(void),false,,,,
0x006018F0,65593,0x00611930,FUN_006018f0,,,unclassified,0.00,unknown,undefined FUN_006018f0(void),false,,,,
0x00611D80,16032,0x00615C1F,FUN_00611d80,,,unclassified,0.00,unknown,undefined FUN_00611d80(void),false,,,,
0x00615EA0,1726,0x0061655D,FUN_00615ea0,,,unclassified,0.00,unknown,undefined FUN_00615ea0(void),false,,,,
0x00616680,17,0x00616690,FUN_00616680,,,unclassified,0.00,unknown,undefined FUN_00616680(void),false,,,,
0x006166A0,2049,0x00616EA0,FUN_006166a0,,,unclassified,0.00,unknown,undefined FUN_006166a0(void),false,,,,
0x006170C0,178,0x0061717B,FUN_006170c0,,,unclassified,0.00,unknown,undefined FUN_006170c0(void),false,,,,
0x006171D0,27,0x006171ED,FUN_006171d0,,,unclassified,0.00,unknown,undefined FUN_006171d0(void),false,,,,
0x006171F0,406,0x00617385,FUN_006171f0,,,unclassified,0.00,unknown,undefined FUN_006171f0(void),false,,,,
0x00617390,130,0x00617411,FUN_00617390,,,unclassified,0.00,unknown,undefined FUN_00617390(void),false,,,,
0x00617420,519,0x00617626,FUN_00617420,,,unclassified,0.00,unknown,undefined FUN_00617420(void),false,,,,
0x00617630,27,0x0061764D,FUN_00617630,,,unclassified,0.00,unknown,undefined FUN_00617630(void),false,,,,
0x00617650,103,0x006176B6,FUN_00617650,,,unclassified,0.00,unknown,undefined FUN_00617650(void),false,,,,
0x006176C0,94,0x0061771D,FUN_006176c0,,,unclassified,0.00,unknown,undefined FUN_006176c0(void),false,,,,
0x00617720,100,0x00617783,FUN_00617720,,,unclassified,0.00,unknown,undefined FUN_00617720(void),false,,,,
0x00617790,27,0x006177AD,FUN_00617790,,,unclassified,0.00,unknown,undefined FUN_00617790(void),false,,,,
0x006177B0,117,0x00617824,FUN_006177b0,,,unclassified,0.00,unknown,undefined FUN_006177b0(void),false,,,,
0x00617830,123,0x006178AA,FUN_00617830,,,unclassified,0.00,unknown,undefined FUN_00617830(void),false,,,,
0x006178B0,8,0x006178B7,FUN_006178b0,,,unclassified,0.00,unknown,undefined FUN_006178b0(void),false,,,,
0x006178C0,80,0x0061790F,FUN_006178c0,,,unclassified,0.00,unknown,undefined FUN_006178c0(void),false,,,,
0x00617910,32,0x0061792F,FUN_00617910,,,unclassified,0.00,unknown,undefined FUN_00617910(void),false,,,,
0x00617930,237,0x00617A1C,FUN_00617930,,,unclassified,0.00,unknown,undefined FUN_00617930(void),false,,,,
0x00617A20,81,0x00617A70,FUN_00617a20,,,unclassified,0.00,unknown,undefined FUN_00617a20(void),false,,,,
0x00617A80,27,0x00617A9D,FUN_00617a80,,,unclassified,0.00,unknown,undefined FUN_00617a80(void),false,,,,
0x00617AA0,126,0x00617B1D,FUN_00617aa0,,,unclassified,0.00,unknown,undefined FUN_00617aa0(void),false,,,,
0x00617B20,7161,0x00619718,FUN_00617b20,,,unclassified,0.00,unknown,undefined FUN_00617b20(void),false,,,,
0x00619750,19522,0x0061E391,FUN_00619750,,,unclassified,0.00,unknown,undefined FUN_00619750(void),false,,,,
0x0061E570,4531,0x0061F722,FUN_0061e570,,,unclassified,0.00,unknown,undefined FUN_0061e570(void),false,,,,
0x0061F870,1177,0x0061FD08,FUN_0061f870,,,unclassified,0.00,unknown,undefined FUN_0061f870(void),false,,,,
0x0061FDE0,59038,0x0062E47D,FUN_0061fde0,,,unclassified,0.00,unknown,undefined FUN_0061fde0(void),false,,,,
0x0062E910,2609,0x0062F340,FUN_0062e910,,,unclassified,0.00,unknown,undefined FUN_0062e910(void),false,,,,
0x0062F480,47,0x0062F4AE,FUN_0062f480,,,unclassified,0.00,unknown,undefined FUN_0062f480(void),false,,,,
0x0062F4B0,1842,0x0062FBE1,FUN_0062f4b0,,,unclassified,0.00,unknown,undefined FUN_0062f4b0(void),false,,,,
0x0062FE00,178,0x0062FEBB,FUN_0062fe00,,,unclassified,0.00,unknown,undefined FUN_0062fe00(void),false,,,,
0x0062FF10,27,0x0062FF2D,FUN_0062ff10,,,unclassified,0.00,unknown,undefined FUN_0062ff10(void),false,,,,
0x0062FF30,406,0x006300C5,FUN_0062ff30,,,unclassified,0.00,unknown,undefined FUN_0062ff30(void),false,,,,
0x006300D0,27,0x006300ED,FUN_006300d0,,,unclassified,0.00,unknown,undefined FUN_006300d0(void),false,,,,
0x006300F0,130,0x00630171,FUN_006300f0,,,unclassified,0.00,unknown,undefined FUN_006300f0(void),false,,,,
0x00630180,519,0x00630386,FUN_00630180,,,unclassified,0.00,unknown,undefined FUN_00630180(void),false,,,,
0x00630390,103,0x006303F6,FUN_00630390,,,unclassified,0.00,unknown,undefined FUN_00630390(void),false,,,,
0x00630400,94,0x0063045D,FUN_00630400,,,unclassified,0.00,unknown,undefined FUN_00630400(void),false,,,,
0x00630460,100,0x006304C3,FUN_00630460,,,unclassified,0.00,unknown,undefined FUN_00630460(void),false,,,,
0x006304D0,27,0x006304ED,FUN_006304d0,,,unclassified,0.00,unknown,undefined FUN_006304d0(void),false,,,,
0x006304F0,117,0x00630564,FUN_006304f0,,,unclassified,0.00,unknown,undefined FUN_006304f0(void),false,,,,
0x00630570,123,0x006305EA,FUN_00630570,,,unclassified,0.00,unknown,undefined FUN_00630570(void),false,,,,
0x006305F0,8,0x006305F7,FUN_006305f0,,,unclassified,0.00,unknown,undefined FUN_006305f0(void),false,,,,
0x00630600,237,0x006306EC,FUN_00630600,,,unclassified,0.00,unknown,undefined FUN_00630600(void),false,,,,
0x006306F0,81,0x00630740,FUN_006306f0,,,unclassified,0.00,unknown,undefined FUN_006306f0(void),false,,,,
0x00630750,27,0x0063076D,FUN_00630750,,,unclassified,0.00,unknown,undefined FUN_00630750(void),false,,,,
0x00630770,138,0x006307F9,FUN_00630770,,,unclassified,0.00,unknown,undefined FUN_00630770(void),false,,,,
0x00630800,6302,0x0063209D,FUN_00630800,,,unclassified,0.00,unknown,undefined FUN_00630800(void),false,,,,
0x006320D0,27,0x006320EA,FUN_006320d0,,,unclassified,0.00,unknown,undefined FUN_006320d0(void),false,,,,
0x006320F0,82,0x00632141,FUN_006320f0,,,unclassified,0.00,unknown,undefined FUN_006320f0(void),false,,,,
0x00632150,33614,0x0063A4A0,FUN_00632150,,,unclassified,0.00,unknown,undefined FUN_00632150(void),false,,,,
0x0063A830,6229,0x0063C084,FUN_0063a830,,,unclassified,0.00,unknown,undefined FUN_0063a830(void),false,,,,
0x0063C1D0,1553,0x0063C7E0,FUN_0063c1d0,,,unclassified,0.00,unknown,undefined FUN_0063c1d0(void),false,,,,
0x0063C8E0,18,0x0063C8F1,FUN_0063c8e0,,,unclassified,0.00,unknown,undefined FUN_0063c8e0(void),false,,,,
0x0063C900,47777,0x006483A7,FUN_0063c900,,,unclassified,0.00,unknown,undefined FUN_0063c900(void),false,,,,
0x00648850,2973,0x006493EC,FUN_00648850,,,unclassified,0.00,unknown,undefined FUN_00648850(void),false,,,,
0x00649520,156,0x006495BB,FUN_00649520,,,unclassified,0.00,unknown,undefined FUN_00649520(void),false,,,,
0x006495C0,2453,0x00649F54,FUN_006495c0,,,unclassified,0.00,unknown,undefined FUN_006495c0(void),false,,,,
0x0064A190,178,0x0064A24B,FUN_0064a190,,,unclassified,0.00,unknown,undefined FUN_0064a190(void),false,,,,
0x0064A2A0,27,0x0064A2BD,FUN_0064a2a0,,,unclassified,0.00,unknown,undefined FUN_0064a2a0(void),false,,,,
0x0064A2C0,406,0x0064A455,FUN_0064a2c0,,,unclassified,0.00,unknown,undefined FUN_0064a2c0(void),false,,,,
0x0064A460,27,0x0064A47D,FUN_0064a460,,,unclassified,0.00,unknown,undefined FUN_0064a460(void),false,,,,
0x0064A480,130,0x0064A501,FUN_0064a480,,,unclassified,0.00,unknown,undefined FUN_0064a480(void),false,,,,
0x0064A510,519,0x0064A716,FUN_0064a510,,,unclassified,0.00,unknown,undefined FUN_0064a510(void),false,,,,
0x0064A720,103,0x0064A786,FUN_0064a720,,,unclassified,0.00,unknown,undefined FUN_0064a720(void),false,,,,
0x0064A790,94,0x0064A7ED,FUN_0064a790,,,unclassified,0.00,unknown,undefined FUN_0064a790(void),false,,,,
0x0064A7F0,100,0x0064A853,FUN_0064a7f0,,,unclassified,0.00,unknown,undefined FUN_0064a7f0(void),false,,,,
0x0064A860,27,0x0064A87D,FUN_0064a860,,,unclassified,0.00,unknown,undefined FUN_0064a860(void),false,,,,
0x0064A880,117,0x0064A8F4,FUN_0064a880,,,unclassified,0.00,unknown,undefined FUN_0064a880(void),false,,,,
0x0064A900,123,0x0064A97A,FUN_0064a900,,,unclassified,0.00,unknown,undefined FUN_0064a900(void),false,,,,
0x0064A980,8,0x0064A987,FUN_0064a980,,,unclassified,0.00,unknown,undefined FUN_0064a980(void),false,,,,
0x0064A990,237,0x0064AA7C,FUN_0064a990,,,unclassified,0.00,unknown,undefined FUN_0064a990(void),false,,,,
0x0064AA80,81,0x0064AAD0,FUN_0064aa80,,,unclassified,0.00,unknown,undefined FUN_0064aa80(void),false,,,,
0x0064AAE0,27,0x0064AAFD,FUN_0064aae0,,,unclassified,0.00,unknown,undefined FUN_0064aae0(void),false,,,,
0x0064AB00,126,0x0064AB7D,FUN_0064ab00,,,unclassified,0.00,unknown,undefined FUN_0064ab00(void),false,,,,
0x0064AB80,5352,0x0064C067,FUN_0064ab80,,,unclassified,0.00,unknown,undefined FUN_0064ab80(void),false,,,,
0x0064C090,200,0x0064C157,FUN_0064c090,,,unclassified,0.00,unknown,undefined FUN_0064c090(void),false,,,,
0x0064C160,40993,0x00656188,FUN_0064c160,,,unclassified,0.00,unknown,undefined FUN_0064c160(void),false,,,,
0x00656560,8590,0x006586ED,FUN_00656560,,,unclassified,0.00,unknown,undefined FUN_00656560(void),false,,,,
0x00658830,1412,0x00658DB3,FUN_00658830,,,unclassified,0.00,unknown,undefined FUN_00658830(void),false,,,,
0x00658EB0,8643,0x0065B16E,FUN_00658eb0,,,unclassified,0.00,unknown,undefined FUN_00658eb0(void),false,,,,
0x0065B3A0,2676,0x0065BE13,FUN_0065b3a0,,,unclassified,0.00,unknown,undefined FUN_0065b3a0(void),false,,,,
0x0065BF50,14783,0x0065F90E,FUN_0065bf50,,,unclassified,0.00,unknown,undefined FUN_0065bf50(void),false,,,,
0x0065FB40,80,0x0065FB8F,FUN_0065fb40,,,unclassified,0.00,unknown,undefined FUN_0065fb40(void),false,,,,
0x0065FB90,266,0x0065FC99,FUN_0065fb90,,,unclassified,0.00,unknown,undefined FUN_0065fb90(void),false,,,,
0x0065FDD0,47,0x0065FDFE,FUN_0065fdd0,,,unclassified,0.00,unknown,undefined FUN_0065fdd0(void),false,,,,
0x0065FE00,16,0x0065FE0F,FUN_0065fe00,,,unclassified,0.00,unknown,undefined FUN_0065fe00(void),false,,,,
0x0065FE10,248,0x0065FF07,FUN_0065fe10,,,unclassified,0.00,unknown,undefined FUN_0065fe10(void),false,,,,
0x0065FF10,35,0x0065FF32,FUN_0065ff10,,,unclassified,0.00,unknown,undefined FUN_0065ff10(void),false,,,,
0x0065FF40,12198,0x00662EE5,FUN_0065ff40,,,unclassified,0.00,unknown,undefined FUN_0065ff40(void),false,,,,
0x00662F80,4381,0x0066409C,FUN_00662f80,,,unclassified,0.00,unknown,undefined FUN_00662f80(void),false,,,,
0x00664220,1383,0x00664786,FUN_00664220,,,unclassified,0.00,unknown,undefined FUN_00664220(void),false,,,,
0x00664880,45,0x006648AC,FUN_00664880,,,unclassified,0.00,unknown,undefined FUN_00664880(void),false,,,,
0x006648B0,21,0x006648C4,FUN_006648b0,,,unclassified,0.00,unknown,undefined FUN_006648b0(void),false,,,,
0x006648D0,10,0x006648D9,FUN_006648d0,,,unclassified,0.00,unknown,undefined FUN_006648d0(void),false,,,,
0x006648E0,199,0x006649A6,FUN_006648e0,,,unclassified,0.00,unknown,undefined FUN_006648e0(void),false,,,,
0x006649B0,173,0x00664A5C,FUN_006649b0,,,unclassified,0.00,unknown,undefined FUN_006649b0(void),false,,,,
0x00664A60,140,0x00664AEB,FUN_00664a60,,,unclassified,0.00,unknown,undefined FUN_00664a60(void),false,,,,
0x00664AF0,248,0x00664BE7,FUN_00664af0,,,unclassified,0.00,unknown,undefined FUN_00664af0(void),false,,,,
0x00664C20,680,0x00664ED6,FUN_00664c20,,,unclassified,0.00,unknown,undefined FUN_00664c20(void),false,,,,
0x00664ED7,11,0x00664EE1,FUN_00664ed7,,,unclassified,0.00,unknown,undefined FUN_00664ed7(void),false,,,,
0x00664EE2,33,0x00664F03,FUN_00664ee2,,,unclassified,0.00,unknown,undefined FUN_00664ee2(void),false,,,,
0x00664F04,62,0x00664F41,FUN_00664f04,,,unclassified,0.00,unknown,undefined FUN_00664f04(void),false,,,,
0x00664F43,62,0x00664F80,FUN_00664f43,,,unclassified,0.00,unknown,undefined FUN_00664f43(void),false,,,,
0x00664F9A,5,0x00664F9E,operator_new,,,library,0.00,__cdecl,void * operator_new(uint size),true,,Ghidra thunk target 0x0067B50C verified as VC8 allocation runtime,root,Compiler runtime thunk excluded from authored reconstruction progress
0x00664FA0,93,0x00664FFC,FUN_00664fa0,,,unclassified,0.00,unknown,undefined FUN_00664fa0(void),false,,,,
0x00665000,203,0x006650CA,FUN_00665000,,,unclassified,0.00,unknown,undefined FUN_00665000(void),false,,,,
0x006650D0,26,0x006650E9,FUN_006650d0,,,unclassified,0.00,unknown,undefined FUN_006650d0(void),false,,,,
0x006650F0,231,0x006651D6,FUN_006650f0,,,unclassified,0.00,unknown,undefined FUN_006650f0(void),false,,,,
0x006651E0,5479,0x00666752,FUN_006651e0,,,unclassified,0.00,unknown,undefined FUN_006651e0(void),false,,,,
0x006667E0,74,0x00666829,FUN_006667e0,,,unclassified,0.00,unknown,undefined FUN_006667e0(void),false,,,,
0x00666830,39,0x00666856,FUN_00666830,,,unclassified,0.00,unknown,undefined FUN_00666830(void),false,,,,
0x00666860,79,0x006668AE,FUN_00666860,,,unclassified,0.00,unknown,undefined FUN_00666860(void),false,,,,
0x006668B0,2014,0x0066708D,FUN_006668b0,,,unclassified,0.00,unknown,undefined FUN_006668b0(void),false,,,,
0x00667090,210,0x00667161,FUN_00667090,,,unclassified,0.00,unknown,undefined FUN_00667090(void),false,,,,
0x00667170,134,0x006671F5,FUN_00667170,,,unclassified,0.00,unknown,undefined FUN_00667170(void),false,,,,
0x00667200,380,0x0066737B,FUN_00667200,,,unclassified,0.00,unknown,undefined FUN_00667200(void),false,,,,
0x00667380,194,0x00667441,FUN_00667380,,,unclassified,0.00,unknown,undefined FUN_00667380(void),false,,,,
0x00667450,334,0x0066759D,FUN_00667450,,,unclassified,0.00,unknown,undefined FUN_00667450(void),false,,,,
0x00667780,877,0x00667AEC,FUN_00667780,,,unclassified,0.00,unknown,undefined FUN_00667780(void),false,,,,
0x00667F80,143,0x0066800E,FUN_00667f80,,,unclassified,0.00,unknown,undefined FUN_00667f80(void),false,,,,
0x00668010,541,0x0066822C,FUN_00668010,,,unclassified,0.00,unknown,undefined FUN_00668010(void),false,,,,
0x00668230,37,0x00668254,FUN_00668230,,,unclassified,0.00,unknown,undefined FUN_00668230(void),false,,,,
0x00668260,6,0x00668265,FUN_00668260,,,unclassified,0.00,unknown,undefined FUN_00668260(void),false,,,,
0x00668270,657,0x00668500,FUN_00668270,,,unclassified,0.00,unknown,undefined FUN_00668270(void),false,,,,
0x00668510,24,0x00668527,FUN_00668510,,,unclassified,0.00,unknown,undefined FUN_00668510(void),false,,,,
0x00668530,19,0x00668542,FUN_00668530,,,unclassified,0.00,unknown,undefined FUN_00668530(void),false,,,,
0x00668550,10,0x00668559,FUN_00668550,,,unclassified,0.00,unknown,undefined FUN_00668550(void),false,,,,
0x00668560,1202,0x00668A17,FUN_00668560,,,unclassified,0.00,unknown,undefined FUN_00668560(void),false,,,,
0x00668A20,1256,0x00668F0D,FUN_00668a20,,,unclassified,0.00,unknown,undefined FUN_00668a20(void),false,,,,
0x00668F10,617,0x00669181,FUN_00668f10,,,unclassified,0.00,unknown,undefined FUN_00668f10(void),false,,,,
0x00669190,110,0x006691FD,FUN_00669190,,,unclassified,0.00,unknown,undefined FUN_00669190(void),false,,,,
0x00669200,198,0x006692C5,FUN_00669200,,,unclassified,0.00,unknown,undefined FUN_00669200(void),false,,,,
0x006692D0,529,0x006694E6,FUN_006692d0,,,unclassified,0.00,unknown,undefined FUN_006692d0(void),false,,,,
0x006694F0,226,0x006695D1,FUN_006694f0,,,unclassified,0.00,unknown,undefined FUN_006694f0(void),false,,,,
0x006695E0,1285,0x00669AEA,FUN_006695e0,,,unclassified,0.00,unknown,undefined FUN_006695e0(void),false,,,,
0x00669AF0,603,0x00669D4D,FUN_00669af0,,,unclassified,0.00,unknown,undefined FUN_00669af0(void),false,,,,
0x00669D50,1035,0x0066A15A,FUN_00669d50,,,unclassified,0.00,unknown,undefined FUN_00669d50(void),false,,,,
0x0066A160,203,0x0066A22A,FUN_0066a160,,,unclassified,0.00,unknown,undefined FUN_0066a160(void),false,,,,
0x0066A230,117,0x0066A2A4,FUN_0066a230,,,unclassified,0.00,unknown,undefined FUN_0066a230(void),false,,,,
0x0066A2B0,115,0x0066A322,FUN_0066a2b0,,,unclassified,0.00,unknown,undefined FUN_0066a2b0(void),false,,,,
0x0066A330,130,0x0066A3B1,FUN_0066a330,,,unclassified,0.00,unknown,undefined FUN_0066a330(void),false,,,,
0x0066A3C0,100,0x0066A423,FUN_0066a3c0,,,unclassified,0.00,unknown,undefined FUN_0066a3c0(void),false,,,,
0x0066A430,144,0x0066A4BF,FUN_0066a430,,,unclassified,0.00,unknown,undefined FUN_0066a430(void),false,,,,
0x0066A4C0,503,0x0066A6B6,FUN_0066a4c0,,,unclassified,0.00,unknown,undefined FUN_0066a4c0(void),false,,,,
0x0066A6C0,198,0x0066A788,FUN_0066a6c0,,,unclassified,0.00,unknown,undefined FUN_0066a6c0(void),false,,,,
0x0066A790,159,0x0066A82E,FUN_0066a790,,,unclassified,0.00,unknown,undefined FUN_0066a790(void),false,,,,
0x0066A830,493,0x0066AA1C,FUN_0066a830,,,unclassified,0.00,unknown,undefined FUN_0066a830(void),false,,,,
0x0066AA20,526,0x0066AC2D,FUN_0066aa20,,,unclassified,0.00,unknown,undefined FUN_0066aa20(void),false,,,,
0x0066AC2E,6,0x0066AC33,IMM32.DLL::ImmReleaseContext,,,unclassified,0.00,__stdcall,"BOOL ImmReleaseContext(HWND param_1, HIMC param_2)",true,,,,
0x0066AC34,6,0x0066AC39,IMM32.DLL::ImmGetCompositionStringA,,,unclassified,0.00,__stdcall,"LONG ImmGetCompositionStringA(HIMC param_1, DWORD param_2, LPVOID lpBuf, DWORD dwBufLen)",true,,,,
0x0066AC3A,6,0x0066AC3F,IMM32.DLL::ImmGetDefaultIMEWnd,,,unclassified,0.00,__stdcall,HWND ImmGetDefaultIMEWnd(HWND param_1),true,,,,
0x0066AC40,6,0x0066AC45,IMM32.DLL::ImmSetCandidateWindow,,,unclassified,0.00,__stdcall,"BOOL ImmSetCandidateWindow(HIMC param_1, LPCANDIDATEFORM lpCandidate)",true,,,,
0x0066AC46,6,0x0066AC4B,IMM32.DLL::ImmGetContext,,,unclassified,0.00,__stdcall,HIMC ImmGetContext(HWND param_1),true,,,,
0x0066BC50,6,0x0066BC55,DINPUT8.DLL::DirectInput8Create,,,unclassified,0.00,unknown,undefined DirectInput8Create(void),true,,,,
0x0066BFD0,221,0x0066C0C5,FUN_0066bfd0,,,unclassified,0.00,unknown,undefined FUN_0066bfd0(void),false,,,,
0x0066C0D0,76,0x0066C11B,FUN_0066c0d0,,,unclassified,0.00,unknown,undefined FUN_0066c0d0(void),false,,,,
0x0066C120,274,0x0066C231,FUN_0066c120,,,unclassified,0.00,unknown,undefined FUN_0066c120(void),false,,,,
0x0066C240,321,0x0066C380,FUN_0066c240,,,unclassified,0.00,unknown,undefined FUN_0066c240(void),false,,,,
0x0066C390,190,0x0066C44D,FUN_0066c390,,,unclassified,0.00,unknown,undefined FUN_0066c390(void),false,,,,
0x0066C450,100,0x0066C4B3,FUN_0066c450,,,unclassified,0.00,unknown,undefined FUN_0066c450(void),false,,,,
0x0066C4C0,79,0x0066C50E,FUN_0066c4c0,,,unclassified,0.00,unknown,undefined FUN_0066c4c0(void),false,,,,
0x0066C510,249,0x0066C608,FUN_0066c510,,,unclassified,0.00,unknown,undefined FUN_0066c510(void),false,,,,
0x0066C610,274,0x0066C721,FUN_0066c610,,,unclassified,0.00,unknown,undefined FUN_0066c610(void),false,,,,
0x0066C730,54,0x0066C765,FUN_0066c730,,,unclassified,0.00,unknown,undefined FUN_0066c730(void),false,,,,
0x0066C770,540,0x0066C98B,FUN_0066c770,,,unclassified,0.00,unknown,undefined FUN_0066c770(void),false,,,,
0x0066C990,733,0x0066CC6C,FUN_0066c990,,,unclassified,0.00,unknown,undefined FUN_0066c990(void),false,,,,
0x0066CC70,41,0x0066CC98,FUN_0066cc70,,,unclassified,0.00,unknown,undefined FUN_0066cc70(void),false,,,,
0x0066CCA0,103,0x0066CD06,FUN_0066cca0,,,unclassified,0.00,unknown,undefined FUN_0066cca0(void),false,,,,
0x0066CD10,139,0x0066CD9A,FUN_0066cd10,,,unclassified,0.00,unknown,undefined FUN_0066cd10(void),false,,,,
0x0066CDA0,787,0x0066D0B2,FUN_0066cda0,,,unclassified,0.00,unknown,undefined FUN_0066cda0(void),false,,,,
0x0066D0C0,1516,0x0066D6AB,FUN_0066d0c0,,,unclassified,0.00,unknown,undefined FUN_0066d0c0(void),false,,,,
0x0066D6B0,763,0x0066D9AA,FUN_0066d6b0,,,unclassified,0.00,unknown,undefined FUN_0066d6b0(void),false,,,,
0x0066D9B0,122,0x0066DA29,FUN_0066d9b0,,,unclassified,0.00,unknown,undefined FUN_0066d9b0(void),false,,,,
0x0066DA30,708,0x0066DCF3,FUN_0066da30,,,unclassified,0.00,unknown,undefined FUN_0066da30(void),false,,,,
0x0066DD00,247,0x0066DDF6,FUN_0066dd00,,,unclassified,0.00,unknown,undefined FUN_0066dd00(void),false,,,,
0x0066DE00,225,0x0066DEE0,FUN_0066de00,,,unclassified,0.00,unknown,undefined FUN_0066de00(void),false,,,,
0x0066DEF0,58,0x0066DF29,FUN_0066def0,,,unclassified,0.00,unknown,undefined FUN_0066def0(void),false,,,,
0x0066DF30,860,0x0066E28B,FUN_0066df30,,,unclassified,0.00,unknown,undefined FUN_0066df30(void),false,,,,
0x0066E290,3,0x0066E292,FUN_0066e290,,,unclassified,0.00,unknown,undefined FUN_0066e290(void),false,,,,
0x0066E2A0,18,0x0066E2B1,FUN_0066e2a0,,,unclassified,0.00,unknown,undefined FUN_0066e2a0(void),false,,,,
0x0066E2C0,96,0x0066E32B,FUN_0066e2c0,,,unclassified,0.00,unknown,undefined FUN_0066e2c0(void),false,,,,
0x0066E330,23,0x0066E346,FUN_0066e330,,,unclassified,0.00,unknown,undefined FUN_0066e330(void),false,,,,
0x0066E350,38,0x0066E375,FUN_0066e350,,,unclassified,0.00,unknown,undefined FUN_0066e350(void),false,,,,
0x0066E380,344,0x0066E4E2,FUN_0066e380,,,unclassified,0.00,unknown,undefined FUN_0066e380(void),false,,,,
0x0066E4F0,256,0x0066E5EF,FUN_0066e4f0,,,unclassified,0.00,unknown,undefined FUN_0066e4f0(void),false,,,,
0x0066E5F0,46,0x0066E61D,FUN_0066e5f0,,,unclassified,0.00,unknown,undefined FUN_0066e5f0(void),false,,,,
0x0066E620,215,0x0066E6F6,FUN_0066e620,,,unclassified,0.00,unknown,undefined FUN_0066e620(void),false,,,,
0x0066E700,216,0x0066E7D7,FUN_0066e700,,,unclassified,0.00,unknown,undefined FUN_0066e700(void),false,,,,
0x0066E7E0,631,0x0066EA56,FUN_0066e7e0,,,unclassified,0.00,unknown,undefined FUN_0066e7e0(void),false,,,,
0x0066EA60,76,0x0066EAAB,FUN_0066ea60,,,unclassified,0.00,unknown,undefined FUN_0066ea60(void),false,,,,
0x0066EAB0,108,0x0066EB1B,FUN_0066eab0,,,unclassified,0.00,unknown,undefined FUN_0066eab0(void),false,,,,
0x0066EB20,80,0x0066EB88,FUN_0066eb20,,,unclassified,0.00,unknown,undefined FUN_0066eb20(void),false,,,,
0x0066EB90,75,0x0066EBE0,FUN_0066eb90,,,unclassified,0.00,unknown,undefined FUN_0066eb90(void),false,,,,
0x0066EBF0,919,0x0066EF86,FUN_0066ebf0,,,unclassified,0.00,unknown,undefined FUN_0066ebf0(void),false,,,,
0x0066EF90,463,0x0066F1B4,FUN_0066ef90,,,unclassified,0.00,unknown,undefined FUN_0066ef90(void),false,,,,
0x0066F1C0,108,0x0066F22B,FUN_0066f1c0,,,unclassified,0.00,unknown,undefined FUN_0066f1c0(void),false,,,,
0x0066F230,45,0x0066F25C,FUN_0066f230,,,unclassified,0.00,unknown,undefined FUN_0066f230(void),false,,,,
0x0066F260,1615,0x0066F8AE,FUN_0066f260,,,unclassified,0.00,unknown,undefined FUN_0066f260(void),false,,,,
0x0066F8B0,88,0x0066F907,FUN_0066f8b0,,,unclassified,0.00,unknown,undefined FUN_0066f8b0(void),false,,,,
0x0066F910,43,0x0066F93A,FUN_0066f910,,,unclassified,0.00,unknown,undefined FUN_0066f910(void),false,,,,
0x0066F940,336,0x0066FA8F,FUN_0066f940,,,unclassified,0.00,unknown,undefined FUN_0066f940(void),false,,,,
0x0066FA90,213,0x0066FB64,FUN_0066fa90,,,unclassified,0.00,unknown,undefined FUN_0066fa90(void),false,,,,
0x0066FB70,122,0x0066FBE9,FUN_0066fb70,,,unclassified,0.00,unknown,undefined FUN_0066fb70(void),false,,,,
0x0066FBF0,27,0x0066FC0E,FUN_0066fbf0,,,unclassified,0.00,unknown,undefined FUN_0066fbf0(void),false,,,,
0x0066FC10,27,0x0066FC2E,FUN_0066fc10,,,unclassified,0.00,unknown,undefined FUN_0066fc10(void),false,,,,
0x0066FC30,1352,0x00670177,FUN_0066fc30,,,unclassified,0.00,unknown,undefined FUN_0066fc30(void),false,,,,
0x00670180,1917,0x006708FC,FUN_00670180,,,unclassified,0.00,unknown,undefined FUN_00670180(void),false,,,,
0x00670900,41,0x00670928,FUN_00670900,,,unclassified,0.00,unknown,undefined FUN_00670900(void),false,,,,
0x00670930,41,0x00670958,FUN_00670930,,,unclassified,0.00,unknown,undefined FUN_00670930(void),false,,,,
0x00670960,25,0x00670978,FUN_00670960,,,unclassified,0.00,unknown,undefined FUN_00670960(void),false,,,,
0x00670980,113,0x00670A3F,FUN_00670980,,,unclassified,0.00,unknown,undefined FUN_00670980(void),false,,,,
0x00670A40,96,0x00670A9F,FUN_00670a40,,,unclassified,0.00,unknown,undefined FUN_00670a40(void),false,,,,
0x00670AA0,237,0x00670B8C,FUN_00670aa0,,,unclassified,0.00,unknown,undefined FUN_00670aa0(void),false,,,,
0x00670B90,1479,0x00671156,FUN_00670b90,,,unclassified,0.00,unknown,undefined FUN_00670b90(void),false,,,,
0x00671160,159,0x006711FE,FUN_00671160,,,unclassified,0.00,unknown,undefined FUN_00671160(void),false,,,,
0x00671200,224,0x006712DF,FUN_00671200,,,unclassified,0.00,unknown,undefined FUN_00671200(void),false,,,,
0x006712E0,194,0x006713A1,FUN_006712e0,,,unclassified,0.00,unknown,undefined FUN_006712e0(void),false,,,,
0x006713B0,306,0x006714E1,FUN_006713b0,,,unclassified,0.00,unknown,undefined FUN_006713b0(void),false,,,,
0x006714F0,338,0x00671641,FUN_006714f0,,,unclassified,0.00,unknown,undefined FUN_006714f0(void),false,,,,
0x00671650,138,0x006716D9,FUN_00671650,,,unclassified,0.00,unknown,undefined FUN_00671650(void),false,,,,
0x006716E0,330,0x00671829,FUN_006716e0,,,unclassified,0.00,unknown,undefined FUN_006716e0(void),false,,,,
0x00671830,201,0x006718F8,FUN_00671830,,,unclassified,0.00,unknown,undefined FUN_00671830(void),false,,,,
0x00671900,140,0x0067198B,FUN_00671900,,,unclassified,0.00,unknown,undefined FUN_00671900(void),false,,,,
0x00671990,351,0x00671AEE,FUN_00671990,,,unclassified,0.00,unknown,undefined FUN_00671990(void),false,,,,
0x00671B40,195,0x00671C02,FUN_00671b40,,,unclassified,0.00,unknown,undefined FUN_00671b40(void),false,,,,
0x00671C10,591,0x00671E5E,FUN_00671c10,,,unclassified,0.00,unknown,undefined FUN_00671c10(void),false,,,,
0x00671E60,23,0x00671E76,FUN_00671e60,,,unclassified,0.00,unknown,undefined FUN_00671e60(void),false,,,,
0x00671E80,995,0x00672262,FUN_00671e80,,,unclassified,0.00,unknown,undefined FUN_00671e80(void),false,,,,
0x00672270,206,0x0067233D,FUN_00672270,,,unclassified,0.00,unknown,undefined FUN_00672270(void),false,,,,
0x00672340,101,0x006723A4,FUN_00672340,,,unclassified,0.00,unknown,undefined FUN_00672340(void),false,,,,
0x006723B0,16,0x006723BF,FUN_006723b0,,,unclassified,0.00,unknown,undefined FUN_006723b0(void),false,,,,
0x006723C0,79,0x0067240E,FUN_006723c0,,,unclassified,0.00,unknown,undefined FUN_006723c0(void),false,,,,
0x00672410,367,0x0067257E,FUN_00672410,,,unclassified,0.00,unknown,undefined FUN_00672410(void),false,,,,
0x00672590,102,0x006725F5,FUN_00672590,,,unclassified,0.00,unknown,undefined FUN_00672590(void),false,,,,
0x00672600,491,0x006727EA,FUN_00672600,,,unclassified,0.00,unknown,undefined FUN_00672600(void),false,,,,
0x006727F0,87,0x006728B0,FUN_006727f0,,,unclassified,0.00,unknown,undefined FUN_006727f0(void),false,,,,
0x006728C0,26,0x006728DC,FUN_006728c0,,,unclassified,0.00,unknown,undefined FUN_006728c0(void),false,,,,
0x006728E0,81,0x0067293F,FUN_006728e0,,,unclassified,0.00,unknown,undefined FUN_006728e0(void),false,,,,
0x00672940,83,0x00672992,FUN_00672940,,,unclassified,0.00,unknown,undefined FUN_00672940(void),false,,,,
0x006729A0,345,0x00672AF8,FUN_006729a0,,,unclassified,0.00,unknown,undefined FUN_006729a0(void),false,,,,
0x00672D70,96,0x00672DCF,FUN_00672d70,,,unclassified,0.00,unknown,undefined FUN_00672d70(void),false,,,,
0x00672DF0,574,0x0067302D,FUN_00672df0,,,unclassified,0.00,unknown,undefined FUN_00672df0(void),false,,,,
0x00673030,52,0x00673063,FUN_00673030,,,unclassified,0.00,unknown,undefined FUN_00673030(void),false,,,,
0x00673070,295,0x00673196,FUN_00673070,,,unclassified,0.00,unknown,undefined FUN_00673070(void),false,,,,
0x006731A0,507,0x0067339A,FUN_006731a0,,,unclassified,0.00,unknown,undefined FUN_006731a0(void),false,,,,
0x00673730,373,0x006738A4,FUN_00673730,,,unclassified,0.00,unknown,undefined FUN_00673730(void),false,,,,
0x006738B0,443,0x00673A6A,FUN_006738b0,,,unclassified,0.00,unknown,undefined FUN_006738b0(void),false,,,,
0x00673A70,186,0x00673B42,FUN_00673a70,,,unclassified,0.00,unknown,undefined FUN_00673a70(void),false,,,,
0x00673B50,21,0x00673B64,FUN_00673b50,,,unclassified,0.00,unknown,undefined FUN_00673b50(void),false,,,,
0x00673B70,35,0x00673B92,FUN_00673b70,,,unclassified,0.00,unknown,undefined FUN_00673b70(void),false,,,,
0x00673BD0,38,0x00673BF5,FUN_00673bd0,,,unclassified,0.00,unknown,undefined FUN_00673bd0(void),false,,,,
0x00673C00,423,0x00673DA6,FUN_00673c00,,,unclassified,0.00,unknown,undefined FUN_00673c00(void),false,,,,
0x00673DB0,448,0x00673F6F,FUN_00673db0,,,unclassified,0.00,unknown,undefined FUN_00673db0(void),false,,,,
0x00673F70,1122,0x006743D1,FUN_00673f70,,,unclassified,0.00,unknown,undefined FUN_00673f70(void),false,,,,
0x006743E0,2992,0x00674F8F,FUN_006743e0,,,unclassified,0.00,unknown,undefined FUN_006743e0(void),false,,,,
0x00674F90,55,0x00674FC6,FUN_00674f90,,,unclassified,0.00,unknown,undefined FUN_00674f90(void),false,,,,
0x00674FD0,32,0x00674FEF,FUN_00674fd0,,,unclassified,0.00,unknown,undefined FUN_00674fd0(void),false,,,,
0x00674FF0,395,0x0067517A,FUN_00674ff0,,,unclassified,0.00,unknown,undefined FUN_00674ff0(void),false,,,,
0x00675180,47,0x006751B4,FUN_00675180,,,unclassified,0.00,unknown,undefined FUN_00675180(void),false,,,,
0x006751C0,469,0x00675394,FUN_006751c0,,,unclassified,0.00,unknown,undefined FUN_006751c0(void),false,,,,
0x006753A0,53,0x006753DA,FUN_006753a0,,,unclassified,0.00,unknown,undefined FUN_006753a0(void),false,,,,
0x006753E0,1281,0x006758E0,FUN_006753e0,,,unclassified,0.00,unknown,undefined FUN_006753e0(void),false,,,,
0x006758F0,1269,0x00675DE4,FUN_006758f0,,,unclassified,0.00,unknown,undefined FUN_006758f0(void),false,,,,
0x00675DF0,140,0x00675E7B,FUN_00675df0,,,unclassified,0.00,unknown,undefined FUN_00675df0(void),false,,,,
0x00675E80,279,0x00675F96,FUN_00675e80,,,unclassified,0.00,unknown,undefined FUN_00675e80(void),false,,,,
0x00675FA0,1152,0x0067641F,FUN_00675fa0,,,unclassified,0.00,unknown,undefined FUN_00675fa0(void),false,,,,
0x00676420,12,0x0067642B,FUN_00676420,,,unclassified,0.00,unknown,undefined FUN_00676420(void),false,,,,
0x00676430,290,0x00676551,FUN_00676430,,,unclassified,0.00,unknown,undefined FUN_00676430(void),false,,,,
0x00676560,27,0x0067657E,FUN_00676560,,,unclassified,0.00,unknown,undefined FUN_00676560(void),false,,,,
0x00676580,325,0x006766C4,FUN_00676580,,,unclassified,0.00,unknown,undefined FUN_00676580(void),false,,,,
0x006766D0,19,0x006766E2,FUN_006766d0,,,unclassified,0.00,unknown,undefined FUN_006766d0(void),false,,,,
0x006768C0,2421,0x00677234,FUN_006768c0,,,unclassified,0.00,unknown,undefined FUN_006768c0(void),false,,,,
0x00677240,33,0x00677260,FUN_00677240,,,unclassified,0.00,unknown,undefined FUN_00677240(void),false,,,,
0x00677270,873,0x006775D8,FUN_00677270,,,unclassified,0.00,unknown,undefined FUN_00677270(void),false,,,,
0x006775E0,27,0x006775FE,FUN_006775e0,,,unclassified,0.00,unknown,undefined FUN_006775e0(void),false,,,,
0x00677600,54,0x00677679,FUN_00677600,,,unclassified,0.00,unknown,undefined FUN_00677600(void),false,,,,
0x00677770,22,0x00677785,FUN_00677770,,,unclassified,0.00,unknown,undefined FUN_00677770(void),false,,,,
0x00677B10,534,0x00677D25,FUN_00677b10,,,unclassified,0.00,unknown,undefined FUN_00677b10(void),false,,,,
0x00677EB0,434,0x00678061,FUN_00677eb0,,,unclassified,0.00,unknown,undefined FUN_00677eb0(void),false,,,,
0x00678070,618,0x006782D9,FUN_00678070,,,unclassified,0.00,unknown,undefined FUN_00678070(void),false,,,,
0x00678340,554,0x00678569,FUN_00678340,,,unclassified,0.00,unknown,undefined FUN_00678340(void),false,,,,
0x006785D0,63,0x0067860E,FUN_006785d0,,,unclassified,0.00,unknown,undefined FUN_006785d0(void),false,,,,
0x00678610,415,0x006787AE,FUN_00678610,,,unclassified,0.00,unknown,undefined FUN_00678610(void),false,,,,
0x00678AB0,27,0x00678ACE,FUN_00678ab0,,,unclassified,0.00,unknown,undefined FUN_00678ab0(void),false,,,,
0x00679100,21,0x00679114,FUN_00679100,,,unclassified,0.00,unknown,undefined FUN_00679100(void),false,,,,
0x00679120,1209,0x006795D8,FUN_00679120,,,unclassified,0.00,unknown,undefined FUN_00679120(void),false,,,,
0x006795E0,72,0x00679627,FUN_006795e0,,,unclassified,0.00,unknown,undefined FUN_006795e0(void),false,,,,
0x00679630,496,0x0067981F,FUN_00679630,,,unclassified,0.00,unknown,undefined FUN_00679630(void),false,,,,
0x00679820,47,0x0067984E,FUN_00679820,,,unclassified,0.00,unknown,undefined FUN_00679820(void),false,,,,
0x00679850,528,0x00679A5F,FUN_00679850,,,unclassified,0.00,unknown,undefined FUN_00679850(void),false,,,,
0x00679A60,556,0x00679C8B,FUN_00679a60,,,unclassified,0.00,unknown,undefined FUN_00679a60(void),false,,,,
0x00679C90,35,0x00679CB2,FUN_00679c90,,,unclassified,0.00,unknown,undefined FUN_00679c90(void),false,,,,
0x00679CC0,165,0x00679D64,FUN_00679cc0,,,unclassified,0.00,unknown,undefined FUN_00679cc0(void),false,,,,
0x00679D70,1497,0x0067A348,FUN_00679d70,,,unclassified,0.00,unknown,undefined FUN_00679d70(void),false,,,,
0x0067A360,140,0x0067A3EB,FUN_0067a360,,,unclassified,0.00,unknown,undefined FUN_0067a360(void),false,,,,
0x0067A7F0,188,0x0067A8AB,FUN_0067a7f0,,,unclassified,0.00,unknown,undefined FUN_0067a7f0(void),false,,,,
0x0067A8B0,27,0x0067A8CE,FUN_0067a8b0,,,unclassified,0.00,unknown,undefined FUN_0067a8b0(void),false,,,,
0x0067A8D0,73,0x0067A925,FUN_0067a8d0,,,unclassified,0.00,unknown,undefined FUN_0067a8d0(void),false,,,,
0x0067AB60,128,0x0067ABDF,FUN_0067ab60,,,unclassified,0.00,unknown,undefined FUN_0067ab60(void),false,,,,
0x0067ABE0,348,0x0067AD3B,FUN_0067abe0,,,unclassified,0.00,unknown,undefined FUN_0067abe0(void),false,,,,
0x0067AD40,369,0x0067AEB0,FUN_0067ad40,,,unclassified,0.00,unknown,undefined FUN_0067ad40(void),false,,,,
0x0067AEC0,71,0x0067AF06,FUN_0067aec0,,,unclassified,0.00,unknown,undefined FUN_0067aec0(void),false,,,,
0x0067AF10,77,0x0067AF5C,FUN_0067af10,,,unclassified,0.00,unknown,undefined FUN_0067af10(void),false,,,,
0x0067AF60,12,0x0067AF6B,FUN_0067af60,,,unclassified,0.00,unknown,undefined FUN_0067af60(void),false,,,,
0x0067AF70,90,0x0067AFC9,FUN_0067af70,,,unclassified,0.00,unknown,undefined FUN_0067af70(void),false,,,,
0x0067AFD0,6,0x0067AFD5,D3DX9_33.DLL::D3DXVec2Hermite,,,unclassified,0.00,unknown,undefined D3DXVec2Hermite(void),true,,,,
0x0067AFD6,6,0x0067AFDB,D3DX9_33.DLL::D3DXVec2Normalize,,,unclassified,0.00,unknown,undefined D3DXVec2Normalize(void),true,,,,
0x0067AFDC,6,0x0067AFE1,D3DX9_33.DLL::D3DXCreateTexture,,,unclassified,0.00,unknown,undefined D3DXCreateTexture(void),true,,,,
0x0067AFE2,6,0x0067AFE7,D3DX9_33.DLL::D3DXCreateEffect,,,unclassified,0.00,unknown,undefined D3DXCreateEffect(void),true,,,,
0x0067AFE8,6,0x0067AFED,D3D9.DLL::Direct3DCreate9,,,unclassified,0.00,unknown,undefined Direct3DCreate9(void),true,,,,
0x0067AFEE,6,0x0067AFF3,WS2_32.DLL::Ordinal_9,,,unclassified,0.00,unknown,undefined Ordinal_9(void),true,,,,
0x0067AFF4,6,0x0067AFF9,WS2_32.DLL::Ordinal_11,,,unclassified,0.00,unknown,undefined Ordinal_11(void),true,,,,
0x0067AFFA,6,0x0067AFFF,WS2_32.DLL::Ordinal_23,,,unclassified,0.00,unknown,undefined Ordinal_23(void),true,,,,
0x0067B000,6,0x0067B005,WS2_32.DLL::Ordinal_17,,,unclassified,0.00,unknown,undefined Ordinal_17(void),true,,,,
0x0067B006,6,0x0067B00B,WS2_32.DLL::Ordinal_2,,,unclassified,0.00,unknown,undefined Ordinal_2(void),true,,,,
0x0067B00C,6,0x0067B011,WS2_32.DLL::Ordinal_3,,,unclassified,0.00,unknown,undefined Ordinal_3(void),true,,,,
0x0067B012,6,0x0067B017,WS2_32.DLL::Ordinal_20,,,unclassified,0.00,unknown,undefined Ordinal_20(void),true,,,,
0x0067B018,6,0x0067B01D,WS2_32.DLL::Ordinal_15,,,unclassified,0.00,unknown,undefined Ordinal_15(void),true,,,,
0x0067B01E,6,0x0067B023,WS2_32.DLL::Ordinal_8,,,unclassified,0.00,unknown,undefined Ordinal_8(void),true,,,,
0x0067B024,6,0x0067B029,WS2_32.DLL::Ordinal_52,,,unclassified,0.00,unknown,undefined Ordinal_52(void),true,,,,
0x0067B02A,5,0x0067B02E,_free,,,unclassified,0.00,__cdecl,void _free(void * _Memory),true,,,,
0x0067B02F,14,0x0067B03C,FUN_0067b02f,,,unclassified,0.00,unknown,undefined FUN_0067b02f(void),false,,,,
0x0067B03D,27,0x0067B058,FUN_0067b03d,,,unclassified,0.00,unknown,undefined FUN_0067b03d(void),false,,,,
0x0067B059,27,0x0067B073,type_info::operator==,,,unclassified,0.00,__thiscall,"bool operator==(type_info * this, type_info * param_1)",false,,,,
0x0067B074,42,0x0067B09D,__purecall,,,unclassified,0.00,unknown,undefined __purecall(void),false,,,,
0x0067B09E,43,0x0067B0C8,_JumpToContinuation,,,unclassified,0.00,__stdcall,"void _JumpToContinuation(void * param_1, EHRegistrationNode * param_2)",false,,,,
0x0067B0CE,7,0x0067B0D4,FID_conflict:_CallMemberFunction1,,,unclassified,0.00,unknown,undefined FID_conflict:_CallMemberFunction1(void),false,,,,
0x0067B0D5,82,0x0067B126,_UnwindNestedFrames,,,unclassified,0.00,__stdcall,"void _UnwindNestedFrames(EHRegistrationNode * param_1, EHExceptionRecord * param_2)",false,,,,
0x0067B127,54,0x0067B15C,FID_conflict:___CxxFrameHandler3,,,unclassified,0.00,unknown,undefined FID_conflict:___CxxFrameHandler3(void),false,,,,
0x0067B18D,213,0x0067B261,_CallSETranslator,,,unclassified,0.00,__cdecl,"int _CallSETranslator(EHExceptionRecord * param_1, EHRegistrationNode * param_2, void * param_3, void * param_4, _s_FuncInfo * param_5, int param_6, EHRegistrationNode * param_7)",false,,,,
0x0067B262,152,0x0067B2FE,TranslatorGuardHandler,,,unclassified,0.00,__cdecl,"_EXCEPTION_DISPOSITION TranslatorGuardHandler(EHExceptionRecord * param_1, TranslatorGuardRN * param_2, void * param_3, void * param_4)",false,,,,
0x0067B2FF,115,0x0067B371,_GetRangeOfTrysToCheck,,,unclassified,0.00,__cdecl,"_s_TryBlockMapEntry * _GetRangeOfTrysToCheck(_s_FuncInfo * param_1, int param_2, int param_3, uint * param_4, uint * param_5)",false,,,,
0x0067B372,40,0x0067B399,__CreateFrameInfo,,,unclassified,0.00,unknown,undefined __CreateFrameInfo(void),false,,,,
0x0067B39A,33,0x0067B3BA,__IsExceptionObjectToBeDestroyed,,,unclassified,0.00,unknown,undefined __IsExceptionObjectToBeDestroyed(void),false,,,,
0x0067B3BB,76,0x0067B406,__FindAndUnlinkFrame,,,unclassified,0.00,unknown,undefined __FindAndUnlinkFrame(void),false,,,,
0x0067B407,94,0x0067B464,_CallCatchBlock2,,,unclassified,0.00,__cdecl,"void * _CallCatchBlock2(EHRegistrationNode * param_1, _s_FuncInfo * param_2, void * param_3, int param_4, ulong param_5)",false,,,,
0x0067B465,15,0x0067B473,__security_check_cookie,,,unclassified,0.00,__fastcall,undefined __security_check_cookie(void),false,,,,
0x0067B474,1,0x0067B474,FUN_0067b474,,,unclassified,0.00,unknown,undefined FUN_0067b474(void),false,,,,
0x0067B475,96,0x0067B4D4,__cfltcvt_init,,,unclassified,0.00,unknown,undefined __cfltcvt_init(void),false,,,,
0x0067B4D5,30,0x0067B4F2,__fpmath,,,unclassified,0.00,__cdecl,void __fpmath(int param_1),false,,,,
0x0067B4F3,25,0x0067B50B,std::bad_alloc::bad_alloc,,,unclassified,0.00,__thiscall,undefined bad_alloc(bad_alloc * this),false,,,,
0x0067B50C,105,0x0067B574,operator_new,operator_new,runtime,library,0.00,__cdecl,void * operator_new(uint size),false,,docs/BATTLE.md verified VC8 allocation routine called by collision-list helpers,root,VC8 allocation runtime excluded from authored reconstruction progress
0x0067B576,123,0x0067B5F0,_memcpy_s,,,unclassified,0.00,__cdecl,"errno_t _memcpy_s(void * _Dst, rsize_t _DstSize, void * _Src, rsize_t _MaxCount)",false,,,,
0x0067B5F1,91,0x0067B64B,_memmove_s,,,unclassified,0.00,__cdecl,"errno_t _memmove_s(void * _Dst, rsize_t _DstSize, void * _Src, rsize_t _MaxCount)",false,,,,
0x0067B64C,17,0x0067B65C,FUN_0067b64c,,,unclassified,0.00,unknown,undefined FUN_0067b64c(void),false,,,,
0x0067B65D,78,0x0067B6AA,std::exception::exception,,,unclassified,0.00,__thiscall,"undefined exception(exception * this, char * * param_1)",false,,,,
0x0067B6AB,24,0x0067B6C2,std::exception::exception,,,unclassified,0.00,__thiscall,"undefined exception(exception * this, char * * param_1, int param_2)",false,,,,
0x0067B6C3,88,0x0067B71A,std::exception::exception,,,unclassified,0.00,__thiscall,"undefined exception(exception * this, exception * param_1)",false,,,,
0x0067B71B,21,0x0067B730,FUN_0067b71b,,,unclassified,0.00,unknown,undefined FUN_0067b71b(void),false,,,,
0x0067B731,13,0x0067B73D,FUN_0067b731,,,unclassified,0.00,unknown,undefined FUN_0067b731(void),false,,,,
0x0067B73E,27,0x0067B759,FUN_0067b73e,,,unclassified,0.00,unknown,undefined FUN_0067b73e(void),false,,,,
0x0067B75A,10,0x0067B763,FUN_0067b75a,,,unclassified,0.00,unknown,undefined FUN_0067b75a(void),false,,,,
0x0067B764,252,0x0067B85F,__invoke_watson,,,unclassified,0.00,__cdecl,"void __invoke_watson(wchar_t * param_1, wchar_t * param_2, wchar_t * param_3, uint param_4, uintptr_t param_5)",false,,,,
0x0067B860,36,0x0067B883,FUN_0067b860,,,unclassified,0.00,unknown,undefined FUN_0067b860(void),false,,,,
0x0067B884,16,0x0067B893,FUN_0067b884,,,unclassified,0.00,unknown,undefined FUN_0067b884(void),false,,,,
0x0067B894,74,0x0067B8DD,__CxxThrowException@8,,,unclassified,0.00,unknown,undefined __CxxThrowException@8(void),false,,,,
0x0067B8E0,145,0x0067B98A,_ftol2_sse,_ftol2_sse,runtime,library,0.00,__cdecl,int _ftol2_sse(void),false,,docs/BATTLE.md verified VC8 x87-to-int truncation runtime helper,root,Verified compiler runtime helper excluded from authored progress
0x0067B98B,50,0x0067B9E8,__ArrayUnwind,,,unclassified,0.00,__stdcall,"void __ArrayUnwind(void * param_1, uint param_2, int param_3, _func_void_void_ptr * param_4)",false,,,,
0x0067B9E9,75,0x0067BA33,`eh_vector_destructor_iterator',,,unclassified,0.00,__stdcall,"void `eh_vector_destructor_iterator'(void * param_1, uint param_2, int param_3, _func_void_void_ptr * param_4)",false,,,,
0x0067BA34,24,0x0067BA4B,FUN_0067ba34,,,unclassified,0.00,unknown,undefined FUN_0067ba34(void),false,,,,
0x0067BA4C,77,0x0067BA98,`eh_vector_constructor_iterator',,,unclassified,0.00,__stdcall,"void `eh_vector_constructor_iterator'(void * param_1, uint param_2, int param_3, _func_void_void_ptr * param_4, _func_void_void_ptr * param_5)",false,,,,
0x0067BA99,24,0x0067BAB0,FUN_0067ba99,,,unclassified,0.00,unknown,undefined FUN_0067ba99(void),false,,,,
0x0067BAC0,20,0x0067BAD3,FUN_0067bac0,,,unclassified,0.00,unknown,undefined FUN_0067bac0(void),false,,,,
0x0067BADD,157,0x0067BB79,FUN_0067badd,,,unclassified,0.00,unknown,undefined FUN_0067badd(void),false,,,,
0x0067BB80,122,0x0067BBF9,_memset,,,unclassified,0.00,__cdecl,"void * _memset(void * _Dst, int _Val, size_t _Size)",false,,,,
0x0067BC00,173,0x0067BCAC,_memchr,,,unclassified,0.00,__cdecl,"void * _memchr(void * _Buf, int _Val, size_t _MaxCount)",false,,,,
0x0067BCAD,130,0x0067BD2E,_LocaleUpdate::_LocaleUpdate,,,unclassified,0.00,__thiscall,"undefined _LocaleUpdate(_LocaleUpdate * this, localeinfo_struct * param_1)",false,,,,
0x0067BD2F,186,0x0067BDE8,__mbschr_l,,,unclassified,0.00,__cdecl,"uchar * __mbschr_l(uchar * _Str, uint _Ch, _locale_t _Locale)",false,,,,
0x0067BDE9,19,0x0067BDFB,__mbschr,,,unclassified,0.00,__cdecl,"uchar * __mbschr(uchar * _Str, uint _Ch)",false,,,,
0x0067BDFC,700,0x0067C0C0,FUN_0067bdfc,,,unclassified,0.00,unknown,undefined FUN_0067bdfc(void),false,,,,
0x0067C0C1,60,0x0067C0FC,__time64,,,unclassified,0.00,__cdecl,__time64_t __time64(__time64_t * _Time),false,,,,
0x0067C0FD,81,0x0067C14D,`eh_vector_copy_constructor_iterator',,,unclassified,0.00,__stdcall,"void `eh_vector_copy_constructor_iterator'(void * param_1, void * param_2, uint param_3, int param_4, _func_void_void_ptr_void_ptr * param_5, _func_void_void_ptr * param_6)",false,,,,
0x0067C14E,24,0x0067C165,FUN_0067c14e,,,unclassified,0.00,unknown,undefined FUN_0067c14e(void),false,,,,
0x0067C166,5,0x0067C16A,_free,,,unclassified,0.00,__cdecl,void _free(void * _Memory),true,,,,
0x0067C170,711,0x0067C4D4,_memcpy,,,unclassified,0.00,__cdecl,"void * _memcpy(void * _Dst, void * _Src, size_t _Size)",false,,,,
0x0067C4D5,101,0x0067C539,_strcpy_s,,,unclassified,0.00,__cdecl,"errno_t _strcpy_s(char * _Dst, rsize_t _SizeInBytes, char * _Src)",false,,,,
0x0067C53A,185,0x0067C5F2,FUN_0067c53a,,,unclassified,0.00,unknown,undefined FUN_0067c53a(void),false,,,,
0x0067C622,54,0x0067C657,__onexit,,,unclassified,0.00,__cdecl,_onexit_t __onexit(_onexit_t _Func),false,,,,
0x0067C658,6,0x0067C65D,FUN_0067c658,,,unclassified,0.00,unknown,undefined FUN_0067c658(void),false,,,,
0x0067C65E,18,0x0067C66F,_atexit,,,unclassified,0.00,__cdecl,int _atexit(_func_4879 * param_1),false,,,,
0x0067C670,53,0x0067C6A4,___ascii_stricmp,,,unclassified,0.00,__cdecl,"int ___ascii_stricmp(char * _Str1, char * _Str2)",false,,,,
0x0067C6A5,211,0x0067C777,__stricmp_l,,,unclassified,0.00,__cdecl,"int __stricmp_l(char * _Str1, char * _Str2, _locale_t _Locale)",false,,,,
0x0067C778,80,0x0067C7C7,__stricmp,,,unclassified,0.00,__cdecl,"int __stricmp(char * _Str1, char * _Str2)",false,,,,
0x0067C7C8,246,0x0067C8BD,__vswprintf_helper,,,unclassified,0.00,unknown,undefined __vswprintf_helper(void),false,,,,
0x0067C8BE,40,0x0067C8E5,FID_conflict:__vswprintf_p_l,,,unclassified,0.00,__cdecl,"int FID_conflict:__vswprintf_p_l(wchar_t * _DstBuf, size_t _MaxCount, wchar_t * _Format, _locale_t _Locale, va_list _ArgList)",false,,,,
0x0067C8E6,17,0x0067C8F6,_atol,,,unclassified,0.00,__cdecl,long _atol(char * _Str),false,,,,
0x0067C8F7,5,0x0067C8FB,_atol,,,unclassified,0.00,__cdecl,long _atol(char * _Str),true,,,,
0x0067C8FC,236,0x0067C9E7,_strtok_s,,,unclassified,0.00,__cdecl,"char * _strtok_s(char * _Str, char * _Delim, char * * _Context)",false,,,,
0x0067C9E8,179,0x0067CA9A,_strncpy_s,,,unclassified,0.00,__cdecl,"errno_t _strncpy_s(char * _Dst, rsize_t _SizeInBytes, char * _Src, rsize_t _MaxCount)",false,,,,
0x0067CA9B,28,0x0067CAB6,_sprintf_s,,,unclassified,0.00,__cdecl,"int _sprintf_s(char * _DstBuf, size_t _SizeInBytes, char * _Format, ...)",false,,,,
0x0067CAB7,169,0x0067CB5F,__atof_l,,,unclassified,0.00,__cdecl,"double __atof_l(char * _String, _locale_t _Locale)",false,,,,
0x0067CB60,14,0x0067CB6D,_atof,,,unclassified,0.00,__cdecl,double _atof(char * _String),false,,,,
0x0067CB6E,192,0x0067CC2D,__mbsrchr_l,,,unclassified,0.00,__cdecl,"uchar * __mbsrchr_l(uchar * _Str, uint _Ch, _locale_t _Locale)",false,,,,
0x0067CC2E,19,0x0067CC40,__mbsrchr,,,unclassified,0.00,__cdecl,"uchar * __mbsrchr(uchar * _Str, uint _Ch)",false,,,,
0x0067CC50,494,0x0068520E,FUN_0067cc50,,,unclassified,0.00,unknown,undefined FUN_0067cc50(void),false,,,,
0x0067CDB0,79,0x0067CDFE,FUN_0067cdb0,,,unclassified,0.00,unknown,undefined FUN_0067cdb0(void),false,,,,
0x0067CDFF,9,0x0067CE07,FUN_0067cdff,,,unclassified,0.00,unknown,undefined FUN_0067cdff(void),false,,,,
0x0067CE08,145,0x0067CE98,FUN_0067ce08,,,unclassified,0.00,unknown,undefined FUN_0067ce08(void),false,,,,
0x0067CEA0,45,0x0067CECC,_strrchr,,,unclassified,0.00,__cdecl,"char * _strrchr(char * _Str, int _Ch)",false,,,,
0x0067CECD,36,0x0067CEF0,fast_error_exit,,,unclassified,0.00,__cdecl,undefined fast_error_exit(void),false,,,,
0x0067CEF1,65,0x0067CF31,check_managed_app,,,unclassified,0.00,__cdecl,undefined check_managed_app(void),false,,,,
0x0067CF32,420,0x0067D111,___tmainCRTStartup,,,unclassified,0.00,unknown,undefined ___tmainCRTStartup(void),false,,,,
0x0067D112,10,0x0067D11B,entry,,,unclassified,0.00,unknown,undefined entry(void),false,,,,
0x0067D130,195,0x0067D1ED,_strchr,,,unclassified,0.00,__cdecl,"char * _strchr(char * _Str, int _Val)",false,,,,
0x0067D1EE,182,0x0067D2A3,_fabs,,,unclassified,0.00,__cdecl,double _fabs(double _X),false,,,,
0x0067D2B0,10,0x0067D2B9,FUN_0067d2b0,,,unclassified,0.00,unknown,undefined FUN_0067d2b0(void),false,,,,
0x0067D2D0,63,0x0067D30E,FUN_0067d2d0,,,unclassified,0.00,unknown,undefined FUN_0067d2d0(void),false,,,,
0x0067D35F,154,0x0067D3F8,FUN_0067d35f,,,unclassified,0.00,unknown,undefined FUN_0067d35f(void),false,,,,
0x0067D3F9,106,0x0067D462,__controlfp_s,,,unclassified,0.00,__cdecl,"errno_t __controlfp_s(uint * _CurrentState, uint _NewValue, uint _Mask)",false,,,,
0x0067D463,113,0x0067D4D3,_strcat_s,,,unclassified,0.00,__cdecl,"errno_t _strcat_s(char * _Dst, rsize_t _SizeInBytes, char * _Src)",false,,,,
0x0067D4D4,509,0x0067D6D0,FUN_0067d4d4,,,unclassified,0.00,unknown,undefined FUN_0067d4d4(void),false,,,,
0x0067D6E0,10,0x0067D6E9,FUN_0067d6e0,,,unclassified,0.00,unknown,undefined FUN_0067d6e0(void),false,,,,
0x0067D760,84,0x0067D7B3,FUN_0067d760,,,unclassified,0.00,unknown,undefined FUN_0067d760(void),false,,,,
0x0067D7BD,453,0x0067D981,FUN_0067d7bd,,,unclassified,0.00,unknown,undefined FUN_0067d7bd(void),false,,,,
0x0067D982,40,0x0067D9A9,FUN_0067d982,,,unclassified,0.00,unknown,undefined FUN_0067d982(void),false,,,,
0x0067D9B0,256,0x0067DAFF,FUN_0067d9b0,,,unclassified,0.00,unknown,undefined FUN_0067d9b0(void),false,,,,
0x0067DB00,22,0x0067DB15,FUN_0067db00,,,unclassified,0.00,unknown,undefined FUN_0067db00(void),false,,,,
0x0067DB20,139,0x0067DBAA,_strlen,,,unclassified,0.00,__cdecl,size_t _strlen(char * _Str),false,,,,
0x0067DBAB,51,0x0067DBDD,__EH_prolog3,,,unclassified,0.00,unknown,undefined __EH_prolog3(void),false,,,,
0x0067DBDE,54,0x0067DC13,__EH_prolog3_catch,,,unclassified,0.00,unknown,undefined __EH_prolog3_catch(void),false,,,,
0x0067DC14,70,0x0067DC59,_V6_HeapAlloc,,,unclassified,0.00,unknown,undefined _V6_HeapAlloc(void),false,,,,
0x0067DC5A,9,0x0067DC62,FUN_0067dc5a,,,unclassified,0.00,unknown,undefined FUN_0067dc5a(void),false,,,,
0x0067DC63,195,0x0067DD25,_malloc,,,unclassified,0.00,__cdecl,void * _malloc(size_t _Size),false,,,,
0x0067DD26,133,0x0067DDB3,_free,,,unclassified,0.00,__cdecl,void _free(void * _Memory),false,,,,
0x0067DD7C,9,0x0067DD84,FUN_0067dd7c,,,unclassified,0.00,unknown,undefined FUN_0067dd7c(void),false,,,,
0x0067DDB4,272,0x0067DED1,__calloc_impl,,,unclassified,0.00,unknown,undefined __calloc_impl(void),false,,,,
0x0067DEB0,9,0x0067DEB8,FUN_0067deb0,,,unclassified,0.00,unknown,undefined FUN_0067deb0(void),false,,,,
0x0067DED2,63,0x0067DF10,_calloc,,,unclassified,0.00,__cdecl,"void * _calloc(size_t _Count, size_t _Size)",false,,,,
0x0067DF11,59,0x0067DF4B,FUN_0067df11,,,unclassified,0.00,unknown,undefined FUN_0067df11(void),false,,,,
0x0067DF4C,19,0x0067DF5E,FUN_0067df4c,,,unclassified,0.00,unknown,undefined FUN_0067df4c(void),false,,,,
0x0067DF5F,19,0x0067DF71,FUN_0067df5f,,,unclassified,0.00,unknown,undefined FUN_0067df5f(void),false,,,,
0x0067DF72,30,0x0067DF8F,FUN_0067df72,,,unclassified,0.00,unknown,undefined FUN_0067df72(void),false,,,,
0x0067DF90,170,0x0067E039,__alldiv,,,unclassified,0.00,unknown,undefined __alldiv(void),false,,,,
0x0067E03A,518,0x0067E254,FUN_0067e03a,,,unclassified,0.00,unknown,undefined FUN_0067e03a(void),false,,,,
0x0067E17E,9,0x0067E186,FUN_0067e17e,,,unclassified,0.00,unknown,undefined FUN_0067e17e(void),false,,,,
0x0067E255,121,0x0067E2CD,FUN_0067e255,,,unclassified,0.00,unknown,undefined FUN_0067e255(void),false,,,,
0x0067E3C0,289,0x0067E4E0,FUN_0067e3c0,,,unclassified,0.00,unknown,undefined FUN_0067e3c0(void),false,,,,
0x0067E4F0,39,0x0067E516,__ftol,,,unclassified,0.00,unknown,undefined __ftol(void),false,,,,
0x0067E520,52,0x0067E553,__allmul,,,unclassified,0.00,unknown,undefined __allmul(void),false,,,,
0x0067E560,43,0x0067E58A,__alloca_probe,,,unclassified,0.00,unknown,undefined __alloca_probe(void),false,,,,
0x0067E590,711,0x0067E8F4,_memmove,,,unclassified,0.00,__cdecl,"void * _memmove(void * _Dst, void * _Src, size_t _Size)",false,,,,
0x0067E900,33,0x0067E920,__allshr,,,unclassified,0.00,unknown,undefined __allshr(void),false,,,,
0x0067E930,40,0x0067E957,swap,,,unclassified,0.00,__cdecl,undefined swap(void),false,,,,
0x0067E960,132,0x0067E9E6,shortsort,,,unclassified,0.00,__cdecl,undefined shortsort(void),false,,,,
0x0067E9F0,676,0x0067EC96,_qsort,,,unclassified,0.00,__cdecl,"void _qsort(void * _Base, size_t _NumOfElements, size_t _SizeOfElements, _PtFuncCompare * _PtFuncCompare)",false,,,,
0x0067EC97,430,0x0067EE44,_ldexp,,,unclassified,0.00,__cdecl,"double _ldexp(double _X, int _Y)",false,,,,
0x0067EE45,36,0x0067EE68,__amsg_exit,,,unclassified,0.00,__cdecl,void __amsg_exit(int param_1),false,,,,
0x0067EE69,38,0x0067EE8E,FUN_0067ee69,,,unclassified,0.00,unknown,undefined FUN_0067ee69(void),false,,,,
0x0067EE8F,20,0x0067EEA2,___crtExitProcess,,,unclassified,0.00,__cdecl,void ___crtExitProcess(int param_1),false,,,,
0x0067EEA4,9,0x0067EEAC,FUN_0067eea4,,,unclassified,0.00,unknown,undefined FUN_0067eea4(void),false,,,,
0x0067EEAD,9,0x0067EEB5,FUN_0067eead,,,unclassified,0.00,unknown,undefined FUN_0067eead(void),false,,,,
0x0067EEB6,24,0x0067EECD,FUN_0067eeb6,,,unclassified,0.00,unknown,undefined FUN_0067eeb6(void),false,,,,
0x0067EECE,32,0x0067EEED,__initterm_e,,,unclassified,0.00,unknown,undefined __initterm_e(void),false,,,,
0x0067EEEE,55,0x0067EF24,__get_osplatform,,,unclassified,0.00,unknown,undefined __get_osplatform(void),false,,,,
0x0067EF25,60,0x0067EF60,__get_winmajor,,,unclassified,0.00,unknown,undefined __get_winmajor(void),false,,,,
0x0067EF61,146,0x0067EFF2,__cinit,,,unclassified,0.00,__cdecl,int __cinit(int param_1),false,,,,
0x0067EFF3,211,0x0067F0D4,FUN_0067eff3,,,unclassified,0.00,unknown,undefined FUN_0067eff3(void),false,,,,
0x0067F0C0,15,0x0067F0CE,FUN_0067f0c0,,,unclassified,0.00,unknown,undefined FUN_0067f0c0(void),false,,,,
0x0067F0D5,17,0x0067F0E5,_exit,,,unclassified,0.00,__cdecl,void _exit(int _Code),false,,,,
0x0067F0E6,17,0x0067F0F6,__exit,,,unclassified,0.00,unknown,undefined __exit(void),false,,,,
0x0067F0F7,15,0x0067F105,__cexit,,,unclassified,0.00,__cdecl,void __cexit(void),false,,,,
0x0067F115,76,0x0067F160,__init_pointers,,,unclassified,0.00,__cdecl,void __init_pointers(void),false,,,,
0x0067F161,218,0x0067F23A,_frexp,,,unclassified,0.00,__cdecl,"double _frexp(double _X, int * _Y)",false,,,,
0x0067F386,97,0x0067F3EC,FUN_0067f386,,,unclassified,0.00,unknown,undefined FUN_0067f386(void),false,,,,
0x0067F3ED,9,0x0067F3F5,FUN_0067f3ed,,,unclassified,0.00,unknown,undefined FUN_0067f3ed(void),false,,,,
0x0067F400,135,0x0067F487,_strcmp,,,unclassified,0.00,__cdecl,"int _strcmp(char * _Str1, char * _Str2)",false,,,,
0x0067F488,243,0x0067F57A,_abort,,,unclassified,0.00,__cdecl,void _abort(void),false,,,,
0x0067F57B,30,0x0067F598,__set_abort_behavior,,,unclassified,0.00,__cdecl,"uint __set_abort_behavior(uint _Flags, uint _Mask)",false,,,,
0x0067F599,399,0x0067F738,FUN_0067f599,,,unclassified,0.00,unknown,undefined FUN_0067f599(void),false,,,,
0x0067F739,57,0x0067F771,__FF_MSGBANNER,,,unclassified,0.00,__cdecl,void __FF_MSGBANNER(void),false,,,,
0x0067F772,108,0x0067F7DD,FUN_0067f772,,,unclassified,0.00,unknown,undefined FUN_0067f772(void),false,,,,
0x0067F7DE,110,0x0067F84B,FUN_0067f7de,,,unclassified,0.00,unknown,undefined FUN_0067f7de(void),false,,,,
0x0067F84C,9,0x0067F854,__encoded_null,,,unclassified,0.00,unknown,undefined __encoded_null(void),false,,,,
0x0067F855,110,0x0067F8C2,FUN_0067f855,,,unclassified,0.00,unknown,undefined FUN_0067f855(void),false,,,,
0x0067F8CC,50,0x0067F8FD,FUN_0067f8cc,,,unclassified,0.00,unknown,undefined FUN_0067f8cc(void),false,,,,
0x0067F8FE,61,0x0067F93A,__mtterm,,,unclassified,0.00,__cdecl,void __mtterm(void),false,,,,
0x0067F93B,182,0x0067F9F0,FUN_0067f93b,,,unclassified,0.00,unknown,undefined FUN_0067f93b(void),false,,,,
0x0067F9F1,9,0x0067F9F9,FUN_0067f9f1,,,unclassified,0.00,unknown,undefined FUN_0067f9f1(void),false,,,,
0x0067F9FA,116,0x0067FA70,FUN_0067f9fa,,,unclassified,0.00,unknown,undefined FUN_0067f9fa(void),false,,,,
0x0067FA71,24,0x0067FA88,__getptd,,,unclassified,0.00,__cdecl,_ptiddata __getptd(void),false,,,,
0x0067FB95,9,0x0067FB9D,FUN_0067fb95,,,unclassified,0.00,unknown,undefined FUN_0067fb95(void),false,,,,
0x0067FBA1,9,0x0067FBA9,FUN_0067fba1,,,unclassified,0.00,unknown,undefined FUN_0067fba1(void),false,,,,
0x0067FBAA,388,0x0067FD2D,__mtinit,,,unclassified,0.00,__cdecl,int __mtinit(void),false,,,,
0x0067FD2E,10,0x0067FD37,FUN_0067fd2e,,,unclassified,0.00,unknown,undefined FUN_0067fd2e(void),false,,,,
0x0067FD43,33,0x0067FD64,FUN_0067fd43,,,unclassified,0.00,unknown,undefined FUN_0067fd43(void),false,,,,
0x0067FD65,92,0x0067FDC0,___TypeMatch,,,unclassified,0.00,unknown,undefined ___TypeMatch(void),false,,,,
0x0067FE05,166,0x0067FEC4,___FrameUnwindToState,,,unclassified,0.00,unknown,undefined ___FrameUnwindToState(void),false,,,,
0x0067FECB,27,0x0067FEE5,FUN_0067fecb,,,unclassified,0.00,unknown,undefined FUN_0067fecb(void),false,,,,
0x0067FF2B,67,0x0067FF6D,___DestructExceptionObject,,,unclassified,0.00,unknown,undefined ___DestructExceptionObject(void),false,,,,
0x0067FF7F,37,0x0067FFA3,___AdjustPointer,,,unclassified,0.00,unknown,undefined ___AdjustPointer(void),false,,,,
0x0067FFA4,121,0x0068001C,IsInExceptionSpec,,,unclassified,0.00,__cdecl,"uchar IsInExceptionSpec(EHExceptionRecord * param_1, _s_ESTypeList * param_2)",false,,,,
0x0068001D,49,0x0068004D,CallUnexpected,,,unclassified,0.00,__cdecl,void CallUnexpected(_s_ESTypeList * param_1),false,,,,
0x0068004E,23,0x00680064,Catch_All@0068004e,,,unclassified,0.00,unknown,undefined Catch_All@0068004e(void),false,,,,
0x00680066,172,0x00680180,CallCatchBlock,,,unclassified,0.00,__cdecl,"void * CallCatchBlock(EHExceptionRecord * param_1, EHRegistrationNode * param_2, _CONTEXT * param_3, _s_FuncInfo * param_4, void * param_5, int param_6, ulong param_7)",false,,,,
0x0068018C,118,0x00680201,FUN_0068018c,,,unclassified,0.00,unknown,undefined FUN_0068018c(void),false,,,,
0x00680202,371,0x00680380,___BuildCatchObjectHelper,,,unclassified,0.00,unknown,undefined ___BuildCatchObjectHelper(void),false,,,,
0x00680381,133,0x00680405,___BuildCatchObject,,,unclassified,0.00,unknown,undefined ___BuildCatchObject(void),false,,,,
0x00680412,108,0x0068047D,CatchIt,,,unclassified,0.00,__cdecl,"void CatchIt(EHExceptionRecord * param_1, EHRegistrationNode * param_2, _CONTEXT * param_3, void * param_4, _s_FuncInfo * param_5, _s_HandlerType * param_6, _s_CatchableType * param_7, _s_TryBlockMapEntry * param_8, int param_9, EHRegistrationNode * param_10, uchar param_11)",false,,,,
0x0068047E,242,0x0068056F,FindHandlerForForeignException,,,unclassified,0.00,__cdecl,"void FindHandlerForForeignException(EHExceptionRecord * param_1, EHRegistrationNode * param_2, _CONTEXT * param_3, void * param_4, _s_FuncInfo * param_5, int param_6, int param_7, EHRegistrationNode * param_8)",false,,,,
0x00680570,854,0x006808C5,FindHandler,,,unclassified,0.00,__cdecl,"void FindHandler(EHExceptionRecord * param_1, EHRegistrationNode * param_2, _CONTEXT * param_3, void * param_4, _s_FuncInfo * param_5, uchar param_6, int param_7, EHRegistrationNode * param_8)",false,,,,
0x006808DE,228,0x006809C1,___InternalCxxFrameHandler,,,unclassified,0.00,unknown,undefined ___InternalCxxFrameHandler(void),false,,,,
0x006809C2,44,0x006809F4,terminate,,,unclassified,0.00,__cdecl,void terminate(void),false,,,,
0x006809FB,19,0x00680A0D,unexpected,,,unclassified,0.00,__cdecl,void unexpected(void),false,,,,
0x00680A0E,48,0x00680A44,_inconsistency,,,unclassified,0.00,__cdecl,void _inconsistency(void),false,,,,
0x00680A45,17,0x00680A55,__initp_eh_hooks,,,unclassified,0.00,unknown,undefined __initp_eh_hooks(void),false,,,,
0x00680A60,76,0x00680AAB,__CallSettingFrame@12,,,unclassified,0.00,unknown,undefined __CallSettingFrame@12(void),false,,,,
0x00680AAC,260,0x00680BAF,___report_gsfailure,,,unclassified,0.00,__cdecl,void ___report_gsfailure(void),false,,,,
0x00680BB0,113,0x00680C20,__forcdecpt_l,,,unclassified,0.00,__cdecl,"void __forcdecpt_l(char * _Buf, _locale_t _Locale)",false,,,,
0x00680C21,128,0x00680CA0,__cropzeros_l,,,unclassified,0.00,__cdecl,"void __cropzeros_l(char * _Buf, _locale_t _Locale)",false,,,,
0x00680CB7,64,0x00680CF6,__fassign_l,,,unclassified,0.00,__cdecl,"void __fassign_l(int flag, char * argument, char * number, _locale_t param_4)",false,,,,
0x00680D0E,29,0x00680D2A,__shift,,,unclassified,0.00,unknown,undefined __shift(void),false,,,,
0x00680D47,362,0x00680EB3,__cftoe2_l,,,unclassified,0.00,unknown,undefined __cftoe2_l(void),false,,,,
0x00680EB4,206,0x00680F81,__cftoe_l,,,unclassified,0.00,unknown,undefined __cftoe_l(void),false,,,,
0x00680F82,30,0x00680F9F,__cftoe,,,unclassified,0.00,__cdecl,"errno_t __cftoe(double * _Value, char * _Buf, size_t _SizeInBytes, int _Dec, int _Caps)",false,,,,
0x00680FA0,881,0x00681310,__cftoa_l,,,unclassified,0.00,unknown,undefined __cftoa_l(void),false,,,,
0x00681311,245,0x00681405,__cftof2_l,,,unclassified,0.00,unknown,undefined __cftof2_l(void),false,,,,
0x00681406,185,0x006814BE,__cftof_l,,,unclassified,0.00,unknown,undefined __cftof_l(void),false,,,,
0x006814BF,248,0x006815B6,__cftog_l,,,unclassified,0.00,unknown,undefined __cftog_l(void),false,,,,
0x006815B7,134,0x0068163C,__cfltcvt_l,,,unclassified,0.00,__cdecl,"errno_t __cfltcvt_l(double * arg, char * buffer, size_t sizeInBytes, int format, int precision, int caps, _locale_t plocinfo)",false,,,,
0x0068163D,33,0x0068165D,__cfltcvt,,,unclassified,0.00,__cdecl,"errno_t __cfltcvt(double * arg, char * buffer, size_t sizeInBytes, int format, int precision, int caps)",false,,,,
0x0068165E,31,0x0068167C,__initp_misc_cfltcvt_tab,,,unclassified,0.00,unknown,undefined __initp_misc_cfltcvt_tab(void),false,,,,
0x0068167D,38,0x006816A5,__setdefaultprecision,,,unclassified,0.00,unknown,undefined __setdefaultprecision(void),false,,,,
0x006816A6,60,0x006816E1,__ms_p5_test_fdiv,,,unclassified,0.00,unknown,undefined __ms_p5_test_fdiv(void),false,,,,
0x006816E2,41,0x0068170A,__ms_p5_mp_test_fdiv,,,unclassified,0.00,unknown,undefined __ms_p5_mp_test_fdiv(void),false,,,,
0x0068170B,10,0x00681714,FUN_0068170b,,,unclassified,0.00,unknown,undefined FUN_0068170b(void),false,,,,
0x00681715,34,0x00681736,__callnewh,,,unclassified,0.00,__cdecl,int __callnewh(size_t _Size),false,,,,
0x00681737,8,0x0068173E,FUN_00681737,,,unclassified,0.00,unknown,undefined FUN_00681737(void),false,,,,
0x00681754,69,0x00681798,__SEH_prolog4,,,unclassified,0.00,unknown,undefined __SEH_prolog4(void),false,,,,
0x00681799,20,0x006817AC,__SEH_epilog4,,,unclassified,0.00,unknown,undefined __SEH_epilog4(void),false,,,,
0x006817B0,406,0x00681945,__except_handler4,,,unclassified,0.00,unknown,undefined __except_handler4(void),false,,,,
0x00681950,103,0x006819B6,__trandisp1,,,unclassified,0.00,unknown,undefined __trandisp1(void),false,,,,
0x006819B7,140,0x00681A42,__trandisp2,,,unclassified,0.00,unknown,undefined __trandisp2(void),false,,,,
0x00681B13,7,0x00681B19,FUN_00681b13,,,unclassified,0.00,unknown,undefined FUN_00681b13(void),false,,,,
0x00681B20,23,0x00681B36,FUN_00681b20,,,unclassified,0.00,unknown,undefined FUN_00681b20(void),false,,,,
0x00681B37,60,0x00681B72,__startOneArgErrorHandling,,,unclassified,0.00,unknown,undefined __startOneArgErrorHandling(void),false,,,,
0x00681B80,21,0x00681B94,FUN_00681b80,,,unclassified,0.00,unknown,undefined FUN_00681b80(void),false,,,,
0x00681B95,23,0x00681BAB,FUN_00681b95,,,unclassified,0.00,unknown,undefined FUN_00681b95(void),false,,,,
0x00681BAC,25,0x00681BC4,FUN_00681bac,,,unclassified,0.00,unknown,undefined FUN_00681bac(void),false,,,,
0x00681BC5,67,0x00681C07,__fload_withFB,,,unclassified,0.00,unknown,undefined __fload_withFB(void),false,,,,
0x00681C08,22,0x00681C1D,FUN_00681c08,,,unclassified,0.00,unknown,undefined FUN_00681c08(void),false,,,,
0x00681C1E,13,0x00681C2A,FUN_00681c1e,,,unclassified,0.00,unknown,undefined FUN_00681c1e(void),false,,,,
0x00681C2B,42,0x00681C54,__math_exit,,,unclassified,0.00,unknown,undefined __math_exit(void),false,,,,
0x00681C69,163,0x00681D0B,FUN_00681c69,,,unclassified,0.00,unknown,undefined FUN_00681c69(void),false,,,,
0x00681D0C,79,0x00681D62,fastzero_I,,,unclassified,0.00,__cdecl,undefined fastzero_I(void),false,,,,
0x00681D63,143,0x00681DF1,__VEC_memzero,,,unclassified,0.00,unknown,undefined __VEC_memzero(void),false,,,,
0x00681DF2,47,0x00681E20,FUN_00681df2,,,unclassified,0.00,unknown,undefined FUN_00681df2(void),false,,,,
0x00681E21,85,0x00681E75,setSBCS,,,unclassified,0.00,__cdecl,void setSBCS(threadmbcinfostruct * param_1),false,,,,
0x00681E76,394,0x00681FFF,setSBUpLow,,,unclassified,0.00,__cdecl,void setSBUpLow(threadmbcinfostruct * param_1),false,,,,
0x00682000,151,0x00682097,FUN_00682000,,,unclassified,0.00,unknown,undefined FUN_00682000(void),false,,,,
0x0068209B,9,0x006820A3,FUN_0068209b,,,unclassified,0.00,unknown,undefined FUN_0068209b(void),false,,,,
0x006820A4,122,0x0068211D,getSystemCP,,,unclassified,0.00,__cdecl,int getSystemCP(int param_1),false,,,,
0x0068211E,473,0x006822F6,FUN_0068211e,,,unclassified,0.00,unknown,undefined FUN_0068211e(void),false,,,,
0x006822F7,396,0x00682490,FUN_006822f7,,,unclassified,0.00,unknown,undefined FUN_006822f7(void),false,,,,
0x00682458,9,0x00682460,FUN_00682458,,,unclassified,0.00,unknown,undefined FUN_00682458(void),false,,,,
0x00682491,30,0x006824AE,___initmbctable,,,unclassified,0.00,unknown,undefined ___initmbctable(void),false,,,,
0x006824AF,224,0x006825E8,FUN_006824af,,,unclassified,0.00,unknown,undefined FUN_006824af(void),false,,,,
0x006825EF,134,0x00682674,___addlocaleref,,,unclassified,0.00,unknown,undefined ___addlocaleref(void),false,,,,
0x00682675,140,0x00682700,___removelocaleref,,,unclassified,0.00,unknown,undefined ___removelocaleref(void),false,,,,
0x00682701,62,0x0068273E,__updatetlocinfoEx_nolock,,,unclassified,0.00,unknown,undefined __updatetlocinfoEx_nolock(void),false,,,,
0x0068273F,106,0x006827A8,___updatetlocinfo,,,unclassified,0.00,__cdecl,pthreadlocinfo ___updatetlocinfo(void),false,,,,
0x006827A9,12,0x006827B4,FUN_006827a9,,,unclassified,0.00,unknown,undefined FUN_006827a9(void),false,,,,
0x006827B5,794,0x00682AFD,FUN_006827b5,,,unclassified,0.00,unknown,undefined FUN_006827b5(void),false,,,,
0x00682A64,9,0x00682A6C,FUN_00682a64,,,unclassified,0.00,unknown,undefined FUN_00682a64(void),false,,,,
0x00682AFE,498,0x00682CF2,cvtdate,,,unclassified,0.00,__cdecl,undefined cvtdate(void),false,,,,
0x00682CF3,427,0x00682EA0,__isindst_nolock,,,unclassified,0.00,unknown,undefined __isindst_nolock(void),false,,,,
0x00682EA1,70,0x00682EE6,___tzset,,,unclassified,0.00,__cdecl,void ___tzset(void),false,,,,
0x00682EE7,9,0x00682EEF,FUN_00682ee7,,,unclassified,0.00,unknown,undefined FUN_00682ee7(void),false,,,,
0x00682EF0,56,0x00682F27,__isindst,,,unclassified,0.00,__cdecl,int __isindst(tm * _Time),false,,,,
0x00682F28,9,0x00682F30,FUN_00682f28,,,unclassified,0.00,unknown,undefined FUN_00682f28(void),false,,,,
0x00682F31,572,0x0068316C,__gmtime64_s,,,unclassified,0.00,__cdecl,"errno_t __gmtime64_s(tm * _Tm, __time64_t * _Time)",false,,,,
0x0068316D,52,0x006831A0,__get_daylight,,,unclassified,0.00,__cdecl,errno_t __get_daylight(int * _Daylight),false,,,,
0x006831A1,52,0x006831D4,__get_dstbias,,,unclassified,0.00,__cdecl,errno_t __get_dstbias(long * _Daylight_savings_bias),false,,,,
0x006831D5,52,0x00683208,FUN_006831d5,,,unclassified,0.00,unknown,undefined FUN_006831d5(void),false,,,,
0x00683209,6,0x0068320E,FUN_00683209,,,unclassified,0.00,unknown,undefined FUN_00683209(void),false,,,,
0x0068320F,6,0x00683214,FUN_0068320f,,,unclassified,0.00,unknown,undefined FUN_0068320f(void),false,,,,
0x00683215,6,0x0068321A,FUN_00683215,,,unclassified,0.00,unknown,undefined FUN_00683215(void),false,,,,
0x0068321B,6,0x00683220,FUN_0068321b,,,unclassified,0.00,unknown,undefined FUN_0068321b(void),false,,,,
0x00683230,178,0x006832E1,__allrem,,,unclassified,0.00,unknown,undefined __allrem(void),false,,,,
0x006832F0,104,0x00683357,__aulldiv,,,unclassified,0.00,unknown,undefined __aulldiv(void),false,,,,
0x00683358,129,0x006833DE,FUN_00683358,,,unclassified,0.00,unknown,undefined FUN_00683358(void),false,,,,
0x006833DF,227,0x006834C1,__VEC_memcpy,,,unclassified,0.00,unknown,undefined __VEC_memcpy(void),false,,,,
0x006834C2,64,0x00683501,__malloc_crt,,,unclassified,0.00,__cdecl,void * __malloc_crt(size_t _Size),false,,,,
0x00683502,72,0x00683549,__calloc_crt,,,unclassified,0.00,__cdecl,"void * __calloc_crt(size_t _Count, size_t _Size)",false,,,,
0x0068354A,75,0x00683594,__realloc_crt,,,unclassified,0.00,__cdecl,"void * __realloc_crt(void * _Ptr, size_t _NewSize)",false,,,,
0x00683595,80,0x006835E4,__recalloc_crt,,,unclassified,0.00,__cdecl,"void * __recalloc_crt(void * _Ptr, size_t _Count, size_t _Size)",false,,,,
0x006835E5,146,0x00683676,__msize,,,unclassified,0.00,__cdecl,size_t __msize(void * _Memory),false,,,,
0x0068367F,9,0x00683687,FUN_0068367f,,,unclassified,0.00,unknown,undefined FUN_0068367f(void),false,,,,
0x00683688,279,0x0068379E,__tolower_l,,,unclassified,0.00,__cdecl,"int __tolower_l(int _C, _locale_t _Locale)",false,,,,
0x0068379F,39,0x006837C5,_tolower,,,unclassified,0.00,__cdecl,int _tolower(int _C),false,,,,
0x006837C6,352,0x00683925,__flsbuf,,,unclassified,0.00,__cdecl,"int __flsbuf(int _Ch, FILE * _File)",false,,,,
0x00683926,37,0x0068394A,write_char,,,unclassified,0.00,__cdecl,undefined write_char(void),false,,,,
0x0068394B,37,0x0068396F,write_multi_char,,,unclassified,0.00,__cdecl,undefined write_multi_char(void),false,,,,
0x00683970,79,0x006839BE,write_string,,,unclassified,0.00,__cdecl,undefined write_string(void),false,,,,
0x006842CF,555,0x006844F9,strtoxl,,,unclassified,0.00,__cdecl,"ulong strtoxl(localeinfo_struct * param_1, char * param_2, char * * param_3, int param_4, int param_5)",false,,,,
0x006844FA,41,0x00684522,_strtol,,,unclassified,0.00,__cdecl,"long _strtol(char * _Str, char * * _EndPtr, int _Radix)",false,,,,
0x00684523,202,0x006845EC,__vsnprintf_helper,,,unclassified,0.00,unknown,undefined __vsnprintf_helper(void),false,,,,
0x006845ED,134,0x00684672,__vsprintf_s_l,,,unclassified,0.00,__cdecl,"int __vsprintf_s_l(char * _DstBuf, size_t _DstSize, char * _Format, _locale_t _Locale, va_list _ArgList)",false,,,,
0x00684673,165,0x00684717,__fltin2,,,unclassified,0.00,__cdecl,"FLT __fltin2(FLT _Flt, char * _Str, _locale_t _Locale)",false,,,,
0x00684718,182,0x006847CD,__isctype_l,,,unclassified,0.00,__cdecl,"int __isctype_l(int _C, int _Type, _locale_t _Locale)",false,,,,
0x006847CE,1680,0x00684E5D,FUN_006847ce,,,unclassified,0.00,unknown,undefined FUN_006847ce(void),false,,,,
0x00684E8E,634,0x00685107,___libm_error_support,,,unclassified,0.00,unknown,undefined ___libm_error_support(void),false,,,,
0x00685210,24,0x00685227,FUN_00685210,,,unclassified,0.00,unknown,undefined FUN_00685210(void),false,,,,
0x0068522E,425,0x006853D6,FUN_0068522e,,,unclassified,0.00,unknown,undefined FUN_0068522e(void),false,,,,
0x006853D8,61,0x00685414,FUN_006853d8,,,unclassified,0.00,unknown,undefined FUN_006853d8(void),false,,,,
0x00685423,350,0x00685580,FUN_00685423,,,unclassified,0.00,unknown,undefined FUN_00685423(void),false,,,,
0x00685581,93,0x006855DD,__wincmdln,,,unclassified,0.00,unknown,undefined __wincmdln(void),false,,,,
0x006855DE,183,0x006856AD,FUN_006855de,,,unclassified,0.00,unknown,undefined FUN_006855de(void),false,,,,
0x006856B9,408,0x00685850,parse_cmdline,,,unclassified,0.00,__cdecl,undefined parse_cmdline(void),false,,,,
0x00685851,185,0x00685909,__setargv,,,unclassified,0.00,__cdecl,int __setargv(void),false,,,,
0x0068590A,304,0x00685A3E,FUN_0068590a,,,unclassified,0.00,unknown,undefined FUN_0068590a(void),false,,,,
0x00685A3F,562,0x00685C7E,__ioinit,,,unclassified,0.00,__cdecl,int __ioinit(void),false,,,,
0x00685C7F,36,0x00685CA2,__RTC_Initialize,,,unclassified,0.00,unknown,undefined __RTC_Initialize(void),false,,,,
0x00685CC7,85,0x00685D21,___heap_select,,,unclassified,0.00,unknown,undefined ___heap_select(void),false,,,,
0x00685D22,90,0x00685D7B,__heap_init,,,unclassified,0.00,__cdecl,int __heap_init(void),false,,,,
0x00685D7C,148,0x00685E0F,___security_init_cookie,,,unclassified,0.00,__cdecl,void ___security_init_cookie(void),false,,,,
0x00685E10,730,0x006860E9,__raise_exc_ex,,,unclassified,0.00,unknown,undefined __raise_exc_ex(void),false,,,,
0x006860EA,33,0x0068610A,__raise_exc,,,unclassified,0.00,unknown,undefined __raise_exc(void),false,,,,
0x0068610B,481,0x006862EB,__handle_exc,,,unclassified,0.00,unknown,undefined __handle_exc(void),false,,,,
0x006862EC,40,0x00686313,__set_errno_from_matherr,,,unclassified,0.00,unknown,undefined __set_errno_from_matherr(void),false,,,,
0x00686314,45,0x00686340,__errcode,,,unclassified,0.00,unknown,undefined __errcode(void),false,,,,
0x00686341,158,0x006863DE,__umatherr,,,unclassified,0.00,unknown,undefined __umatherr(void),false,,,,
0x006863DF,83,0x00686431,__handle_qnan1,,,unclassified,0.00,unknown,undefined __handle_qnan1(void),false,,,,
0x00686432,95,0x00686490,__handle_qnan2,,,unclassified,0.00,unknown,undefined __handle_qnan2(void),false,,,,
0x00686491,186,0x0068654A,__except1,,,unclassified,0.00,unknown,undefined __except1(void),false,,,,
0x0068654B,204,0x00686616,__except2,,,unclassified,0.00,unknown,undefined __except2(void),false,,,,
0x00686617,42,0x00686640,__set_exp,,,unclassified,0.00,unknown,undefined __set_exp(void),false,,,,
0x00686641,91,0x0068669B,__sptype,,,unclassified,0.00,unknown,undefined __sptype(void),false,,,,
0x0068669C,175,0x0068674A,FUN_0068669c,,,unclassified,0.00,unknown,undefined FUN_0068669c(void),false,,,,
0x0068674B,11,0x00686755,__statfp,,,unclassified,0.00,unknown,undefined __statfp(void),false,,,,
0x00686756,12,0x00686761,__clrfp,,,unclassified,0.00,unknown,undefined __clrfp(void),false,,,,
0x00686762,39,0x00686788,__ctrlfp,,,unclassified,0.00,unknown,undefined __ctrlfp(void),false,,,,
0x00686789,86,0x006867DE,FUN_00686789,,,unclassified,0.00,unknown,undefined FUN_00686789(void),false,,,,
0x006867DF,68,0x00686850,___set_fpsr_sse2,,,unclassified,0.00,unknown,undefined ___set_fpsr_sse2(void),false,,,,
0x006868CC,9,0x006868D4,FUN_006868cc,,,unclassified,0.00,unknown,undefined FUN_006868cc(void),false,,,,
0x00686910,62,0x0068694D,__cintrindisp2,,,unclassified,0.00,unknown,undefined __cintrindisp2(void),false,,,,
0x0068694E,61,0x0068698A,__cintrindisp1,,,unclassified,0.00,unknown,undefined __cintrindisp1(void),false,,,,
0x0068698B,72,0x006869D2,__ctrandisp2,,,unclassified,0.00,unknown,undefined __ctrandisp2(void),false,,,,
0x006869D3,7,0x006869D9,FUN_006869d3,,,unclassified,0.00,unknown,undefined FUN_006869d3(void),false,,,,
0x006869DA,327,0x00686B20,FUN_006869da,,,unclassified,0.00,unknown,undefined FUN_006869da(void),false,,,,
0x00686B21,51,0x00686B53,__ctrandisp1,,,unclassified,0.00,unknown,undefined __ctrandisp1(void),false,,,,
0x00686B54,60,0x00686B8F,__fload,,,unclassified,0.00,unknown,undefined __fload(void),false,,,,
0x00686B90,24,0x00686BA7,FUN_00686b90,,,unclassified,0.00,unknown,undefined FUN_00686b90(void),false,,,,
0x00686BA8,6,0x00686BAD,FUN_00686ba8,,,unclassified,0.00,unknown,undefined FUN_00686ba8(void),false,,,,
0x00686BAE,395,0x00686D38,FUN_00686bae,,,unclassified,0.00,unknown,undefined FUN_00686bae(void),false,,,,
0x00686D3C,142,0x00686DC9,__hw_cw,,,unclassified,0.00,unknown,undefined __hw_cw(void),false,,,,
0x00686DCA,160,0x00686E69,___hw_cw_sse2,,,unclassified,0.00,unknown,undefined ___hw_cw_sse2(void),false,,,,
0x00686E6A,771,0x0068716C,__control87,,,unclassified,0.00,__cdecl,"uint __control87(uint _NewValue, uint _Mask)",false,,,,
0x0068716D,81,0x006871BD,x_ismbbtype_l,,,unclassified,0.00,__cdecl,"int x_ismbbtype_l(localeinfo_struct * param_1, uint param_2, int param_3, int param_4)",false,,,,
0x006871BE,19,0x006871D0,__ismbblead,,,unclassified,0.00,__cdecl,int __ismbblead(uint _C),false,,,,
0x006879E6,518,0x00687BEB,FUN_006879e6,,,unclassified,0.00,unknown,undefined FUN_006879e6(void),false,,,,
0x00687BEC,178,0x00687C9D,FUN_00687bec,,,unclassified,0.00,unknown,undefined FUN_00687bec(void),false,,,,
0x00687F70,25,0x00687F88,FUN_00687f70,,,unclassified,0.00,unknown,undefined FUN_00687f70(void),false,,,,
0x00687F89,2872,0x00688AC0,FUN_00687f89,,,unclassified,0.00,unknown,undefined FUN_00687f89(void),false,,,,
0x00688CD7,100,0x00688D3A,__d_inttype,,,unclassified,0.00,unknown,undefined __d_inttype(void),false,,,,
0x00688D3B,318,0x00688E78,FUN_00688d3b,,,unclassified,0.00,unknown,undefined FUN_00688d3b(void),false,,,,
0x00688E80,24,0x00688E97,FUN_00688e80,,,unclassified,0.00,unknown,undefined FUN_00688e80(void),false,,,,
0x00688E98,6,0x00688E9D,FUN_00688e98,,,unclassified,0.00,unknown,undefined FUN_00688e98(void),false,,,,
0x00688E9E,614,0x00689103,FUN_00688e9e,,,unclassified,0.00,unknown,undefined FUN_00688e9e(void),false,,,,
0x00689110,6,0x00689115,FUN_00689110,,,unclassified,0.00,unknown,undefined FUN_00689110(void),false,,,,
0x006892B1,73,0x006892F9,__mtinitlocks,,,unclassified,0.00,__cdecl,int __mtinitlocks(void),false,,,,
0x006892FA,81,0x0068934E,FUN_006892fa,,,unclassified,0.00,unknown,undefined FUN_006892fa(void),false,,,,
0x0068934F,21,0x00689363,FUN_0068934f,,,unclassified,0.00,unknown,undefined FUN_0068934f(void),false,,,,
0x00689364,168,0x0068941D,FUN_00689364,,,unclassified,0.00,unknown,undefined FUN_00689364(void),false,,,,
0x0068941E,9,0x00689426,FUN_0068941e,,,unclassified,0.00,unknown,undefined FUN_0068941e(void),false,,,,
0x00689427,49,0x00689457,__lock,,,unclassified,0.00,__cdecl,void __lock(int _File),false,,,,
0x00689458,72,0x0068949F,___sbh_heap_init,,,unclassified,0.00,unknown,undefined ___sbh_heap_init(void),false,,,,
0x006894A0,18,0x006894B1,thunk_FUN_006894c4,,,unclassified,0.00,unknown,undefined thunk_FUN_006894c4(void),true,,,,
0x006894C4,25,0x006894CA,FUN_006894c4,,,unclassified,0.00,unknown,undefined FUN_006894c4(void),false,,,,
0x006894CB,788,0x006897DE,___sbh_free_block,,,unclassified,0.00,unknown,undefined ___sbh_free_block(void),false,,,,
0x006897DF,176,0x0068988E,___sbh_alloc_new_region,,,unclassified,0.00,unknown,undefined ___sbh_alloc_new_region(void),false,,,,
0x0068988F,262,0x00689994,___sbh_alloc_new_group,,,unclassified,0.00,unknown,undefined ___sbh_alloc_new_group(void),false,,,,
0x00689995,735,0x00689C73,___sbh_resize_block,,,unclassified,0.00,unknown,undefined ___sbh_resize_block(void),false,,,,
0x00689C74,739,0x00689F56,___sbh_alloc_block,,,unclassified,0.00,unknown,undefined ___sbh_alloc_block(void),false,,,,
0x00689F57,45,0x00689F83,__fileno,,,unclassified,0.00,__cdecl,int __fileno(FILE * _File),false,,,,
0x00689F84,148,0x0068A017,FUN_00689f84,,,unclassified,0.00,unknown,undefined FUN_00689f84(void),false,,,,
0x0068A298,209,0x0068A368,__floor_default,,,unclassified,0.00,unknown,undefined __floor_default(void),false,,,,
0x0068A369,26,0x0068A383,FUN_0068a369,,,unclassified,0.00,unknown,undefined FUN_0068a369(void),false,,,,
0x0068A384,928,0x0068A725,FUN_0068a384,,,unclassified,0.00,unknown,undefined FUN_0068a384(void),false,,,,
0x0068A726,67,0x0068A768,___crtLCMapStringA,,,unclassified,0.00,__cdecl,"int ___crtLCMapStringA(_locale_t _Plocinfo, LPCWSTR _LocaleName, DWORD _DwMapFlag, LPCSTR _LpSrcStr, int _CchSrc, LPSTR _LpDestStr, int _CchDest, int _Code_page, BOOL _BError)",false,,,,
0x0068A769,54,0x0068A79E,__isleadbyte_l,,,unclassified,0.00,__cdecl,"int __isleadbyte_l(int _C, _locale_t _Locale)",false,,,,
0x0068A79F,14,0x0068A7AC,_isleadbyte,,,unclassified,0.00,__cdecl,int _isleadbyte(int _C),false,,,,
0x0068A7AD,129,0x0068A82D,FUN_0068a7ad,,,unclassified,0.00,unknown,undefined FUN_0068a7ad(void),false,,,,
0x0068A82E,113,0x0068A89E,__get_osfhandle,,,unclassified,0.00,__cdecl,intptr_t __get_osfhandle(int _FileHandle),false,,,,
0x0068A89F,146,0x0068A930,___lock_fhandle,,,unclassified,0.00,__cdecl,int ___lock_fhandle(int _Filehandle),false,,,,
0x0068A936,9,0x0068A93E,FUN_0068a936,,,unclassified,0.00,unknown,undefined FUN_0068a936(void),false,,,,
0x0068A93F,34,0x0068A960,FUN_0068a93f,,,unclassified,0.00,unknown,undefined FUN_0068a93f(void),false,,,,
0x0068A961,1478,0x0068AF26,__write_nolock,,,unclassified,0.00,__cdecl,"int __write_nolock(int _FileHandle, void * _Buf, uint _MaxCharCount)",false,,,,
0x0068AF27,210,0x0068AFF8,__write,,,unclassified,0.00,__cdecl,"int __write(int _FileHandle, void * _Buf, uint _MaxCharCount)",false,,,,
0x0068AFF9,10,0x0068B002,FUN_0068aff9,,,unclassified,0.00,unknown,undefined FUN_0068aff9(void),false,,,,
0x0068B004,144,0x0068B093,__local_unwind4,,,unclassified,0.00,unknown,undefined __local_unwind4(void),false,,,,
0x0068B0DA,28,0x0068B0F5,FUN_0068b0da,,,unclassified,0.00,unknown,undefined FUN_0068b0da(void),false,,,,
0x0068B0F6,23,0x0068B10C,_EH4_CallFilterFunc,,,unclassified,0.00,__fastcall,undefined _EH4_CallFilterFunc(void),false,,,,
0x0068B10D,25,0x0068B125,_EH4_TransferToHandler,,,unclassified,0.00,__fastcall,undefined _EH4_TransferToHandler(void),false,,,,
0x0068B126,26,0x0068B13F,_EH4_GlobalUnwind,,,unclassified,0.00,__fastcall,undefined _EH4_GlobalUnwind(void),false,,,,
0x0068B140,23,0x0068B156,_EH4_LocalUnwind,,,unclassified,0.00,__fastcall,undefined _EH4_LocalUnwind(void),false,,,,
0x0068B157,38,0x0068B17C,__copysign,,,unclassified,0.00,__cdecl,"double __copysign(double _Number, double _Sign)",false,,,,
0x0068B17D,148,0x0068B210,__fpclass,,,unclassified,0.00,__cdecl,int __fpclass(double _X),false,,,,
0x0068B220,41,0x0068B248,__ValidateImageBase,,,unclassified,0.00,__cdecl,BOOL __ValidateImageBase(PBYTE pImageBase),false,,,,
0x0068B250,66,0x0068B291,__FindPESection,,,unclassified,0.00,__cdecl,"PIMAGE_SECTION_HEADER __FindPESection(PBYTE pImageBase, DWORD_PTR rva)",false,,,,
0x0068B2A0,164,0x0068B35A,__IsNonwritableInCurrentImage,,,unclassified,0.00,__cdecl,BOOL __IsNonwritableInCurrentImage(PBYTE pTarget),false,,,,
0x0068B35B,25,0x0068B373,__initp_misc_winsig,,,unclassified,0.00,unknown,undefined __initp_misc_winsig(void),false,,,,
0x0068B374,52,0x0068B3A7,siglookup,,,unclassified,0.00,__cdecl,undefined siglookup(void),false,,,,
0x0068B3A8,13,0x0068B3B4,___get_sigabrt,,,unclassified,0.00,__cdecl,_PHNDLR ___get_sigabrt(void),false,,,,
0x0068B3B5,411,0x0068B564,_raise,,,unclassified,0.00,__cdecl,int _raise(int _SigNum),false,,,,
0x0068B529,15,0x0068B537,FUN_0068b529,,,unclassified,0.00,unknown,undefined FUN_0068b529(void),false,,,,
0x0068B565,10,0x0068B56E,FUN_0068b565,,,unclassified,0.00,unknown,undefined FUN_0068b565(void),false,,,,
0x0068B56F,10,0x0068B578,FUN_0068b56f,,,unclassified,0.00,unknown,undefined FUN_0068b56f(void),false,,,,
0x0068B579,16,0x0068B588,___crtInitCritSecNoSpinCount@8,,,unclassified,0.00,unknown,undefined ___crtInitCritSecNoSpinCount@8(void),false,,,,
0x0068B589,147,0x0068B64D,___crtInitCritSecAndSpinCount,,,unclassified,0.00,unknown,undefined ___crtInitCritSecAndSpinCount(void),false,,,,
0x0068B650,24,0x0068B667,FUN_0068b650,,,unclassified,0.00,unknown,undefined FUN_0068b650(void),false,,,,
0x0068B66E,1334,0x0068BBA3,FUN_0068b66e,,,unclassified,0.00,unknown,undefined FUN_0068b66e(void),false,,,,
0x0068BBA4,439,0x0068BD60,FUN_0068bba4,,,unclassified,0.00,unknown,undefined FUN_0068bba4(void),false,,,,
0x0068BD61,70,0x0068BDA6,__set_error_mode,,,unclassified,0.00,__cdecl,int __set_error_mode(int _Mode),false,,,,
0x0068BDA7,79,0x0068BDF5,__isdigit_l,,,unclassified,0.00,__cdecl,"int __isdigit_l(int _C, _locale_t _Locale)",false,,,,
0x0068BDF6,41,0x0068BE1E,_isdigit,,,unclassified,0.00,__cdecl,int _isdigit(int _C),false,,,,
0x0068BE1F,13,0x0068BE2B,_ValidateRead,,,unclassified,0.00,__cdecl,"int _ValidateRead(void * param_1, uint param_2)",false,,,,
0x0068BE2C,32,0x0068BE4B,__global_unwind2,,,unclassified,0.00,unknown,undefined __global_unwind2(void),false,,,,
0x0068BE91,132,0x0068BF14,__local_unwind2,,,unclassified,0.00,unknown,undefined __local_unwind2(void),false,,,,
0x0068BF38,9,0x0068BF40,__NLG_Notify1,,,unclassified,0.00,unknown,undefined __NLG_Notify1(void),false,,,,
0x0068BF41,31,0x0068BF5F,__NLG_Notify,,,unclassified,0.00,__stdcall,void __NLG_Notify(ulong param_1),false,,,,
0x0068BF60,3,0x0068BF62,FUN_0068bf60,,,unclassified,0.00,unknown,undefined FUN_0068bf60(void),false,,,,
0x0068BF63,166,0x0068C008,FID_conflict:__atoflt_l,,,unclassified,0.00,__cdecl,"int FID_conflict:__atoflt_l(_CRT_FLOAT * _Result, char * _Str, _locale_t _Locale)",false,,,,
0x0068C009,166,0x0068C0AE,FID_conflict:__atoflt_l,,,unclassified,0.00,__cdecl,"int FID_conflict:__atoflt_l(_CRT_FLOAT * _Result, char * _Str, _locale_t _Locale)",false,,,,
0x0068C0AF,189,0x0068C16B,__fptostr,,,unclassified,0.00,__cdecl,"errno_t __fptostr(char * _Buf, size_t _SizeInBytes, int _Digits, STRFLT _PtFlt)",false,,,,
0x0068C16C,187,0x0068C226,___dtold,,,unclassified,0.00,unknown,undefined ___dtold(void),false,,,,
0x0068C227,139,0x0068C2B4,__fltout2,,,unclassified,0.00,__cdecl,"STRFLT __fltout2(_CRT_DOUBLE _Dbl, STRFLT _Flt, char * _ResultStr, size_t _SizeInBytes)",false,,,,
0x0068C2C0,223,0x0068C39E,__alldvrm,,,unclassified,0.00,unknown,undefined __alldvrm(void),false,,,,
0x0068C3A0,31,0x0068C3BE,__aullshr,,,unclassified,0.00,unknown,undefined __aullshr(void),false,,,,
0x0068C3C8,45,0x0068C417,FUN_0068c3c8,,,unclassified,0.00,unknown,undefined FUN_0068c3c8(void),false,,,,
0x0068C418,96,0x0068C477,__get_sse2_info,,,unclassified,0.00,unknown,undefined __get_sse2_info(void),false,,,,
0x0068C485,252,0x0068C580,__87except,,,unclassified,0.00,unknown,undefined __87except(void),false,,,,
0x0068C581,439,0x0068C738,FUN_0068c581,,,unclassified,0.00,unknown,undefined FUN_0068c581(void),false,,,,
0x0068C739,64,0x0068C778,___crtGetStringTypeA,,,unclassified,0.00,__cdecl,"BOOL ___crtGetStringTypeA(_locale_t _Plocinfo, DWORD _DWInfoType, LPCSTR _LpSrcStr, int _CchSrc, LPWORD _LpCharType, int _Code_page, BOOL _BError)",false,,,,
0x0068C779,23,0x0068C908,FUN_0068c779,,,unclassified,0.00,unknown,undefined FUN_0068c779(void),false,,,,
0x0068C909,61,0x0068C948,FUN_0068c909,,,unclassified,0.00,unknown,undefined FUN_0068c909(void),false,,,,
0x0068C949,130,0x0068C9D1,FUN_0068c949,,,unclassified,0.00,unknown,undefined FUN_0068c949(void),false,,,,
0x0068C9D2,38,0x0068C9F7,____lc_codepage_func,,,unclassified,0.00,__cdecl,UINT ____lc_codepage_func(void),false,,,,
0x0068CA00,70,0x0068CA45,_strcspn,,,unclassified,0.00,__cdecl,"size_t _strcspn(char * _Str, char * _Control)",false,,,,
0x0068CA50,64,0x0068CA8F,_strpbrk,,,unclassified,0.00,__cdecl,"char * _strpbrk(char * _Str, char * _Control)",false,,,,
0x0068CA90,129,0x0068CB10,__getenv_helper_nolock,,,unclassified,0.00,__cdecl,char * __getenv_helper_nolock(char * param_1),false,,,,
0x0068CB11,131,0x0068CB93,__lseeki64_nolock,,,unclassified,0.00,__cdecl,"longlong __lseeki64_nolock(int _FileHandle, longlong _Offset, int _Origin)",false,,,,
0x0068CB94,271,0x0068CCA2,__lseeki64,,,unclassified,0.00,__cdecl,"longlong __lseeki64(int _FileHandle, longlong _Offset, int _Origin)",false,,,,
0x0068CCA3,10,0x0068CCAC,FUN_0068cca3,,,unclassified,0.00,unknown,undefined FUN_0068cca3(void),false,,,,
0x0068CCAD,68,0x0068CCF0,__getbuf,,,unclassified,0.00,__cdecl,void __getbuf(FILE * _File),false,,,,
0x0068CCF1,94,0x0068CD4E,__isatty,,,unclassified,0.00,__cdecl,int __isatty(int _FileHandle),false,,,,
0x0068CD4F,478,0x0068CF2C,__fputwc_nolock,,,unclassified,0.00,__cdecl,"wint_t __fputwc_nolock(wchar_t _Ch, FILE * _File)",false,,,,
0x0068CF2D,275,0x0068D03F,__mbtowc_l,,,unclassified,0.00,__cdecl,"int __mbtowc_l(wchar_t * _DstCh, char * _SrcCh, size_t _SrcSizeInBytes, _locale_t _Locale)",false,,,,
0x0068D040,23,0x0068D056,_mbtowc,,,unclassified,0.00,__cdecl,"int _mbtowc(wchar_t * _DstCh, char * _SrcCh, size_t _SrcSizeInBytes)",false,,,,
0x0068D060,149,0x0068D0F4,__aulldvrm,,,unclassified,0.00,unknown,undefined __aulldvrm(void),false,,,,
0x0068D0F5,51,0x0068D127,write_char,,,unclassified,0.00,__cdecl,undefined write_char(void),false,,,,
0x0068D128,36,0x0068D14B,write_multi_char,,,unclassified,0.00,__cdecl,undefined write_multi_char(void),false,,,,
0x0068DB46,351,0x0068DCA4,__wctomb_s_l,,,unclassified,0.00,__cdecl,"errno_t __wctomb_s_l(int * _SizeConverted, char * _MbCh, size_t _SizeInBytes, wchar_t _WCh, _locale_t _Locale)",false,,,,
0x0068DCA5,27,0x0068DCBF,_wctomb_s,,,unclassified,0.00,__cdecl,"errno_t _wctomb_s(int * _SizeConverted, char * _MbCh, rsize_t _SizeInBytes, wchar_t _WCh)",false,,,,
0x0068DCC0,1346,0x0068E201,__ld12tod,,,unclassified,0.00,__cdecl,"INTRNCVT_STATUS __ld12tod(_LDBL12 * _Ifp, _CRT_DOUBLE * _D)",false,,,,
0x0068E202,1346,0x0068E743,__ld12tof,,,unclassified,0.00,__cdecl,"INTRNCVT_STATUS __ld12tof(_LDBL12 * _Ifp, _CRT_FLOAT * _F)",false,,,,
0x0068E744,460,0x0068E90F,___mtold12,,,unclassified,0.00,unknown,undefined ___mtold12(void),false,,,,
0x0068E910,3,0x0068E912,FUN_0068e910,,,unclassified,0.00,unknown,undefined FUN_0068e910(void),false,,,,
0x0068E913,17,0x0068E923,__frnd,,,unclassified,0.00,unknown,undefined __frnd(void),false,,,,
0x0068EAA4,71,0x0068EAEA,___ansicp,,,unclassified,0.00,unknown,undefined ___ansicp(void),false,,,,
0x0068EAEB,428,0x0068EC9C,FUN_0068eaeb,,,unclassified,0.00,unknown,undefined FUN_0068eaeb(void),false,,,,
0x0068ECA0,22,0x0068ECB5,__alloca_probe_16,,,unclassified,0.00,unknown,undefined __alloca_probe_16(void),false,,,,
0x0068ECB6,22,0x0068ECCB,__alloca_probe_8,,,unclassified,0.00,unknown,undefined __alloca_probe_8(void),false,,,,
0x0068ECCC,194,0x0068ED8D,__putwch_nolock,,,unclassified,0.00,__cdecl,wint_t __putwch_nolock(wchar_t _WCh),false,,,,
0x0068ED8E,2240,0x0068F653,FUN_0068ed8e,,,unclassified,0.00,unknown,undefined FUN_0068ed8e(void),false,,,,
0x0068F654,240,0x0068F743,__strnicmp_l,,,unclassified,0.00,__cdecl,"int __strnicmp_l(char * _Str1, char * _Str2, size_t _MaxCount, _locale_t _Locale)",false,,,,
0x0068F744,236,0x0068F82F,__mbsnbicoll_l,,,unclassified,0.00,__cdecl,"int __mbsnbicoll_l(uchar * _Str1, uchar * _Str2, size_t _MaxCount, _locale_t _Locale)",false,,,,
0x0068F830,23,0x0068F846,__mbsnbicoll,,,unclassified,0.00,__cdecl,"int __mbsnbicoll(uchar * _Str1, uchar * _Str2, size_t _MaxCount)",false,,,,
0x0068F847,142,0x0068F8D8,FUN_0068f847,,,unclassified,0.00,unknown,undefined FUN_0068f847(void),false,,,,
0x0068F8DC,368,0x0068FA4B,__flswbuf,,,unclassified,0.00,__cdecl,"int __flswbuf(int _Ch, FILE * _File)",false,,,,
0x0068FA4C,31,0x0068FA6A,___initconout,,,unclassified,0.00,__cdecl,void ___initconout(void),false,,,,
0x0068FAA0,97,0x0068FB00,___ascii_strnicmp,,,unclassified,0.00,__cdecl,"int ___ascii_strnicmp(char * _Str1, char * _Str2, size_t _MaxCount)",false,,,,
0x0068FB01,891,0x0068FE89,FUN_0068fb01,,,unclassified,0.00,unknown,undefined FUN_0068fb01(void),false,,,,
0x0068FE8A,64,0x0068FEC9,___crtCompareStringA,,,unclassified,0.00,__cdecl,"int ___crtCompareStringA(_locale_t _Plocinfo, LPCWSTR _LocaleName, DWORD _DwCmpFlags, LPCSTR _LpString1, int _CchCount1, LPCSTR _LpString2, int _CchCount2, int _Code_page)",false,,,,
0x0068FECA,248,0x0068FFC1,__strnicoll_l,,,unclassified,0.00,__cdecl,"int __strnicoll_l(char * _Str1, char * _Str2, size_t _MaxCount, _locale_t _Locale)",false,,,,
0x0068FFC2,77,0x0069000E,findenv,,,unclassified,0.00,__cdecl,undefined findenv(void),false,,,,
0x0069000F,93,0x0069006B,copy_environ,,,unclassified,0.00,__cdecl,undefined copy_environ(void),false,,,,
0x0069006C,504,0x006902B7,FUN_0069006c,,,unclassified,0.00,unknown,undefined FUN_0069006c(void),false,,,,
0x006902B8,77,0x00690307,__strdup,,,unclassified,0.00,__cdecl,char * __strdup(char * _Src),false,,,,
0x00690310,162,0x006903B1,FUN_00690310,,,unclassified,0.00,unknown,undefined FUN_00690310(void),false,,,,
0x006903C0,13,0x006903CC,FUN_006903c0,,,unclassified,0.00,unknown,undefined FUN_006903c0(void),false,,,,
0x006903D0,22,0x006903E5,FUN_006903d0,,,unclassified,0.00,unknown,undefined FUN_006903d0(void),false,,,,
0x006903F0,206,0x006904BD,FUN_006903f0,,,unclassified,0.00,unknown,undefined FUN_006903f0(void),false,,,,
0x006904C0,56,0x006904F7,FUN_006904c0,,,unclassified,0.00,unknown,undefined FUN_006904c0(void),false,,,,
0x00690500,56,0x00690537,FUN_00690500,,,unclassified,0.00,unknown,undefined FUN_00690500(void),false,,,,
0x00690550,50,0x00690581,FUN_00690550,,,unclassified,0.00,unknown,undefined FUN_00690550(void),false,,,,
0x006905D0,62,0x0069060D,FUN_006905d0,,,unclassified,0.00,unknown,undefined FUN_006905d0(void),false,,,,
0x00690610,53,0x00690644,FUN_00690610,,,unclassified,0.00,unknown,undefined FUN_00690610(void),false,,,,
0x00690650,90,0x006906AC,FUN_00690650,,,unclassified,0.00,unknown,undefined FUN_00690650(void),false,,,,
0x006906B0,25,0x006906C8,FUN_006906b0,,,unclassified,0.00,unknown,undefined FUN_006906b0(void),false,,,,
0x006906D0,26,0x006906E9,FUN_006906d0,,,unclassified,0.00,unknown,undefined FUN_006906d0(void),false,,,,
0x006906F0,57,0x00690728,FUN_006906f0,,,unclassified,0.00,unknown,undefined FUN_006906f0(void),false,,,,
0x00690730,5,0x00690734,FUN_00690730,,,unclassified,0.00,unknown,undefined FUN_00690730(void),false,,,,
0x00690740,110,0x006907AD,FUN_00690740,,,unclassified,0.00,unknown,undefined FUN_00690740(void),false,,,,
0x006907D0,73,0x00690818,FUN_006907d0,,,unclassified,0.00,unknown,undefined FUN_006907d0(void),false,,,,
0x00690850,57,0x00690888,FUN_00690850,,,unclassified,0.00,unknown,undefined FUN_00690850(void),false,,,,
0x006908C0,58,0x006908F9,FUN_006908c0,,,unclassified,0.00,unknown,undefined FUN_006908c0(void),false,,,,
0x00690900,41,0x00690928,FUN_00690900,,,unclassified,0.00,unknown,undefined FUN_00690900(void),false,,,,
0x00690930,28,0x0069094B,FUN_00690930,,,unclassified,0.00,unknown,undefined FUN_00690930(void),false,,,,
0x00690950,27,0x0069096A,FUN_00690950,,,unclassified,0.00,unknown,undefined FUN_00690950(void),false,,,,
0x00690970,137,0x006909F8,FUN_00690970,,,unclassified,0.00,unknown,undefined FUN_00690970(void),false,,,,
0x00690A00,99,0x00690A62,FUN_00690a00,,,unclassified,0.00,unknown,undefined FUN_00690a00(void),false,,,,
0x00690A70,68,0x00690AB3,FUN_00690a70,,,unclassified,0.00,unknown,undefined FUN_00690a70(void),false,,,,
0x00690AC0,69,0x00690B04,FUN_00690ac0,,,unclassified,0.00,unknown,undefined FUN_00690ac0(void),false,,,,
0x00690B10,55,0x00690B46,FUN_00690b10,,,unclassified,0.00,unknown,undefined FUN_00690b10(void),false,,,,
0x00690B50,89,0x00690BA8,FUN_00690b50,,,unclassified,0.00,unknown,undefined FUN_00690b50(void),false,,,,
0x00690BD0,90,0x00690C29,FUN_00690bd0,,,unclassified,0.00,unknown,undefined FUN_00690bd0(void),false,,,,
0x00690C30,86,0x00690C85,FUN_00690c30,,,unclassified,0.00,unknown,undefined FUN_00690c30(void),false,,,,
0x00690C90,28,0x00690CAB,FUN_00690c90,,,unclassified,0.00,unknown,undefined FUN_00690c90(void),false,,,,
0x00690CB0,27,0x00690CCA,FUN_00690cb0,,,unclassified,0.00,unknown,undefined FUN_00690cb0(void),false,,,,
0x00690CD0,78,0x00690D1D,FUN_00690cd0,,,unclassified,0.00,unknown,undefined FUN_00690cd0(void),false,,,,
0x00690D20,28,0x00690D3B,FUN_00690d20,,,unclassified,0.00,unknown,undefined FUN_00690d20(void),false,,,,
0x00690D40,27,0x00690D5A,FUN_00690d40,,,unclassified,0.00,unknown,undefined FUN_00690d40(void),false,,,,
0x00690D60,82,0x00690DB1,FUN_00690d60,,,unclassified,0.00,unknown,undefined FUN_00690d60(void),false,,,,
0x00690DC0,99,0x00690E22,FUN_00690dc0,,,unclassified,0.00,unknown,undefined FUN_00690dc0(void),false,,,,
0x00690E30,73,0x00690E78,FUN_00690e30,,,unclassified,0.00,unknown,undefined FUN_00690e30(void),false,,,,
0x00690E80,84,0x00690ED3,FUN_00690e80,,,unclassified,0.00,unknown,undefined FUN_00690e80(void),false,,,,
0x00690EE0,89,0x00690F38,FUN_00690ee0,,,unclassified,0.00,unknown,undefined FUN_00690ee0(void),false,,,,
0x00690F40,62,0x00690F7D,FUN_00690f40,,,unclassified,0.00,unknown,undefined FUN_00690f40(void),false,,,,
0x00690F80,328,0x006910C7,FUN_00690f80,,,unclassified,0.00,unknown,undefined FUN_00690f80(void),false,,,,
0x006910D0,355,0x00691232,FUN_006910d0,,,unclassified,0.00,unknown,undefined FUN_006910d0(void),false,,,,
0x00691240,477,0x0069141C,FUN_00691240,,,unclassified,0.00,unknown,undefined FUN_00691240(void),false,,,,
0x00691420,96,0x0069147F,FUN_00691420,,,unclassified,0.00,unknown,undefined FUN_00691420(void),false,,,,
0x00691480,71,0x006914C6,FUN_00691480,,,unclassified,0.00,unknown,undefined FUN_00691480(void),false,,,,
0x006914D0,224,0x006915AF,FUN_006914d0,,,unclassified,0.00,unknown,undefined FUN_006914d0(void),false,,,,
0x00691710,194,0x006917D1,FUN_00691710,,,unclassified,0.00,unknown,undefined FUN_00691710(void),false,,,,
0x006917E0,459,0x006919AA,FUN_006917e0,,,unclassified,0.00,unknown,undefined FUN_006917e0(void),false,,,,
0x006919B0,251,0x00691AAA,FUN_006919b0,,,unclassified,0.00,unknown,undefined FUN_006919b0(void),false,,,,
0x00691AB0,276,0x00691BC3,FUN_00691ab0,,,unclassified,0.00,unknown,undefined FUN_00691ab0(void),false,,,,
0x00691D00,514,0x00691F01,FUN_00691d00,,,unclassified,0.00,unknown,undefined FUN_00691d00(void),false,,,,
0x00691F10,146,0x00691FA1,FUN_00691f10,,,unclassified,0.00,unknown,undefined FUN_00691f10(void),false,,,,
0x00691FB0,186,0x00692069,FUN_00691fb0,,,unclassified,0.00,unknown,undefined FUN_00691fb0(void),false,,,,
0x00692160,92,0x006921BB,FUN_00692160,,,unclassified,0.00,unknown,undefined FUN_00692160(void),false,,,,
0x00692210,19,0x00692222,FUN_00692210,,,unclassified,0.00,unknown,undefined FUN_00692210(void),false,,,,
0x00692330,37,0x00692354,FUN_00692330,,,unclassified,0.00,unknown,undefined FUN_00692330(void),false,,,,
0x00692360,54,0x00692395,FUN_00692360,,,unclassified,0.00,unknown,undefined FUN_00692360(void),false,,,,
0x006923A0,61,0x006923DC,FUN_006923a0,,,unclassified,0.00,unknown,undefined FUN_006923a0(void),false,,,,
0x006923E0,93,0x0069243C,FUN_006923e0,,,unclassified,0.00,unknown,undefined FUN_006923e0(void),false,,,,
0x00692440,53,0x00692474,FUN_00692440,,,unclassified,0.00,unknown,undefined FUN_00692440(void),false,,,,
0x00692480,78,0x006924CD,FUN_00692480,,,unclassified,0.00,unknown,undefined FUN_00692480(void),false,,,,
0x006924D0,82,0x00692521,FUN_006924d0,,,unclassified,0.00,unknown,undefined FUN_006924d0(void),false,,,,
0x00692530,126,0x006925AD,FUN_00692530,,,unclassified,0.00,unknown,undefined FUN_00692530(void),false,,,,
0x006925B0,196,0x00692673,FUN_006925b0,,,unclassified,0.00,unknown,undefined FUN_006925b0(void),false,,,,
0x006926B0,82,0x00692701,FUN_006926b0,,,unclassified,0.00,unknown,undefined FUN_006926b0(void),false,,,,
0x00692710,78,0x0069275D,FUN_00692710,,,unclassified,0.00,unknown,undefined FUN_00692710(void),false,,,,
0x00692760,43,0x0069278A,FUN_00692760,,,unclassified,0.00,unknown,undefined FUN_00692760(void),false,,,,
0x00692790,45,0x006927BC,FUN_00692790,,,unclassified,0.00,unknown,undefined FUN_00692790(void),false,,,,
0x006927C0,41,0x006927E8,FUN_006927c0,,,unclassified,0.00,unknown,undefined FUN_006927c0(void),false,,,,
0x00693130,86,0x00693185,FUN_00693130,,,unclassified,0.00,unknown,undefined FUN_00693130(void),false,,,,
0x00693190,61,0x006931CC,FUN_00693190,,,unclassified,0.00,unknown,undefined FUN_00693190(void),false,,,,
0x006931D0,155,0x0069326A,FUN_006931d0,,,unclassified,0.00,unknown,undefined FUN_006931d0(void),false,,,,
0x00693270,194,0x00693331,FUN_00693270,,,unclassified,0.00,unknown,undefined FUN_00693270(void),false,,,,
0x00693340,26,0x00693359,FUN_00693340,,,unclassified,0.00,unknown,undefined FUN_00693340(void),false,,,,
0x00693360,69,0x006933A4,FUN_00693360,,,unclassified,0.00,unknown,undefined FUN_00693360(void),false,,,,
0x006933B0,42,0x006933E4,FUN_006933b0,,,unclassified,0.00,unknown,undefined FUN_006933b0(void),false,,,,
0x006933F0,55,0x00693426,FUN_006933f0,,,unclassified,0.00,unknown,undefined FUN_006933f0(void),false,,,,
0x00693430,187,0x006934ED,FUN_00693430,,,unclassified,0.00,unknown,undefined FUN_00693430(void),false,,,,
0x006934F0,36,0x00693513,FUN_006934f0,,,unclassified,0.00,unknown,undefined FUN_006934f0(void),false,,,,
0x00693520,55,0x00693556,FUN_00693520,,,unclassified,0.00,unknown,undefined FUN_00693520(void),false,,,,
0x00693560,55,0x00693596,FUN_00693560,,,unclassified,0.00,unknown,undefined FUN_00693560(void),false,,,,
0x006935A0,57,0x006935D8,FUN_006935a0,,,unclassified,0.00,unknown,undefined FUN_006935a0(void),false,,,,
0x006935E0,43,0x0069360A,FUN_006935e0,,,unclassified,0.00,unknown,undefined FUN_006935e0(void),false,,,,
0x00693610,32,0x0069362F,FUN_00693610,,,unclassified,0.00,unknown,undefined FUN_00693610(void),false,,,,
0x00693630,45,0x0069365C,FUN_00693630,,,unclassified,0.00,unknown,undefined FUN_00693630(void),false,,,,
0x00693660,128,0x006936DF,FUN_00693660,,,unclassified,0.00,unknown,undefined FUN_00693660(void),false,,,,
0x006936E0,309,0x00693814,FUN_006936e0,,,unclassified,0.00,unknown,undefined FUN_006936e0(void),false,,,,
0x00693820,84,0x00693873,FUN_00693820,,,unclassified,0.00,unknown,undefined FUN_00693820(void),false,,,,
0x006938A0,43,0x006938CA,FUN_006938a0,,,unclassified,0.00,unknown,undefined FUN_006938a0(void),false,,,,
0x006938D0,63,0x0069390E,FUN_006938d0,,,unclassified,0.00,unknown,undefined FUN_006938d0(void),false,,,,
0x00693910,143,0x0069399E,FUN_00693910,,,unclassified,0.00,unknown,undefined FUN_00693910(void),false,,,,
0x006939A0,42,0x006939C9,FUN_006939a0,,,unclassified,0.00,unknown,undefined FUN_006939a0(void),false,,,,
0x006939D0,101,0x00693A34,FUN_006939d0,,,unclassified,0.00,unknown,undefined FUN_006939d0(void),false,,,,
0x00693A40,40,0x00693A67,FUN_00693a40,,,unclassified,0.00,unknown,undefined FUN_00693a40(void),false,,,,
0x00693A70,67,0x00693AB2,FUN_00693a70,,,unclassified,0.00,unknown,undefined FUN_00693a70(void),false,,,,
0x00693AC0,27,0x00693ADA,FUN_00693ac0,,,unclassified,0.00,unknown,undefined FUN_00693ac0(void),false,,,,
0x00693AE0,94,0x00693B3D,FUN_00693ae0,,,unclassified,0.00,unknown,undefined FUN_00693ae0(void),false,,,,
0x00693B40,140,0x00693BCB,FUN_00693b40,,,unclassified,0.00,unknown,undefined FUN_00693b40(void),false,,,,
0x00693BD0,62,0x00693C0D,FUN_00693bd0,,,unclassified,0.00,unknown,undefined FUN_00693bd0(void),false,,,,
0x00693C10,73,0x00693C58,FUN_00693c10,,,unclassified,0.00,unknown,undefined FUN_00693c10(void),false,,,,
0x00693C60,737,0x00693F4C,FUN_00693c60,,,unclassified,0.00,unknown,undefined FUN_00693c60(void),false,,,,
0x00693F50,52,0x00693F83,FUN_00693f50,,,unclassified,0.00,unknown,undefined FUN_00693f50(void),false,,,,
0x00693F90,113,0x00694006,FUN_00693f90,,,unclassified,0.00,unknown,undefined FUN_00693f90(void),false,,,,
0x00694010,140,0x0069409B,FUN_00694010,,,unclassified,0.00,unknown,undefined FUN_00694010(void),false,,,,
0x006940A0,96,0x006940FF,FUN_006940a0,,,unclassified,0.00,unknown,undefined FUN_006940a0(void),false,,,,
0x00694100,47,0x00694131,FUN_00694100,,,unclassified,0.00,unknown,undefined FUN_00694100(void),false,,,,
0x00694140,14,0x0069414D,FUN_00694140,,,unclassified,0.00,unknown,undefined FUN_00694140(void),false,,,,
0x00694150,65,0x00694196,FUN_00694150,,,unclassified,0.00,unknown,undefined FUN_00694150(void),false,,,,
0x006941A0,96,0x006941FF,FUN_006941a0,,,unclassified,0.00,unknown,undefined FUN_006941a0(void),false,,,,
0x00694200,54,0x00694235,FUN_00694200,,,unclassified,0.00,unknown,undefined FUN_00694200(void),false,,,,
0x00694240,41,0x00694268,FUN_00694240,,,unclassified,0.00,unknown,undefined FUN_00694240(void),false,,,,
0x00694270,67,0x006942B2,FUN_00694270,,,unclassified,0.00,unknown,undefined FUN_00694270(void),false,,,,
0x006942C0,24,0x00694315,FUN_006942c0,,,unclassified,0.00,unknown,undefined FUN_006942c0(void),false,,,,
0x00694320,67,0x00694366,FUN_00694320,,,unclassified,0.00,unknown,undefined FUN_00694320(void),false,,,,
0x00694370,105,0x006943D8,FUN_00694370,,,unclassified,0.00,unknown,undefined FUN_00694370(void),false,,,,
0x006943E0,51,0x00694412,FUN_006943e0,,,unclassified,0.00,unknown,undefined FUN_006943e0(void),false,,,,
0x00694420,92,0x00694487,FUN_00694420,,,unclassified,0.00,unknown,undefined FUN_00694420(void),false,,,,
0x00694490,83,0x006944E2,FUN_00694490,,,unclassified,0.00,unknown,undefined FUN_00694490(void),false,,,,
0x006944F0,51,0x00694522,FUN_006944f0,,,unclassified,0.00,unknown,undefined FUN_006944f0(void),false,,,,
0x00694530,111,0x0069459E,FUN_00694530,,,unclassified,0.00,unknown,undefined FUN_00694530(void),false,,,,
0x006945A0,290,0x006946F1,FUN_006945a0,,,unclassified,0.00,unknown,undefined FUN_006945a0(void),false,,,,
0x006946AE,45,0x006946DD,Catch_All@006946ae,,,unclassified,0.00,unknown,undefined Catch_All@006946ae(void),false,,,,
0x00694700,56,0x00694737,FUN_00694700,,,unclassified,0.00,unknown,undefined FUN_00694700(void),false,,,,
0x00694740,39,0x00694769,FUN_00694740,,,unclassified,0.00,unknown,undefined FUN_00694740(void),false,,,,
0x00694770,121,0x006947E8,FUN_00694770,,,unclassified,0.00,unknown,undefined FUN_00694770(void),false,,,,
0x006947E9,21,0x006947FD,Catch_All@006947e9,,,unclassified,0.00,unknown,undefined Catch_All@006947e9(void),false,,,,
0x00694800,121,0x00694878,FUN_00694800,,,unclassified,0.00,unknown,undefined FUN_00694800(void),false,,,,
0x00694879,21,0x0069488D,Catch_All@00694879,,,unclassified,0.00,unknown,undefined Catch_All@00694879(void),false,,,,
0x00694890,11,0x0069489A,FUN_00694890,,,unclassified,0.00,unknown,undefined FUN_00694890(void),false,,,,
0x006948A0,66,0x006948E5,FUN_006948a0,,,unclassified,0.00,unknown,undefined FUN_006948a0(void),false,,,,
0x006948F0,364,0x00694A5B,FUN_006948f0,,,unclassified,0.00,unknown,undefined FUN_006948f0(void),false,,,,
0x00694A60,122,0x00694AD9,FUN_00694a60,,,unclassified,0.00,unknown,undefined FUN_00694a60(void),false,,,,
0x00694AE0,143,0x00694B76,FUN_00694ae0,,,unclassified,0.00,unknown,undefined FUN_00694ae0(void),false,,,,
0x00694B80,94,0x00694BDD,FUN_00694b80,,,unclassified,0.00,unknown,undefined FUN_00694b80(void),false,,,,
0x00694BE0,41,0x00694C08,FUN_00694be0,,,unclassified,0.00,unknown,undefined FUN_00694be0(void),false,,,,
0x00694C10,149,0x00694CA4,FUN_00694c10,,,unclassified,0.00,unknown,undefined FUN_00694c10(void),false,,,,
0x00694CB0,41,0x00694CD8,FUN_00694cb0,,,unclassified,0.00,unknown,undefined FUN_00694cb0(void),false,,,,
0x00694CE0,122,0x00694D59,FUN_00694ce0,,,unclassified,0.00,unknown,undefined FUN_00694ce0(void),false,,,,
0x00694D60,107,0x00694DCA,FUN_00694d60,,,unclassified,0.00,unknown,undefined FUN_00694d60(void),false,,,,
0x00694DD0,113,0x00694E40,FUN_00694dd0,,,unclassified,0.00,unknown,undefined FUN_00694dd0(void),false,,,,
0x00694E50,343,0x00694FAB,FUN_00694e50,,,unclassified,0.00,unknown,undefined FUN_00694e50(void),false,,,,
0x00694FB0,152,0x00695047,FUN_00694fb0,,,unclassified,0.00,unknown,undefined FUN_00694fb0(void),false,,,,
0x00695050,274,0x00695164,FUN_00695050,,,unclassified,0.00,unknown,undefined FUN_00695050(void),false,,,,
0x00695170,32,0x0069518F,FUN_00695170,,,unclassified,0.00,unknown,undefined FUN_00695170(void),false,,,,
0x006951A0,17,0x006951B0,FUN_006951a0,,,unclassified,0.00,unknown,undefined FUN_006951a0(void),false,,,,
0x006951C0,509,0x006953BC,FUN_006951c0,,,unclassified,0.00,unknown,undefined FUN_006951c0(void),false,,,,
0x006953C0,536,0x006955EF,FUN_006953c0,,,unclassified,0.00,unknown,undefined FUN_006953c0(void),false,,,,
0x0069551B,9,0x00695523,Catch_All@0069551b,,,unclassified,0.00,unknown,undefined Catch_All@0069551b(void),false,,,,
0x006955F0,160,0x0069568F,FUN_006955f0,,,unclassified,0.00,unknown,undefined FUN_006955f0(void),false,,,,
0x00695690,640,0x0069590F,FUN_00695690,,,unclassified,0.00,unknown,undefined FUN_00695690(void),false,,,,
0x00695950,117,0x006959C4,FUN_00695950,,,unclassified,0.00,unknown,undefined FUN_00695950(void),false,,,,
0x006959D0,558,0x00695C15,FUN_006959d0,,,unclassified,0.00,unknown,undefined FUN_006959d0(void),false,,,,
0x00695B44,9,0x00695B4C,Catch_All@00695b44,,,unclassified,0.00,unknown,undefined Catch_All@00695b44(void),false,,,,
0x00695C20,83,0x00695C72,FUN_00695c20,,,unclassified,0.00,unknown,undefined FUN_00695c20(void),false,,,,
0x00695C80,87,0x00695CD6,FUN_00695c80,,,unclassified,0.00,unknown,undefined FUN_00695c80(void),false,,,,
0x00695CE0,749,0x00695FD5,FUN_00695ce0,,,unclassified,0.00,unknown,undefined FUN_00695ce0(void),false,,,,
0x00695FE0,679,0x0069629E,FUN_00695fe0,,,unclassified,0.00,unknown,undefined FUN_00695fe0(void),false,,,,
0x006961AA,9,0x006961B2,Catch_All@006961aa,,,unclassified,0.00,unknown,undefined Catch_All@006961aa(void),false,,,,
0x006962A0,40,0x006962C7,FUN_006962a0,,,unclassified,0.00,unknown,undefined FUN_006962a0(void),false,,,,
0x006962D0,34,0x006962F1,FUN_006962d0,,,unclassified,0.00,unknown,undefined FUN_006962d0(void),false,,,,
0x00696300,823,0x00696647,FUN_00696300,,,unclassified,0.00,unknown,undefined FUN_00696300(void),false,,,,
0x00696660,198,0x00696728,FUN_00696660,,,unclassified,0.00,unknown,undefined FUN_00696660(void),false,,,,
0x00696730,329,0x00696878,FUN_00696730,,,unclassified,0.00,unknown,undefined FUN_00696730(void),false,,,,
0x00696880,513,0x00696A83,FUN_00696880,,,unclassified,0.00,unknown,undefined FUN_00696880(void),false,,,,
0x00696A90,379,0x00696C0A,FUN_00696a90,,,unclassified,0.00,unknown,undefined FUN_00696a90(void),false,,,,
0x00696C30,657,0x00696EC0,FUN_00696c30,,,unclassified,0.00,unknown,undefined FUN_00696c30(void),false,,,,
0x00696ED0,75,0x00696F23,FUN_00696ed0,,,unclassified,0.00,unknown,undefined FUN_00696ed0(void),false,,,,
0x00696F30,185,0x00696FE8,FUN_00696f30,,,unclassified,0.00,unknown,undefined FUN_00696f30(void),false,,,,
0x00696FF0,137,0x00697078,FUN_00696ff0,,,unclassified,0.00,unknown,undefined FUN_00696ff0(void),false,,,,
0x00697080,200,0x00697148,FUN_00697080,,,unclassified,0.00,unknown,undefined FUN_00697080(void),false,,,,
0x00697150,574,0x006973A5,FUN_00697150,,,unclassified,0.00,unknown,undefined FUN_00697150(void),false,,,,
0x006972CA,9,0x006972D2,Catch_All@006972ca,,,unclassified,0.00,unknown,undefined Catch_All@006972ca(void),false,,,,
0x006973B0,151,0x00697446,FUN_006973b0,,,unclassified,0.00,unknown,undefined FUN_006973b0(void),false,,,,
0x00697450,39,0x00697476,FUN_00697450,,,unclassified,0.00,unknown,undefined FUN_00697450(void),false,,,,
0x00697480,135,0x00697506,FUN_00697480,,,unclassified,0.00,unknown,undefined FUN_00697480(void),false,,,,
0x00697510,678,0x006977B8,FUN_00697510,,,unclassified,0.00,unknown,undefined FUN_00697510(void),false,,,,
0x00697800,125,0x0069787C,FUN_00697800,,,unclassified,0.00,unknown,undefined FUN_00697800(void),false,,,,
0x0069787D,9,0x00697885,Catch_All@0069787d,,,unclassified,0.00,unknown,undefined Catch_All@0069787d(void),false,,,,
0x006978A0,678,0x00697B48,FUN_006978a0,,,unclassified,0.00,unknown,undefined FUN_006978a0(void),false,,,,
0x00697B90,125,0x00697C0C,FUN_00697b90,,,unclassified,0.00,unknown,undefined FUN_00697b90(void),false,,,,
0x00697C0D,9,0x00697C15,Catch_All@00697c0d,,,unclassified,0.00,unknown,undefined Catch_All@00697c0d(void),false,,,,
0x00697C30,73,0x00697C85,FUN_00697c30,,,unclassified,0.00,unknown,undefined FUN_00697c30(void),false,,,,
0x00697C90,73,0x00697CE5,FUN_00697c90,,,unclassified,0.00,unknown,undefined FUN_00697c90(void),false,,,,
0x00697CF0,194,0x00697DB1,FUN_00697cf0,,,unclassified,0.00,unknown,undefined FUN_00697cf0(void),false,,,,
0x00697E00,318,0x00697F40,FUN_00697e00,,,unclassified,0.00,unknown,undefined FUN_00697e00(void),false,,,,
0x00697F50,57,0x00697F8E,FUN_00697f50,,,unclassified,0.00,unknown,undefined FUN_00697f50(void),false,,,,
0x00697F90,215,0x0069806C,FUN_00697f90,,,unclassified,0.00,unknown,undefined FUN_00697f90(void),false,,,,
0x00698070,39,0x00698096,FUN_00698070,,,unclassified,0.00,unknown,undefined FUN_00698070(void),false,,,,
0x006980A0,105,0x00698108,FUN_006980a0,,,unclassified,0.00,unknown,undefined FUN_006980a0(void),false,,,,
0x00698110,106,0x00698179,FUN_00698110,,,unclassified,0.00,unknown,undefined FUN_00698110(void),false,,,,
0x00698180,137,0x00698208,FUN_00698180,,,unclassified,0.00,unknown,undefined FUN_00698180(void),false,,,,
0x00698210,1184,0x006986AF,FUN_00698210,,,unclassified,0.00,unknown,undefined FUN_00698210(void),false,,,,
0x00698710,764,0x00698A0E,FUN_00698710,,,unclassified,0.00,unknown,undefined FUN_00698710(void),false,,,,
0x00698A70,1319,0x00698FB4,FUN_00698a70,,,unclassified,0.00,unknown,undefined FUN_00698a70(void),false,,,,
0x00698FC0,63,0x00698FFE,FUN_00698fc0,,,unclassified,0.00,unknown,undefined FUN_00698fc0(void),false,,,,
0x00699000,196,0x006990C3,FUN_00699000,,,unclassified,0.00,unknown,undefined FUN_00699000(void),false,,,,
0x006990D0,110,0x0069913D,FUN_006990d0,,,unclassified,0.00,unknown,undefined FUN_006990d0(void),false,,,,
0x00699140,509,0x0069933C,FUN_00699140,,,unclassified,0.00,unknown,undefined FUN_00699140(void),false,,,,
0x00699340,509,0x0069953C,FUN_00699340,,,unclassified,0.00,unknown,undefined FUN_00699340(void),false,,,,
0x00699540,652,0x006997CB,FUN_00699540,,,unclassified,0.00,unknown,undefined FUN_00699540(void),false,,,,
0x00699810,50,0x0069984C,FUN_00699810,,,unclassified,0.00,unknown,undefined FUN_00699810(void),false,,,,
0x00699850,615,0x00699AB6,FUN_00699850,,,unclassified,0.00,unknown,undefined FUN_00699850(void),false,,,,
0x00699AC0,1962,0x0069A28D,FUN_00699ac0,,,unclassified,0.00,unknown,undefined FUN_00699ac0(void),false,,,,
0x0069A290,3377,0x0069AFF2,FUN_0069a290,,,unclassified,0.00,unknown,undefined FUN_0069a290(void),false,,,,
0x0069B000,386,0x0069B181,FUN_0069b000,,,unclassified,0.00,unknown,undefined FUN_0069b000(void),false,,,,
0x0069B190,1166,0x0069B61D,FUN_0069b190,,,unclassified,0.00,unknown,undefined FUN_0069b190(void),false,,,,
0x0069B620,437,0x0069B7D7,FUN_0069b620,,,unclassified,0.00,unknown,undefined FUN_0069b620(void),false,,,,
0x0069B7E0,239,0x0069B8CE,FUN_0069b7e0,,,unclassified,0.00,unknown,undefined FUN_0069b7e0(void),false,,,,
0x0069B8D0,93,0x0069B92C,FUN_0069b8d0,,,unclassified,0.00,unknown,undefined FUN_0069b8d0(void),false,,,,
0x0069B930,94,0x0069B98D,FUN_0069b930,,,unclassified,0.00,unknown,undefined FUN_0069b930(void),false,,,,
0x0069B990,82,0x0069B9E1,FUN_0069b990,,,unclassified,0.00,unknown,undefined FUN_0069b990(void),false,,,,
0x0069B9F0,75,0x0069BA3A,FUN_0069b9f0,,,unclassified,0.00,unknown,undefined FUN_0069b9f0(void),false,,,,
0x0069BA40,82,0x0069BA91,FUN_0069ba40,,,unclassified,0.00,unknown,undefined FUN_0069ba40(void),false,,,,
0x0069BAA0,82,0x0069BAF1,FUN_0069baa0,,,unclassified,0.00,unknown,undefined FUN_0069baa0(void),false,,,,
0x0069BB00,75,0x0069BB4A,FUN_0069bb00,,,unclassified,0.00,unknown,undefined FUN_0069bb00(void),false,,,,
0x0069BB50,2081,0x0069C3A1,FUN_0069bb50,,,unclassified,0.00,unknown,undefined FUN_0069bb50(void),false,,,,
0x0069C3B0,177,0x0069C460,FUN_0069c3b0,,,unclassified,0.00,unknown,undefined FUN_0069c3b0(void),false,,,,
0x0069C470,390,0x0069C5F5,FUN_0069c470,,,unclassified,0.00,unknown,undefined FUN_0069c470(void),false,,,,
0x0069C600,216,0x0069C6D7,FUN_0069c600,,,unclassified,0.00,unknown,undefined FUN_0069c600(void),false,,,,
0x0069C6E0,901,0x0069CA72,FUN_0069c6e0,,,unclassified,0.00,unknown,undefined FUN_0069c6e0(void),false,,,,
0x0069CAE0,96,0x0069CB3F,FUN_0069cae0,,,unclassified,0.00,unknown,undefined FUN_0069cae0(void),false,,,,
0x0069CB40,130,0x0069CBC1,FUN_0069cb40,,,unclassified,0.00,unknown,undefined FUN_0069cb40(void),false,,,,
0x0069CBD0,157,0x0069CC6C,FUN_0069cbd0,,,unclassified,0.00,unknown,undefined FUN_0069cbd0(void),false,,,,
0x0069CC70,300,0x0069CD9B,FUN_0069cc70,,,unclassified,0.00,unknown,undefined FUN_0069cc70(void),false,,,,
0x0069CDA0,775,0x0069D0A6,FUN_0069cda0,,,unclassified,0.00,unknown,undefined FUN_0069cda0(void),false,,,,
0x0069D0B0,29,0x0069D0CC,FUN_0069d0b0,,,unclassified,0.00,unknown,undefined FUN_0069d0b0(void),false,,,,
0x0069D0D0,185,0x0069D188,FUN_0069d0d0,,,unclassified,0.00,unknown,undefined FUN_0069d0d0(void),false,,,,
0x0069D190,200,0x0069D258,FUN_0069d190,,,unclassified,0.00,unknown,undefined FUN_0069d190(void),false,,,,
0x0069D260,303,0x0069D38E,FUN_0069d260,,,unclassified,0.00,unknown,undefined FUN_0069d260(void),false,,,,
0x0069D390,200,0x0069D458,FUN_0069d390,,,unclassified,0.00,unknown,undefined FUN_0069d390(void),false,,,,
0x0069D460,337,0x0069D5B0,FUN_0069d460,,,unclassified,0.00,unknown,undefined FUN_0069d460(void),false,,,,
0x0069D5D0,146,0x0069D661,FUN_0069d5d0,,,unclassified,0.00,unknown,undefined FUN_0069d5d0(void),false,,,,
0x0069D670,236,0x0069D75B,FUN_0069d670,,,unclassified,0.00,unknown,undefined FUN_0069d670(void),false,,,,
0x0069D760,516,0x0069D963,FUN_0069d760,,,unclassified,0.00,unknown,undefined FUN_0069d760(void),false,,,,
0x0069D970,574,0x0069DBB0,FUN_0069d970,,,unclassified,0.00,unknown,undefined FUN_0069d970(void),false,,,,
0x0069DBC0,601,0x0069DE18,FUN_0069dbc0,,,unclassified,0.00,unknown,undefined FUN_0069dbc0(void),false,,,,
0x0069DE20,594,0x0069E071,FUN_0069de20,,,unclassified,0.00,unknown,undefined FUN_0069de20(void),false,,,,
0x0069E080,302,0x0069E1AD,FUN_0069e080,,,unclassified,0.00,unknown,undefined FUN_0069e080(void),false,,,,
0x0069E1B0,591,0x0069E3FE,FUN_0069e1b0,,,unclassified,0.00,unknown,undefined FUN_0069e1b0(void),false,,,,
0x0069E400,769,0x0069E700,FUN_0069e400,,,unclassified,0.00,unknown,undefined FUN_0069e400(void),false,,,,
0x0069E770,479,0x0069E94E,FUN_0069e770,,,unclassified,0.00,unknown,undefined FUN_0069e770(void),false,,,,
0x0069E980,592,0x0069EBD8,FUN_0069e980,,,unclassified,0.00,unknown,undefined FUN_0069e980(void),false,,,,
0x0069EC00,125,0x0069EC7C,FUN_0069ec00,,,unclassified,0.00,unknown,undefined FUN_0069ec00(void),false,,,,
0x0069EC80,83,0x0069ECD2,FUN_0069ec80,,,unclassified,0.00,unknown,undefined FUN_0069ec80(void),false,,,,
0x0069ED10,184,0x0069EDC7,FUN_0069ed10,,,unclassified,0.00,unknown,undefined FUN_0069ed10(void),false,,,,
0x0069EDD0,761,0x0069F0C8,FUN_0069edd0,,,unclassified,0.00,unknown,undefined FUN_0069edd0(void),false,,,,
0x0069F150,444,0x0069F30B,FUN_0069f150,,,unclassified,0.00,unknown,undefined FUN_0069f150(void),false,,,,
0x0069F310,508,0x0069F50B,FUN_0069f310,,,unclassified,0.00,unknown,undefined FUN_0069f310(void),false,,,,
0x0069F510,200,0x0069F5D8,FUN_0069f510,,,unclassified,0.00,unknown,undefined FUN_0069f510(void),false,,,,
0x0069F5E0,397,0x0069F76C,FUN_0069f5e0,,,unclassified,0.00,unknown,undefined FUN_0069f5e0(void),false,,,,
0x0069F770,58,0x0069F7A9,FUN_0069f770,,,unclassified,0.00,unknown,undefined FUN_0069f770(void),false,,,,
0x0069F7B0,365,0x0069F91C,FUN_0069f7b0,,,unclassified,0.00,unknown,undefined FUN_0069f7b0(void),false,,,,
0x0069F980,256,0x0069FA7F,FUN_0069f980,,,unclassified,0.00,unknown,undefined FUN_0069f980(void),false,,,,
0x0069FA80,997,0x0069FE64,FUN_0069fa80,,,unclassified,0.00,unknown,undefined FUN_0069fa80(void),false,,,,
0x0069FF10,296,0x006A003D,FUN_0069ff10,,,unclassified,0.00,unknown,undefined FUN_0069ff10(void),false,,,,
0x006A0040,252,0x006A013E,FUN_006a0040,,,unclassified,0.00,unknown,undefined FUN_006a0040(void),false,,,,
0x006A0140,477,0x006A0322,FUN_006a0140,,,unclassified,0.00,unknown,undefined FUN_006a0140(void),false,,,,
0x006A0330,218,0x006A0409,FUN_006a0330,,,unclassified,0.00,unknown,undefined FUN_006a0330(void),false,,,,
0x006A0450,36,0x006A0473,FUN_006a0450,,,unclassified,0.00,unknown,undefined FUN_006a0450(void),false,,,,
0x006A0490,36,0x006A04B3,FUN_006a0490,,,unclassified,0.00,unknown,undefined FUN_006a0490(void),false,,,,
0x006A04D0,135,0x006A0556,FUN_006a04d0,,,unclassified,0.00,unknown,undefined FUN_006a04d0(void),false,,,,
0x006A0560,310,0x006A0695,FUN_006a0560,,,unclassified,0.00,unknown,undefined FUN_006a0560(void),false,,,,
0x006A0B40,51,0x006A0B72,FUN_006a0b40,,,unclassified,0.00,unknown,undefined FUN_006a0b40(void),false,,,,
0x006A0B80,225,0x006A0C60,FUN_006a0b80,,,unclassified,0.00,unknown,undefined FUN_006a0b80(void),false,,,,
0x006A0C70,36,0x006A0C93,FUN_006a0c70,,,unclassified,0.00,unknown,undefined FUN_006a0c70(void),false,,,,
0x006A0CB0,91,0x006A0D0A,FUN_006a0cb0,,,unclassified,0.00,unknown,undefined FUN_006a0cb0(void),false,,,,
0x006A0DA0,616,0x006A1007,FUN_006a0da0,,,unclassified,0.00,unknown,undefined FUN_006a0da0(void),false,,,,
0x006A1008,27,0x006A1025,Catch_All@006a1008,,,unclassified,0.00,unknown,undefined Catch_All@006a1008(void),false,,,,
0x006A1030,149,0x006A10C7,FUN_006a1030,,,unclassified,0.00,unknown,undefined FUN_006a1030(void),false,,,,
0x006A10D0,1313,0x006A160A,FUN_006a10d0,,,unclassified,0.00,unknown,undefined FUN_006a10d0(void),false,,,,
0x006A1610,5,0x006A1614,thunk_FUN_006a0da0,,,unclassified,0.00,unknown,undefined thunk_FUN_006a0da0(void),true,,,,
0x006A1620,24,0x006A163A,FUN_006a1620,,,unclassified,0.00,unknown,undefined FUN_006a1620(void),false,,,,
0x006A1640,121,0x006A16B8,FUN_006a1640,,,unclassified,0.00,unknown,undefined FUN_006a1640(void),false,,,,
0x006A16B9,21,0x006A16CD,Catch_All@006a16b9,,,unclassified,0.00,unknown,undefined Catch_All@006a16b9(void),false,,,,
0x006A16D0,23,0x006A16E9,FUN_006a16d0,,,unclassified,0.00,unknown,undefined FUN_006a16d0(void),false,,,,
0x006A16F0,1148,0x006A1B6E,FUN_006a16f0,,,unclassified,0.00,unknown,undefined FUN_006a16f0(void),false,,,,
0x006A1B70,209,0x006A1C40,FUN_006a1b70,,,unclassified,0.00,unknown,undefined FUN_006a1b70(void),false,,,,
0x006A1C50,35,0x006A1C72,FUN_006a1c50,,,unclassified,0.00,unknown,undefined FUN_006a1c50(void),false,,,,
0x006A1C80,162,0x006A1D21,FUN_006a1c80,,,unclassified,0.00,unknown,undefined FUN_006a1c80(void),false,,,,
0x006A1D30,392,0x006A1EB7,FUN_006a1d30,,,unclassified,0.00,unknown,undefined FUN_006a1d30(void),false,,,,
0x006A1EC0,515,0x006A20C2,FUN_006a1ec0,,,unclassified,0.00,unknown,undefined FUN_006a1ec0(void),false,,,,
0x006A20D0,18,0x006A20E1,FUN_006a20d0,,,unclassified,0.00,unknown,undefined FUN_006a20d0(void),false,,,,
0x006A20F0,455,0x006A22B6,FUN_006a20f0,,,unclassified,0.00,unknown,undefined FUN_006a20f0(void),false,,,,
0x006A22C0,77,0x006A230C,FUN_006a22c0,,,unclassified,0.00,unknown,undefined FUN_006a22c0(void),false,,,,
0x006A2330,72,0x006A2377,FUN_006a2330,,,unclassified,0.00,unknown,undefined FUN_006a2330(void),false,,,,
0x006A2380,163,0x006A2422,FUN_006a2380,,,unclassified,0.00,unknown,undefined FUN_006a2380(void),false,,,,
0x006A2430,67,0x006A2485,FUN_006a2430,,,unclassified,0.00,unknown,undefined FUN_006a2430(void),false,,,,
0x006A2490,10,0x006A2499,FUN_006a2490,,,unclassified,0.00,unknown,undefined FUN_006a2490(void),false,,,,
0x006A24A0,12,0x006A24AB,FUN_006a24a0,,,unclassified,0.00,unknown,undefined FUN_006a24a0(void),false,,,,
0x006A24B0,39,0x006A24D6,FUN_006a24b0,,,unclassified,0.00,unknown,undefined FUN_006a24b0(void),false,,,,
0x006A24E0,32,0x006A24FF,FUN_006a24e0,,,unclassified,0.00,unknown,undefined FUN_006a24e0(void),false,,,,
0x006A2540,6,0x006A2545,FUN_006a2540,,,unclassified,0.00,unknown,undefined FUN_006a2540(void),false,,,,
0x006A2550,191,0x006A2611,FUN_006a2550,,,unclassified,0.00,unknown,undefined FUN_006a2550(void),false,,,,
0x006A2620,55,0x006A2656,FUN_006a2620,,,unclassified,0.00,unknown,undefined FUN_006a2620(void),false,,,,
0x006A2660,6,0x006A2665,FUN_006a2660,,,unclassified,0.00,unknown,undefined FUN_006a2660(void),false,,,,
0x006A2670,6,0x006A2675,KERNEL32.DLL::GetUserDefaultLCID,,,unclassified,0.00,__stdcall,LCID GetUserDefaultLCID(void),true,,,,
0x006A2690,11,0x006A269A,FUN_006a2690,,,unclassified,0.00,unknown,undefined FUN_006a2690(void),false,,,,
0x006A26A0,34,0x006A26C1,FUN_006a26a0,,,unclassified,0.00,unknown,undefined FUN_006a26a0(void),false,,,,
0x006A26D0,127,0x006A274E,FUN_006a26d0,,,unclassified,0.00,unknown,undefined FUN_006a26d0(void),false,,,,
0x006A274F,19,0x006A2761,Catch_All@006a274f,,,unclassified,0.00,unknown,undefined Catch_All@006a274f(void),false,,,,
0x006A2770,28,0x006A278E,FUN_006a2770,,,unclassified,0.00,unknown,undefined FUN_006a2770(void),false,,,,
0x006A2790,73,0x006A27D8,FUN_006a2790,,,unclassified,0.00,unknown,undefined FUN_006a2790(void),false,,,,
0x006A27E0,154,0x006A2879,FUN_006a27e0,,,unclassified,0.00,unknown,undefined FUN_006a27e0(void),false,,,,
0x006A2880,536,0x006A2A9A,FUN_006a2880,,,unclassified,0.00,unknown,undefined FUN_006a2880(void),false,,,,
0x006A2AA0,1143,0x006A2F2B,FUN_006a2aa0,,,unclassified,0.00,unknown,undefined FUN_006a2aa0(void),false,,,,
0x006A2F30,61,0x006A2F6C,FUN_006a2f30,,,unclassified,0.00,unknown,undefined FUN_006a2f30(void),false,,,,
0x006A2F70,31,0x006A2F8E,FUN_006a2f70,,,unclassified,0.00,unknown,undefined FUN_006a2f70(void),false,,,,
0x006A2F90,26,0x006A2FA9,FUN_006a2f90,,,unclassified,0.00,unknown,undefined FUN_006a2f90(void),false,,,,
0x006A2FAA,6,0x006A2FAF,KERNEL32.DLL::RtlUnwind,,,unclassified,0.00,__stdcall,"void RtlUnwind(PVOID TargetFrame, PVOID TargetIp, PEXCEPTION_RECORD ExceptionRecord, PVOID ReturnValue)",true,,,,
0x006A2FB0,12,0x006A2FBB,FUN_006a2fb0,,,unclassified,0.00,unknown,undefined FUN_006a2fb0(void),false,,,,
0x006A2FC0,13,0x006A2FCC,FUN_006a2fc0,,,unclassified,0.00,unknown,undefined FUN_006a2fc0(void),false,,,,
0x006A2FD0,13,0x006A2FDC,FUN_006a2fd0,,,unclassified,0.00,unknown,undefined FUN_006a2fd0(void),false,,,,
0x006A2FE0,13,0x006A2FEC,FUN_006a2fe0,,,unclassified,0.00,unknown,undefined FUN_006a2fe0(void),false,,,,
0x006A2FF0,215,0x006A30C6,FUN_006a2ff0,,,unclassified,0.00,unknown,undefined FUN_006a2ff0(void),false,,,,
0x006A30D0,37,0x006A30F4,FUN_006a30d0,,,unclassified,0.00,unknown,undefined FUN_006a30d0(void),false,,,,
0x006A3100,37,0x006A3124,FUN_006a3100,,,unclassified,0.00,unknown,undefined FUN_006a3100(void),false,,,,
0x006A3130,98,0x006A3191,FUN_006a3130,,,unclassified,0.00,unknown,undefined FUN_006a3130(void),false,,,,
0x006A31A0,60,0x006A31E4,FUN_006a31a0,,,unclassified,0.00,unknown,undefined FUN_006a31a0(void),false,,,,
0x006A31F0,161,0x006A3290,FUN_006a31f0,,,unclassified,0.00,unknown,undefined FUN_006a31f0(void),false,,,,
0x006A32A0,47,0x006A32CE,FUN_006a32a0,,,unclassified,0.00,unknown,undefined FUN_006a32a0(void),false,,,,
0x006A32D0,68,0x006A3313,FUN_006a32d0,,,unclassified,0.00,unknown,undefined FUN_006a32d0(void),false,,,,
0x006A3320,22,0x006A3335,FUN_006a3320,,,unclassified,0.00,unknown,undefined FUN_006a3320(void),false,,,,
0x006A3340,34,0x006A3364,FUN_006a3340,,,unclassified,0.00,unknown,undefined FUN_006a3340(void),false,,,,
0x006A3370,122,0x006A33E9,FUN_006a3370,,,unclassified,0.00,unknown,undefined FUN_006a3370(void),false,,,,
0x006A33F0,30,0x006A340D,FUN_006a33f0,,,unclassified,0.00,unknown,undefined FUN_006a33f0(void),false,,,,
0x006A3410,327,0x006A3556,FUN_006a3410,,,unclassified,0.00,unknown,undefined FUN_006a3410(void),false,,,,
0x006A3560,739,0x006A3842,FUN_006a3560,,,unclassified,0.00,unknown,undefined FUN_006a3560(void),false,,,,
0x006A3850,24,0x006A3867,FUN_006a3850,,,unclassified,0.00,unknown,undefined FUN_006a3850(void),false,,,,
0x006A3870,76,0x006A38BB,FUN_006a3870,,,unclassified,0.00,unknown,undefined FUN_006a3870(void),false,,,,
0x006A38C0,28,0x006A38DB,FUN_006a38c0,,,unclassified,0.00,unknown,undefined FUN_006a38c0(void),false,,,,
0x006A38E0,21,0x006A38F4,FUN_006a38e0,,,unclassified,0.00,unknown,undefined FUN_006a38e0(void),false,,,,
0x006A3900,302,0x006A3A2D,FUN_006a3900,,,unclassified,0.00,unknown,undefined FUN_006a3900(void),false,,,,
0x006A3A30,21,0x006A3A44,FUN_006a3a30,,,unclassified,0.00,unknown,undefined FUN_006a3a30(void),false,,,,
0x006A3A50,54,0x006A3A85,FUN_006a3a50,,,unclassified,0.00,unknown,undefined FUN_006a3a50(void),false,,,,
0x006A3A90,244,0x006A3B83,FUN_006a3a90,,,unclassified,0.00,unknown,undefined FUN_006a3a90(void),false,,,,
0x006A3B90,30,0x006A3BAD,FUN_006a3b90,,,unclassified,0.00,unknown,undefined FUN_006a3b90(void),false,,,,
0x006A3BB0,14,0x006A3BBD,FUN_006a3bb0,,,unclassified,0.00,unknown,undefined FUN_006a3bb0(void),false,,,,
0x006A3BE0,40,0x006A3C07,FUN_006a3be0,,,unclassified,0.00,unknown,undefined FUN_006a3be0(void),false,,,,
0x006A3C10,167,0x006A3CB6,FUN_006a3c10,,,unclassified,0.00,unknown,undefined FUN_006a3c10(void),false,,,,
0x006A3CC0,45,0x006A3CEC,FUN_006a3cc0,,,unclassified,0.00,unknown,undefined FUN_006a3cc0(void),false,,,,
0x006A3CF0,205,0x006A3DBC,FUN_006a3cf0,,,unclassified,0.00,unknown,undefined FUN_006a3cf0(void),false,,,,
0x006A3DC0,24,0x006A3DD7,FUN_006a3dc0,,,unclassified,0.00,unknown,undefined FUN_006a3dc0(void),false,,,,
0x006A3DE0,31,0x006A3DFE,__allshl,,,unclassified,0.00,unknown,undefined __allshl(void),false,,,,
0x006A3E00,8,0x006A3E07,Unwind@006a3e00,,,unclassified,0.00,unknown,undefined Unwind@006a3e00(void),false,,,,
0x006A3E30,9,0x006A3E38,Unwind@006a3e30,,,unclassified,0.00,unknown,undefined Unwind@006a3e30(void),false,,,,
0x006A3E3B,9,0x006A3E43,Unwind@006a3e3b,,,unclassified,0.00,unknown,undefined Unwind@006a3e3b(void),false,,,,
0x006A3E46,9,0x006A3E4E,Unwind@006a3e46,,,unclassified,0.00,unknown,undefined Unwind@006a3e46(void),false,,,,
0x006A3E51,9,0x006A3E59,Unwind@006a3e51,,,unclassified,0.00,unknown,undefined Unwind@006a3e51(void),false,,,,
0x006A3E5C,9,0x006A3E64,Unwind@006a3e5c,,,unclassified,0.00,unknown,undefined Unwind@006a3e5c(void),false,,,,
0x006A3E67,9,0x006A3E6F,Unwind@006a3e67,,,unclassified,0.00,unknown,undefined Unwind@006a3e67(void),false,,,,
0x006A3E72,9,0x006A3E7A,Unwind@006a3e72,,,unclassified,0.00,unknown,undefined Unwind@006a3e72(void),false,,,,
0x006A3E7D,9,0x006A3E85,Unwind@006a3e7d,,,unclassified,0.00,unknown,undefined Unwind@006a3e7d(void),false,,,,
0x006A3E88,9,0x006A3E90,Unwind@006a3e88,,,unclassified,0.00,unknown,undefined Unwind@006a3e88(void),false,,,,
0x006A3E93,9,0x006A3E9B,Unwind@006a3e93,,,unclassified,0.00,unknown,undefined Unwind@006a3e93(void),false,,,,
0x006A3E9E,9,0x006A3EA6,Unwind@006a3e9e,,,unclassified,0.00,unknown,undefined Unwind@006a3e9e(void),false,,,,
0x006A3EA9,9,0x006A3EB1,Unwind@006a3ea9,,,unclassified,0.00,unknown,undefined Unwind@006a3ea9(void),false,,,,
0x006A3EB4,9,0x006A3EBC,Unwind@006a3eb4,,,unclassified,0.00,unknown,undefined Unwind@006a3eb4(void),false,,,,
0x006A3EBF,9,0x006A3EC7,Unwind@006a3ebf,,,unclassified,0.00,unknown,undefined Unwind@006a3ebf(void),false,,,,
0x006A3ECA,9,0x006A3ED2,Unwind@006a3eca,,,unclassified,0.00,unknown,undefined Unwind@006a3eca(void),false,,,,
0x006A3ED5,9,0x006A3EDD,Unwind@006a3ed5,,,unclassified,0.00,unknown,undefined Unwind@006a3ed5(void),false,,,,
0x006A3F00,8,0x006A3F07,Unwind@006a3f00,,,unclassified,0.00,unknown,undefined Unwind@006a3f00(void),false,,,,
0x006A3F08,11,0x006A3F12,Unwind@006a3f08,,,unclassified,0.00,unknown,undefined Unwind@006a3f08(void),false,,,,
0x006A3F30,11,0x006A3F3A,Unwind@006a3f30,,,unclassified,0.00,unknown,undefined Unwind@006a3f30(void),false,,,,
0x006A3F3B,11,0x006A3F45,Unwind@006a3f3b,,,unclassified,0.00,unknown,undefined Unwind@006a3f3b(void),false,,,,
0x006A3F46,11,0x006A3F50,Unwind@006a3f46,,,unclassified,0.00,unknown,undefined Unwind@006a3f46(void),false,,,,
0x006A3F70,11,0x006A3F7A,Unwind@006a3f70,,,unclassified,0.00,unknown,undefined Unwind@006a3f70(void),false,,,,
0x006A3F7B,11,0x006A3F85,Unwind@006a3f7b,,,unclassified,0.00,unknown,undefined Unwind@006a3f7b(void),false,,,,
0x006A3F86,11,0x006A3F90,Unwind@006a3f86,,,unclassified,0.00,unknown,undefined Unwind@006a3f86(void),false,,,,
0x006A3FB0,8,0x006A3FB7,Unwind@006a3fb0,,,unclassified,0.00,unknown,undefined Unwind@006a3fb0(void),false,,,,
0x006A3FB8,11,0x006A3FC2,Unwind@006a3fb8,,,unclassified,0.00,unknown,undefined Unwind@006a3fb8(void),false,,,,
0x006A3FE0,8,0x006A3FE7,Unwind@006a3fe0,,,unclassified,0.00,unknown,undefined Unwind@006a3fe0(void),false,,,,
0x006A4010,8,0x006A4017,Unwind@006a4010,,,unclassified,0.00,unknown,undefined Unwind@006a4010(void),false,,,,
0x006A4018,11,0x006A4022,Unwind@006a4018,,,unclassified,0.00,unknown,undefined Unwind@006a4018(void),false,,,,
0x006A4023,14,0x006A4030,Unwind@006a4023,,,unclassified,0.00,unknown,undefined Unwind@006a4023(void),false,,,,
0x006A4050,8,0x006A4057,Unwind@006a4050,,,unclassified,0.00,unknown,undefined Unwind@006a4050(void),false,,,,
0x006A4058,11,0x006A4062,Unwind@006a4058,,,unclassified,0.00,unknown,undefined Unwind@006a4058(void),false,,,,
0x006A4063,14,0x006A4070,Unwind@006a4063,,,unclassified,0.00,unknown,undefined Unwind@006a4063(void),false,,,,
0x006A4090,8,0x006A4097,Unwind@006a4090,,,unclassified,0.00,unknown,undefined Unwind@006a4090(void),false,,,,
0x006A4098,11,0x006A40A2,Unwind@006a4098,,,unclassified,0.00,unknown,undefined Unwind@006a4098(void),false,,,,
0x006A40A3,14,0x006A40B0,Unwind@006a40a3,,,unclassified,0.00,unknown,undefined Unwind@006a40a3(void),false,,,,
0x006A40D0,8,0x006A40D7,Unwind@006a40d0,,,unclassified,0.00,unknown,undefined Unwind@006a40d0(void),false,,,,
0x006A40D8,11,0x006A40E2,Unwind@006a40d8,,,unclassified,0.00,unknown,undefined Unwind@006a40d8(void),false,,,,
0x006A40E3,14,0x006A40F0,Unwind@006a40e3,,,unclassified,0.00,unknown,undefined Unwind@006a40e3(void),false,,,,
0x006A4110,8,0x006A4117,Unwind@006a4110,,,unclassified,0.00,unknown,undefined Unwind@006a4110(void),false,,,,
0x006A4118,11,0x006A4122,Unwind@006a4118,,,unclassified,0.00,unknown,undefined Unwind@006a4118(void),false,,,,
0x006A4140,11,0x006A414A,Unwind@006a4140,,,unclassified,0.00,unknown,undefined Unwind@006a4140(void),false,,,,
0x006A4170,8,0x006A4177,Unwind@006a4170,,,unclassified,0.00,unknown,undefined Unwind@006a4170(void),false,,,,
0x006A4178,11,0x006A4182,Unwind@006a4178,,,unclassified,0.00,unknown,undefined Unwind@006a4178(void),false,,,,
0x006A4183,11,0x006A418D,Unwind@006a4183,,,unclassified,0.00,unknown,undefined Unwind@006a4183(void),false,,,,
0x006A41B0,8,0x006A41B7,Unwind@006a41b0,,,unclassified,0.00,unknown,undefined Unwind@006a41b0(void),false,,,,
0x006A41B8,11,0x006A41C2,Unwind@006a41b8,,,unclassified,0.00,unknown,undefined Unwind@006a41b8(void),false,,,,
0x006A41C3,11,0x006A41CD,Unwind@006a41c3,,,unclassified,0.00,unknown,undefined Unwind@006a41c3(void),false,,,,
0x006A41F0,11,0x006A41FA,Unwind@006a41f0,,,unclassified,0.00,unknown,undefined Unwind@006a41f0(void),false,,,,
0x006A41FB,11,0x006A4205,Unwind@006a41fb,,,unclassified,0.00,unknown,undefined Unwind@006a41fb(void),false,,,,
0x006A4230,8,0x006A4237,Unwind@006a4230,,,unclassified,0.00,unknown,undefined Unwind@006a4230(void),false,,,,
0x006A4238,11,0x006A4242,Unwind@006a4238,,,unclassified,0.00,unknown,undefined Unwind@006a4238(void),false,,,,
0x006A4243,11,0x006A424D,Unwind@006a4243,,,unclassified,0.00,unknown,undefined Unwind@006a4243(void),false,,,,
0x006A424E,11,0x006A4258,Unwind@006a424e,,,unclassified,0.00,unknown,undefined Unwind@006a424e(void),false,,,,
0x006A4280,8,0x006A4287,Unwind@006a4280,,,unclassified,0.00,unknown,undefined Unwind@006a4280(void),false,,,,
0x006A42B0,8,0x006A42B7,Unwind@006a42b0,,,unclassified,0.00,unknown,undefined Unwind@006a42b0(void),false,,,,
0x006A42E0,11,0x006A42EA,Unwind@006a42e0,,,unclassified,0.00,unknown,undefined Unwind@006a42e0(void),false,,,,
0x006A4330,8,0x006A4337,Unwind@006a4330,,,unclassified,0.00,unknown,undefined Unwind@006a4330(void),false,,,,
0x006A4360,11,0x006A436A,Unwind@006a4360,,,unclassified,0.00,unknown,undefined Unwind@006a4360(void),false,,,,
0x006A4390,8,0x006A4397,Unwind@006a4390,,,unclassified,0.00,unknown,undefined Unwind@006a4390(void),false,,,,
0x006A4398,9,0x006A43A0,Unwind@006a4398,,,unclassified,0.00,unknown,undefined Unwind@006a4398(void),false,,,,
0x006A43A3,17,0x006A43B3,Unwind@006a43a3,,,unclassified,0.00,unknown,undefined Unwind@006a43a3(void),false,,,,
0x006A43D0,8,0x006A43D7,Unwind@006a43d0,,,unclassified,0.00,unknown,undefined Unwind@006a43d0(void),false,,,,
0x006A43D8,39,0x006A43FE,Unwind@006a43d8,,,unclassified,0.00,unknown,undefined Unwind@006a43d8(void),false,,,,
0x006A43FF,11,0x006A4409,Unwind@006a43ff,,,unclassified,0.00,unknown,undefined Unwind@006a43ff(void),false,,,,
0x006A440A,11,0x006A4414,Unwind@006a440a,,,unclassified,0.00,unknown,undefined Unwind@006a440a(void),false,,,,
0x006A4430,11,0x006A443A,Unwind@006a4430,,,unclassified,0.00,unknown,undefined Unwind@006a4430(void),false,,,,
0x006A443B,14,0x006A4448,Unwind@006a443b,,,unclassified,0.00,unknown,undefined Unwind@006a443b(void),false,,,,
0x006A4449,17,0x006A4459,Unwind@006a4449,,,unclassified,0.00,unknown,undefined Unwind@006a4449(void),false,,,,
0x006A445A,17,0x006A446A,Unwind@006a445a,,,unclassified,0.00,unknown,undefined Unwind@006a445a(void),false,,,,
0x006A446B,17,0x006A447B,Unwind@006a446b,,,unclassified,0.00,unknown,undefined Unwind@006a446b(void),false,,,,
0x006A447C,27,0x006A4496,Unwind@006a447c,,,unclassified,0.00,unknown,undefined Unwind@006a447c(void),false,,,,
0x006A4497,17,0x006A44A7,Unwind@006a4497,,,unclassified,0.00,unknown,undefined Unwind@006a4497(void),false,,,,
0x006A44A8,30,0x006A44C5,Unwind@006a44a8,,,unclassified,0.00,unknown,undefined Unwind@006a44a8(void),false,,,,
0x006A44C6,17,0x006A44D6,Unwind@006a44c6,,,unclassified,0.00,unknown,undefined Unwind@006a44c6(void),false,,,,
0x006A44D7,17,0x006A44E7,Unwind@006a44d7,,,unclassified,0.00,unknown,undefined Unwind@006a44d7(void),false,,,,
0x006A44E8,17,0x006A44F8,Unwind@006a44e8,,,unclassified,0.00,unknown,undefined Unwind@006a44e8(void),false,,,,
0x006A44F9,30,0x006A4516,Unwind@006a44f9,,,unclassified,0.00,unknown,undefined Unwind@006a44f9(void),false,,,,
0x006A4517,30,0x006A4534,Unwind@006a4517,,,unclassified,0.00,unknown,undefined Unwind@006a4517(void),false,,,,
0x006A4535,30,0x006A4552,Unwind@006a4535,,,unclassified,0.00,unknown,undefined Unwind@006a4535(void),false,,,,
0x006A4553,17,0x006A4563,Unwind@006a4553,,,unclassified,0.00,unknown,undefined Unwind@006a4553(void),false,,,,
0x006A4564,30,0x006A4581,Unwind@006a4564,,,unclassified,0.00,unknown,undefined Unwind@006a4564(void),false,,,,
0x006A4582,30,0x006A459F,Unwind@006a4582,,,unclassified,0.00,unknown,undefined Unwind@006a4582(void),false,,,,
0x006A45A0,17,0x006A45B0,Unwind@006a45a0,,,unclassified,0.00,unknown,undefined Unwind@006a45a0(void),false,,,,
0x006A45B1,30,0x006A45CE,Unwind@006a45b1,,,unclassified,0.00,unknown,undefined Unwind@006a45b1(void),false,,,,
0x006A4600,8,0x006A4607,Unwind@006a4600,,,unclassified,0.00,unknown,undefined Unwind@006a4600(void),false,,,,
0x006A4608,11,0x006A4612,Unwind@006a4608,,,unclassified,0.00,unknown,undefined Unwind@006a4608(void),false,,,,
0x006A4613,14,0x006A4620,Unwind@006a4613,,,unclassified,0.00,unknown,undefined Unwind@006a4613(void),false,,,,
0x006A4621,14,0x006A462E,Unwind@006a4621,,,unclassified,0.00,unknown,undefined Unwind@006a4621(void),false,,,,
0x006A462F,14,0x006A463C,Unwind@006a462f,,,unclassified,0.00,unknown,undefined Unwind@006a462f(void),false,,,,
0x006A463D,24,0x006A4654,Unwind@006a463d,,,unclassified,0.00,unknown,undefined Unwind@006a463d(void),false,,,,
0x006A4655,14,0x006A4662,Unwind@006a4655,,,unclassified,0.00,unknown,undefined Unwind@006a4655(void),false,,,,
0x006A4663,27,0x006A467D,Unwind@006a4663,,,unclassified,0.00,unknown,undefined Unwind@006a4663(void),false,,,,
0x006A467E,14,0x006A468B,Unwind@006a467e,,,unclassified,0.00,unknown,undefined Unwind@006a467e(void),false,,,,
0x006A468C,14,0x006A4699,Unwind@006a468c,,,unclassified,0.00,unknown,undefined Unwind@006a468c(void),false,,,,
0x006A469A,14,0x006A46A7,Unwind@006a469a,,,unclassified,0.00,unknown,undefined Unwind@006a469a(void),false,,,,
0x006A46A8,27,0x006A46C2,Unwind@006a46a8,,,unclassified,0.00,unknown,undefined Unwind@006a46a8(void),false,,,,
0x006A46C3,27,0x006A46DD,Unwind@006a46c3,,,unclassified,0.00,unknown,undefined Unwind@006a46c3(void),false,,,,
0x006A46DE,27,0x006A46F8,Unwind@006a46de,,,unclassified,0.00,unknown,undefined Unwind@006a46de(void),false,,,,
0x006A46F9,14,0x006A4706,Unwind@006a46f9,,,unclassified,0.00,unknown,undefined Unwind@006a46f9(void),false,,,,
0x006A4707,27,0x006A4721,Unwind@006a4707,,,unclassified,0.00,unknown,undefined Unwind@006a4707(void),false,,,,
0x006A4722,27,0x006A473C,Unwind@006a4722,,,unclassified,0.00,unknown,undefined Unwind@006a4722(void),false,,,,
0x006A473D,14,0x006A474A,Unwind@006a473d,,,unclassified,0.00,unknown,undefined Unwind@006a473d(void),false,,,,
0x006A474B,27,0x006A4765,Unwind@006a474b,,,unclassified,0.00,unknown,undefined Unwind@006a474b(void),false,,,,
0x006A4790,9,0x006A4798,Unwind@006a4790,,,unclassified,0.00,unknown,undefined Unwind@006a4790(void),false,,,,
0x006A47E0,8,0x006A47E7,Unwind@006a47e0,,,unclassified,0.00,unknown,undefined Unwind@006a47e0(void),false,,,,
0x006A47E8,11,0x006A47F2,Unwind@006a47e8,,,unclassified,0.00,unknown,undefined Unwind@006a47e8(void),false,,,,
0x006A47F3,11,0x006A47FD,Unwind@006a47f3,,,unclassified,0.00,unknown,undefined Unwind@006a47f3(void),false,,,,
0x006A47FE,11,0x006A4808,Unwind@006a47fe,,,unclassified,0.00,unknown,undefined Unwind@006a47fe(void),false,,,,
0x006A4809,14,0x006A4816,Unwind@006a4809,,,unclassified,0.00,unknown,undefined Unwind@006a4809(void),false,,,,
0x006A4817,14,0x006A4824,Unwind@006a4817,,,unclassified,0.00,unknown,undefined Unwind@006a4817(void),false,,,,
0x006A4825,14,0x006A4832,Unwind@006a4825,,,unclassified,0.00,unknown,undefined Unwind@006a4825(void),false,,,,
0x006A4833,14,0x006A4840,Unwind@006a4833,,,unclassified,0.00,unknown,undefined Unwind@006a4833(void),false,,,,
0x006A4841,14,0x006A484E,Unwind@006a4841,,,unclassified,0.00,unknown,undefined Unwind@006a4841(void),false,,,,
0x006A4870,8,0x006A4877,Unwind@006a4870,,,unclassified,0.00,unknown,undefined Unwind@006a4870(void),false,,,,
0x006A4878,11,0x006A4882,Unwind@006a4878,,,unclassified,0.00,unknown,undefined Unwind@006a4878(void),false,,,,
0x006A4883,11,0x006A488D,Unwind@006a4883,,,unclassified,0.00,unknown,undefined Unwind@006a4883(void),false,,,,
0x006A488E,11,0x006A4898,Unwind@006a488e,,,unclassified,0.00,unknown,undefined Unwind@006a488e(void),false,,,,
0x006A4899,14,0x006A48A6,Unwind@006a4899,,,unclassified,0.00,unknown,undefined Unwind@006a4899(void),false,,,,
0x006A48A7,14,0x006A48B4,Unwind@006a48a7,,,unclassified,0.00,unknown,undefined Unwind@006a48a7(void),false,,,,
0x006A48B5,14,0x006A48C2,Unwind@006a48b5,,,unclassified,0.00,unknown,undefined Unwind@006a48b5(void),false,,,,
0x006A48C3,14,0x006A48D0,Unwind@006a48c3,,,unclassified,0.00,unknown,undefined Unwind@006a48c3(void),false,,,,
0x006A48D1,14,0x006A48DE,Unwind@006a48d1,,,unclassified,0.00,unknown,undefined Unwind@006a48d1(void),false,,,,
0x006A4900,9,0x006A4908,Unwind@006a4900,,,unclassified,0.00,unknown,undefined Unwind@006a4900(void),false,,,,
0x006A490B,9,0x006A4913,Unwind@006a490b,,,unclassified,0.00,unknown,undefined Unwind@006a490b(void),false,,,,
0x006A4916,9,0x006A491E,Unwind@006a4916,,,unclassified,0.00,unknown,undefined Unwind@006a4916(void),false,,,,
0x006A4921,9,0x006A4929,Unwind@006a4921,,,unclassified,0.00,unknown,undefined Unwind@006a4921(void),false,,,,
0x006A492C,9,0x006A4934,Unwind@006a492c,,,unclassified,0.00,unknown,undefined Unwind@006a492c(void),false,,,,
0x006A4937,9,0x006A493F,Unwind@006a4937,,,unclassified,0.00,unknown,undefined Unwind@006a4937(void),false,,,,
0x006A4960,8,0x006A4967,Unwind@006a4960,,,unclassified,0.00,unknown,undefined Unwind@006a4960(void),false,,,,
0x006A4968,11,0x006A4972,Unwind@006a4968,,,unclassified,0.00,unknown,undefined Unwind@006a4968(void),false,,,,
0x006A4973,14,0x006A4980,Unwind@006a4973,,,unclassified,0.00,unknown,undefined Unwind@006a4973(void),false,,,,
0x006A4981,14,0x006A498E,Unwind@006a4981,,,unclassified,0.00,unknown,undefined Unwind@006a4981(void),false,,,,
0x006A498F,14,0x006A499C,Unwind@006a498f,,,unclassified,0.00,unknown,undefined Unwind@006a498f(void),false,,,,
0x006A49C0,8,0x006A49C7,Unwind@006a49c0,,,unclassified,0.00,unknown,undefined Unwind@006a49c0(void),false,,,,
0x006A49C8,11,0x006A49D2,Unwind@006a49c8,,,unclassified,0.00,unknown,undefined Unwind@006a49c8(void),false,,,,
0x006A49D3,14,0x006A49E0,Unwind@006a49d3,,,unclassified,0.00,unknown,undefined Unwind@006a49d3(void),false,,,,
0x006A49E1,14,0x006A49EE,Unwind@006a49e1,,,unclassified,0.00,unknown,undefined Unwind@006a49e1(void),false,,,,
0x006A49EF,14,0x006A49FC,Unwind@006a49ef,,,unclassified,0.00,unknown,undefined Unwind@006a49ef(void),false,,,,
0x006A4A20,8,0x006A4A27,Unwind@006a4a20,,,unclassified,0.00,unknown,undefined Unwind@006a4a20(void),false,,,,
0x006A4A50,8,0x006A4A57,Unwind@006a4a50,,,unclassified,0.00,unknown,undefined Unwind@006a4a50(void),false,,,,
0x006A4A80,8,0x006A4A87,Unwind@006a4a80,,,unclassified,0.00,unknown,undefined Unwind@006a4a80(void),false,,,,
0x006A4A88,11,0x006A4A92,Unwind@006a4a88,,,unclassified,0.00,unknown,undefined Unwind@006a4a88(void),false,,,,
0x006A4AB0,8,0x006A4AB7,Unwind@006a4ab0,,,unclassified,0.00,unknown,undefined Unwind@006a4ab0(void),false,,,,
0x006A4AB8,11,0x006A4AC2,Unwind@006a4ab8,,,unclassified,0.00,unknown,undefined Unwind@006a4ab8(void),false,,,,
0x006A4AE0,8,0x006A4AE7,Unwind@006a4ae0,,,unclassified,0.00,unknown,undefined Unwind@006a4ae0(void),false,,,,
0x006A4B10,8,0x006A4B17,Unwind@006a4b10,,,unclassified,0.00,unknown,undefined Unwind@006a4b10(void),false,,,,
0x006A4B18,11,0x006A4B22,Unwind@006a4b18,,,unclassified,0.00,unknown,undefined Unwind@006a4b18(void),false,,,,
0x006A4B23,19,0x006A4B35,Unwind@006a4b23,,,unclassified,0.00,unknown,undefined Unwind@006a4b23(void),false,,,,
0x006A4B36,11,0x006A4B40,Unwind@006a4b36,,,unclassified,0.00,unknown,undefined Unwind@006a4b36(void),false,,,,
0x006A4B60,11,0x006A4B6A,Unwind@006a4b60,,,unclassified,0.00,unknown,undefined Unwind@006a4b60(void),false,,,,
0x006A4B6B,11,0x006A4B75,Unwind@006a4b6b,,,unclassified,0.00,unknown,undefined Unwind@006a4b6b(void),false,,,,
0x006A4B76,23,0x006A4B8C,Unwind@006a4b76,,,unclassified,0.00,unknown,undefined Unwind@006a4b76(void),false,,,,
0x006A4BC0,8,0x006A4BC7,Unwind@006a4bc0,,,unclassified,0.00,unknown,undefined Unwind@006a4bc0(void),false,,,,
0x006A4BF0,8,0x006A4BF7,Unwind@006a4bf0,,,unclassified,0.00,unknown,undefined Unwind@006a4bf0(void),false,,,,
0x006A4C20,8,0x006A4C27,Unwind@006a4c20,,,unclassified,0.00,unknown,undefined Unwind@006a4c20(void),false,,,,
0x006A4C50,11,0x006A4C5A,Unwind@006a4c50,,,unclassified,0.00,unknown,undefined Unwind@006a4c50(void),false,,,,
0x006A4C90,11,0x006A4C9A,Unwind@006a4c90,,,unclassified,0.00,unknown,undefined Unwind@006a4c90(void),false,,,,
0x006A4C9B,11,0x006A4CA5,Unwind@006a4c9b,,,unclassified,0.00,unknown,undefined Unwind@006a4c9b(void),false,,,,
0x006A4CA6,11,0x006A4CB0,Unwind@006a4ca6,,,unclassified,0.00,unknown,undefined Unwind@006a4ca6(void),false,,,,
0x006A4CB1,11,0x006A4CBB,Unwind@006a4cb1,,,unclassified,0.00,unknown,undefined Unwind@006a4cb1(void),false,,,,
0x006A4CBC,11,0x006A4CC6,Unwind@006a4cbc,,,unclassified,0.00,unknown,undefined Unwind@006a4cbc(void),false,,,,
0x006A4CC7,11,0x006A4CD1,Unwind@006a4cc7,,,unclassified,0.00,unknown,undefined Unwind@006a4cc7(void),false,,,,
0x006A4CD2,11,0x006A4CDC,Unwind@006a4cd2,,,unclassified,0.00,unknown,undefined Unwind@006a4cd2(void),false,,,,
0x006A4D30,8,0x006A4D37,Unwind@006a4d30,,,unclassified,0.00,unknown,undefined Unwind@006a4d30(void),false,,,,
0x006A4D80,17,0x006A4D90,Unwind@006a4d80,,,unclassified,0.00,unknown,undefined Unwind@006a4d80(void),false,,,,
0x006A4DB0,17,0x006A4DC0,Unwind@006a4db0,,,unclassified,0.00,unknown,undefined Unwind@006a4db0(void),false,,,,
0x006A4DE0,8,0x006A4DE7,Unwind@006a4de0,,,unclassified,0.00,unknown,undefined Unwind@006a4de0(void),false,,,,
0x006A4E10,8,0x006A4E17,Unwind@006a4e10,,,unclassified,0.00,unknown,undefined Unwind@006a4e10(void),false,,,,
0x006A4E40,8,0x006A4E47,Unwind@006a4e40,,,unclassified,0.00,unknown,undefined Unwind@006a4e40(void),false,,,,
0x006A4E70,8,0x006A4E77,Unwind@006a4e70,,,unclassified,0.00,unknown,undefined Unwind@006a4e70(void),false,,,,
0x006A4E78,11,0x006A4E82,Unwind@006a4e78,,,unclassified,0.00,unknown,undefined Unwind@006a4e78(void),false,,,,
0x006A4E83,8,0x006A4E8A,Unwind@006a4e83,,,unclassified,0.00,unknown,undefined Unwind@006a4e83(void),false,,,,
0x006A4EC0,11,0x006A4ECA,Unwind@006a4ec0,,,unclassified,0.00,unknown,undefined Unwind@006a4ec0(void),false,,,,
0x006A4ECB,14,0x006A4ED8,Unwind@006a4ecb,,,unclassified,0.00,unknown,undefined Unwind@006a4ecb(void),false,,,,
0x006A4ED9,14,0x006A4EE6,Unwind@006a4ed9,,,unclassified,0.00,unknown,undefined Unwind@006a4ed9(void),false,,,,
0x006A4EE7,14,0x006A4EF4,Unwind@006a4ee7,,,unclassified,0.00,unknown,undefined Unwind@006a4ee7(void),false,,,,
0x006A4F10,11,0x006A4F1A,Unwind@006a4f10,,,unclassified,0.00,unknown,undefined Unwind@006a4f10(void),false,,,,
0x006A4F1B,14,0x006A4F28,Unwind@006a4f1b,,,unclassified,0.00,unknown,undefined Unwind@006a4f1b(void),false,,,,
0x006A4F29,14,0x006A4F36,Unwind@006a4f29,,,unclassified,0.00,unknown,undefined Unwind@006a4f29(void),false,,,,
0x006A4F37,14,0x006A4F44,Unwind@006a4f37,,,unclassified,0.00,unknown,undefined Unwind@006a4f37(void),false,,,,
0x006A4F60,8,0x006A4F67,Unwind@006a4f60,,,unclassified,0.00,unknown,undefined Unwind@006a4f60(void),false,,,,
0x006A4F68,8,0x006A4F6F,Unwind@006a4f68,,,unclassified,0.00,unknown,undefined Unwind@006a4f68(void),false,,,,
0x006A4F70,8,0x006A4F77,Unwind@006a4f70,,,unclassified,0.00,unknown,undefined Unwind@006a4f70(void),false,,,,
0x006A4FC0,8,0x006A4FC7,Unwind@006a4fc0,,,unclassified,0.00,unknown,undefined Unwind@006a4fc0(void),false,,,,
0x006A4FF0,8,0x006A4FF7,Unwind@006a4ff0,,,unclassified,0.00,unknown,undefined Unwind@006a4ff0(void),false,,,,
0x006A5020,8,0x006A5027,Unwind@006a5020,,,unclassified,0.00,unknown,undefined Unwind@006a5020(void),false,,,,
0x006A5028,8,0x006A502F,Unwind@006a5028,,,unclassified,0.00,unknown,undefined Unwind@006a5028(void),false,,,,
0x006A5050,11,0x006A505A,Unwind@006a5050,,,unclassified,0.00,unknown,undefined Unwind@006a5050(void),false,,,,
0x006A505B,11,0x006A5065,Unwind@006a505b,,,unclassified,0.00,unknown,undefined Unwind@006a505b(void),false,,,,
0x006A5066,11,0x006A5070,Unwind@006a5066,,,unclassified,0.00,unknown,undefined Unwind@006a5066(void),false,,,,
0x006A5071,11,0x006A507B,Unwind@006a5071,,,unclassified,0.00,unknown,undefined Unwind@006a5071(void),false,,,,
0x006A507C,11,0x006A5086,Unwind@006a507c,,,unclassified,0.00,unknown,undefined Unwind@006a507c(void),false,,,,
0x006A5087,11,0x006A5091,Unwind@006a5087,,,unclassified,0.00,unknown,undefined Unwind@006a5087(void),false,,,,
0x006A50C0,8,0x006A50C7,Unwind@006a50c0,,,unclassified,0.00,unknown,undefined Unwind@006a50c0(void),false,,,,
0x006A50C8,8,0x006A50CF,Unwind@006a50c8,,,unclassified,0.00,unknown,undefined Unwind@006a50c8(void),false,,,,
0x006A50D0,8,0x006A50D7,Unwind@006a50d0,,,unclassified,0.00,unknown,undefined Unwind@006a50d0(void),false,,,,
0x006A5100,11,0x006A510A,Unwind@006a5100,,,unclassified,0.00,unknown,undefined Unwind@006a5100(void),false,,,,
0x006A5140,8,0x006A5147,Unwind@006a5140,,,unclassified,0.00,unknown,undefined Unwind@006a5140(void),false,,,,
0x006A5170,8,0x006A5177,Unwind@006a5170,,,unclassified,0.00,unknown,undefined Unwind@006a5170(void),false,,,,
0x006A5178,8,0x006A517F,Unwind@006a5178,,,unclassified,0.00,unknown,undefined Unwind@006a5178(void),false,,,,
0x006A5180,8,0x006A5187,Unwind@006a5180,,,unclassified,0.00,unknown,undefined Unwind@006a5180(void),false,,,,
0x006A51B0,8,0x006A51B7,Unwind@006a51b0,,,unclassified,0.00,unknown,undefined Unwind@006a51b0(void),false,,,,
0x006A51B8,8,0x006A51BF,Unwind@006a51b8,,,unclassified,0.00,unknown,undefined Unwind@006a51b8(void),false,,,,
0x006A51C0,8,0x006A51C7,Unwind@006a51c0,,,unclassified,0.00,unknown,undefined Unwind@006a51c0(void),false,,,,
0x006A51F0,8,0x006A51F7,Unwind@006a51f0,,,unclassified,0.00,unknown,undefined Unwind@006a51f0(void),false,,,,
0x006A5220,8,0x006A5227,Unwind@006a5220,,,unclassified,0.00,unknown,undefined Unwind@006a5220(void),false,,,,
0x006A5228,8,0x006A522F,Unwind@006a5228,,,unclassified,0.00,unknown,undefined Unwind@006a5228(void),false,,,,
0x006A5230,8,0x006A5237,Unwind@006a5230,,,unclassified,0.00,unknown,undefined Unwind@006a5230(void),false,,,,
0x006A5238,11,0x006A5242,Unwind@006a5238,,,unclassified,0.00,unknown,undefined Unwind@006a5238(void),false,,,,
0x006A5280,8,0x006A5287,Unwind@006a5280,,,unclassified,0.00,unknown,undefined Unwind@006a5280(void),false,,,,
0x006A52B0,17,0x006A52C0,Unwind@006a52b0,,,unclassified,0.00,unknown,undefined Unwind@006a52b0(void),false,,,,
0x006A52E0,11,0x006A52EA,Unwind@006a52e0,,,unclassified,0.00,unknown,undefined Unwind@006a52e0(void),false,,,,
0x006A52EB,11,0x006A52F5,Unwind@006a52eb,,,unclassified,0.00,unknown,undefined Unwind@006a52eb(void),false,,,,
0x006A52F6,11,0x006A5300,Unwind@006a52f6,,,unclassified,0.00,unknown,undefined Unwind@006a52f6(void),false,,,,
0x006A5301,11,0x006A530B,Unwind@006a5301,,,unclassified,0.00,unknown,undefined Unwind@006a5301(void),false,,,,
0x006A530C,11,0x006A5316,Unwind@006a530c,,,unclassified,0.00,unknown,undefined Unwind@006a530c(void),false,,,,
0x006A5317,11,0x006A5321,Unwind@006a5317,,,unclassified,0.00,unknown,undefined Unwind@006a5317(void),false,,,,
0x006A5322,11,0x006A532C,Unwind@006a5322,,,unclassified,0.00,unknown,undefined Unwind@006a5322(void),false,,,,
0x006A532D,11,0x006A5337,Unwind@006a532d,,,unclassified,0.00,unknown,undefined Unwind@006a532d(void),false,,,,
0x006A5338,11,0x006A5342,Unwind@006a5338,,,unclassified,0.00,unknown,undefined Unwind@006a5338(void),false,,,,
0x006A5380,11,0x006A538A,Unwind@006a5380,,,unclassified,0.00,unknown,undefined Unwind@006a5380(void),false,,,,
0x006A538B,11,0x006A5395,Unwind@006a538b,,,unclassified,0.00,unknown,undefined Unwind@006a538b(void),false,,,,
0x006A5396,11,0x006A53A0,Unwind@006a5396,,,unclassified,0.00,unknown,undefined Unwind@006a5396(void),false,,,,
0x006A53A1,11,0x006A53AB,Unwind@006a53a1,,,unclassified,0.00,unknown,undefined Unwind@006a53a1(void),false,,,,
0x006A53AC,11,0x006A53B6,Unwind@006a53ac,,,unclassified,0.00,unknown,undefined Unwind@006a53ac(void),false,,,,
0x006A53B7,11,0x006A53C1,Unwind@006a53b7,,,unclassified,0.00,unknown,undefined Unwind@006a53b7(void),false,,,,
0x006A53C2,11,0x006A53CC,Unwind@006a53c2,,,unclassified,0.00,unknown,undefined Unwind@006a53c2(void),false,,,,
0x006A53CD,11,0x006A53D7,Unwind@006a53cd,,,unclassified,0.00,unknown,undefined Unwind@006a53cd(void),false,,,,
0x006A5410,11,0x006A541A,Unwind@006a5410,,,unclassified,0.00,unknown,undefined Unwind@006a5410(void),false,,,,
0x006A5440,11,0x006A544A,Unwind@006a5440,,,unclassified,0.00,unknown,undefined Unwind@006a5440(void),false,,,,
0x006A544B,14,0x006A5458,Unwind@006a544b,,,unclassified,0.00,unknown,undefined Unwind@006a544b(void),false,,,,
0x006A5480,11,0x006A548A,Unwind@006a5480,,,unclassified,0.00,unknown,undefined Unwind@006a5480(void),false,,,,
0x006A54B0,8,0x006A54B7,Unwind@006a54b0,,,unclassified,0.00,unknown,undefined Unwind@006a54b0(void),false,,,,
0x006A54E0,11,0x006A54EA,Unwind@006a54e0,,,unclassified,0.00,unknown,undefined Unwind@006a54e0(void),false,,,,
0x006A5510,11,0x006A551A,Unwind@006a5510,,,unclassified,0.00,unknown,undefined Unwind@006a5510(void),false,,,,
0x006A5540,11,0x006A554A,Unwind@006a5540,,,unclassified,0.00,unknown,undefined Unwind@006a5540(void),false,,,,
0x006A554B,11,0x006A5555,Unwind@006a554b,,,unclassified,0.00,unknown,undefined Unwind@006a554b(void),false,,,,
0x006A5580,11,0x006A558A,Unwind@006a5580,,,unclassified,0.00,unknown,undefined Unwind@006a5580(void),false,,,,
0x006A558B,11,0x006A5595,Unwind@006a558b,,,unclassified,0.00,unknown,undefined Unwind@006a558b(void),false,,,,
0x006A55C0,11,0x006A55CA,Unwind@006a55c0,,,unclassified,0.00,unknown,undefined Unwind@006a55c0(void),false,,,,
0x006A55CB,11,0x006A55D5,Unwind@006a55cb,,,unclassified,0.00,unknown,undefined Unwind@006a55cb(void),false,,,,
0x006A5600,8,0x006A5607,Unwind@006a5600,,,unclassified,0.00,unknown,undefined Unwind@006a5600(void),false,,,,
0x006A5608,11,0x006A5612,Unwind@006a5608,,,unclassified,0.00,unknown,undefined Unwind@006a5608(void),false,,,,
0x006A5613,11,0x006A561D,Unwind@006a5613,,,unclassified,0.00,unknown,undefined Unwind@006a5613(void),false,,,,
0x006A561E,11,0x006A5628,Unwind@006a561e,,,unclassified,0.00,unknown,undefined Unwind@006a561e(void),false,,,,
0x006A5650,8,0x006A5657,Unwind@006a5650,,,unclassified,0.00,unknown,undefined Unwind@006a5650(void),false,,,,
0x006A5658,11,0x006A5662,Unwind@006a5658,,,unclassified,0.00,unknown,undefined Unwind@006a5658(void),false,,,,
0x006A5663,11,0x006A566D,Unwind@006a5663,,,unclassified,0.00,unknown,undefined Unwind@006a5663(void),false,,,,
0x006A566E,11,0x006A5678,Unwind@006a566e,,,unclassified,0.00,unknown,undefined Unwind@006a566e(void),false,,,,
0x006A56A0,8,0x006A56A7,Unwind@006a56a0,,,unclassified,0.00,unknown,undefined Unwind@006a56a0(void),false,,,,
0x006A56A8,39,0x006A56CE,Unwind@006a56a8,,,unclassified,0.00,unknown,undefined Unwind@006a56a8(void),false,,,,
0x006A56CF,11,0x006A56D9,Unwind@006a56cf,,,unclassified,0.00,unknown,undefined Unwind@006a56cf(void),false,,,,
0x006A56DA,11,0x006A56E4,Unwind@006a56da,,,unclassified,0.00,unknown,undefined Unwind@006a56da(void),false,,,,
0x006A5700,8,0x006A5707,Unwind@006a5700,,,unclassified,0.00,unknown,undefined Unwind@006a5700(void),false,,,,
0x006A5708,39,0x006A572E,Unwind@006a5708,,,unclassified,0.00,unknown,undefined Unwind@006a5708(void),false,,,,
0x006A572F,11,0x006A5739,Unwind@006a572f,,,unclassified,0.00,unknown,undefined Unwind@006a572f(void),false,,,,
0x006A573A,11,0x006A5744,Unwind@006a573a,,,unclassified,0.00,unknown,undefined Unwind@006a573a(void),false,,,,
0x006A5760,11,0x006A576A,Unwind@006a5760,,,unclassified,0.00,unknown,undefined Unwind@006a5760(void),false,,,,
0x006A576B,11,0x006A5775,Unwind@006a576b,,,unclassified,0.00,unknown,undefined Unwind@006a576b(void),false,,,,
0x006A5776,11,0x006A5780,Unwind@006a5776,,,unclassified,0.00,unknown,undefined Unwind@006a5776(void),false,,,,
0x006A5781,11,0x006A578B,Unwind@006a5781,,,unclassified,0.00,unknown,undefined Unwind@006a5781(void),false,,,,
0x006A578C,11,0x006A5796,Unwind@006a578c,,,unclassified,0.00,unknown,undefined Unwind@006a578c(void),false,,,,
0x006A5797,11,0x006A57A1,Unwind@006a5797,,,unclassified,0.00,unknown,undefined Unwind@006a5797(void),false,,,,
0x006A57D0,11,0x006A57DA,Unwind@006a57d0,,,unclassified,0.00,unknown,undefined Unwind@006a57d0(void),false,,,,
0x006A57DB,11,0x006A57E5,Unwind@006a57db,,,unclassified,0.00,unknown,undefined Unwind@006a57db(void),false,,,,
0x006A57E6,14,0x006A57F3,Unwind@006a57e6,,,unclassified,0.00,unknown,undefined Unwind@006a57e6(void),false,,,,
0x006A57F4,14,0x006A5801,Unwind@006a57f4,,,unclassified,0.00,unknown,undefined Unwind@006a57f4(void),false,,,,
0x006A5802,14,0x006A580F,Unwind@006a5802,,,unclassified,0.00,unknown,undefined Unwind@006a5802(void),false,,,,
0x006A5810,14,0x006A581D,Unwind@006a5810,,,unclassified,0.00,unknown,undefined Unwind@006a5810(void),false,,,,
0x006A581E,14,0x006A582B,Unwind@006a581e,,,unclassified,0.00,unknown,undefined Unwind@006a581e(void),false,,,,
0x006A5850,11,0x006A585A,Unwind@006a5850,,,unclassified,0.00,unknown,undefined Unwind@006a5850(void),false,,,,
0x006A585B,83,0x006A5865,Unwind@006a585b,,,unclassified,0.00,unknown,undefined Unwind@006a585b(void),false,,,,
0x006A5866,11,0x006A5870,Unwind@006a5866,,,unclassified,0.00,unknown,undefined Unwind@006a5866(void),false,,,,
0x006A5871,11,0x006A587B,Unwind@006a5871,,,unclassified,0.00,unknown,undefined Unwind@006a5871(void),false,,,,
0x006A58A0,8,0x006A58A7,Unwind@006a58a0,,,unclassified,0.00,unknown,undefined Unwind@006a58a0(void),false,,,,
0x006A58D0,8,0x006A58D7,Unwind@006a58d0,,,unclassified,0.00,unknown,undefined Unwind@006a58d0(void),false,,,,
0x006A5900,11,0x006A590A,Unwind@006a5900,,,unclassified,0.00,unknown,undefined Unwind@006a5900(void),false,,,,
0x006A590B,11,0x006A5915,Unwind@006a590b,,,unclassified,0.00,unknown,undefined Unwind@006a590b(void),false,,,,
0x006A5916,11,0x006A5920,Unwind@006a5916,,,unclassified,0.00,unknown,undefined Unwind@006a5916(void),false,,,,
0x006A5921,11,0x006A592B,Unwind@006a5921,,,unclassified,0.00,unknown,undefined Unwind@006a5921(void),false,,,,
0x006A5950,8,0x006A5957,Unwind@006a5950,,,unclassified,0.00,unknown,undefined Unwind@006a5950(void),false,,,,
0x006A5958,11,0x006A5962,Unwind@006a5958,,,unclassified,0.00,unknown,undefined Unwind@006a5958(void),false,,,,
0x006A5963,11,0x006A596D,Unwind@006a5963,,,unclassified,0.00,unknown,undefined Unwind@006a5963(void),false,,,,
0x006A596E,11,0x006A5978,Unwind@006a596e,,,unclassified,0.00,unknown,undefined Unwind@006a596e(void),false,,,,
0x006A5979,14,0x006A5986,Unwind@006a5979,,,unclassified,0.00,unknown,undefined Unwind@006a5979(void),false,,,,
0x006A5987,14,0x006A5994,Unwind@006a5987,,,unclassified,0.00,unknown,undefined Unwind@006a5987(void),false,,,,
0x006A59B0,12,0x006A59BB,Unwind@006a59b0,,,unclassified,0.00,unknown,undefined Unwind@006a59b0(void),false,,,,
0x006A59BE,12,0x006A59C9,Unwind@006a59be,,,unclassified,0.00,unknown,undefined Unwind@006a59be(void),false,,,,
0x006A59CC,12,0x006A59D7,Unwind@006a59cc,,,unclassified,0.00,unknown,undefined Unwind@006a59cc(void),false,,,,
0x006A59DA,12,0x006A59E5,Unwind@006a59da,,,unclassified,0.00,unknown,undefined Unwind@006a59da(void),false,,,,
0x006A5A20,9,0x006A5A28,Unwind@006a5a20,,,unclassified,0.00,unknown,undefined Unwind@006a5a20(void),false,,,,
0x006A5A2B,9,0x006A5A33,Unwind@006a5a2b,,,unclassified,0.00,unknown,undefined Unwind@006a5a2b(void),false,,,,
0x006A5A60,8,0x006A5A67,Unwind@006a5a60,,,unclassified,0.00,unknown,undefined Unwind@006a5a60(void),false,,,,
0x006A5A68,11,0x006A5A72,Unwind@006a5a68,,,unclassified,0.00,unknown,undefined Unwind@006a5a68(void),false,,,,
0x006A5A73,11,0x006A5A7D,Unwind@006a5a73,,,unclassified,0.00,unknown,undefined Unwind@006a5a73(void),false,,,,
0x006A5A7E,11,0x006A5A88,Unwind@006a5a7e,,,unclassified,0.00,unknown,undefined Unwind@006a5a7e(void),false,,,,
0x006A5A89,14,0x006A5A96,Unwind@006a5a89,,,unclassified,0.00,unknown,undefined Unwind@006a5a89(void),false,,,,
0x006A5AC0,9,0x006A5AC8,Unwind@006a5ac0,,,unclassified,0.00,unknown,undefined Unwind@006a5ac0(void),false,,,,
0x006A5ACB,9,0x006A5AD3,Unwind@006a5acb,,,unclassified,0.00,unknown,undefined Unwind@006a5acb(void),false,,,,
0x006A5AD6,9,0x006A5ADE,Unwind@006a5ad6,,,unclassified,0.00,unknown,undefined Unwind@006a5ad6(void),false,,,,
0x006A5B00,8,0x006A5B07,Unwind@006a5b00,,,unclassified,0.00,unknown,undefined Unwind@006a5b00(void),false,,,,
0x006A5B30,11,0x006A5B3A,Unwind@006a5b30,,,unclassified,0.00,unknown,undefined Unwind@006a5b30(void),false,,,,
0x006A5B3B,11,0x006A5B45,Unwind@006a5b3b,,,unclassified,0.00,unknown,undefined Unwind@006a5b3b(void),false,,,,
0x006A5B46,11,0x006A5B50,Unwind@006a5b46,,,unclassified,0.00,unknown,undefined Unwind@006a5b46(void),false,,,,
0x006A5B70,11,0x006A5B7A,Unwind@006a5b70,,,unclassified,0.00,unknown,undefined Unwind@006a5b70(void),false,,,,
0x006A5B7B,11,0x006A5B85,Unwind@006a5b7b,,,unclassified,0.00,unknown,undefined Unwind@006a5b7b(void),false,,,,
0x006A5B86,11,0x006A5B90,Unwind@006a5b86,,,unclassified,0.00,unknown,undefined Unwind@006a5b86(void),false,,,,
0x006A5B91,11,0x006A5B9B,Unwind@006a5b91,,,unclassified,0.00,unknown,undefined Unwind@006a5b91(void),false,,,,
0x006A5B9C,11,0x006A5BA6,Unwind@006a5b9c,,,unclassified,0.00,unknown,undefined Unwind@006a5b9c(void),false,,,,
0x006A5BA7,11,0x006A5BB1,Unwind@006a5ba7,,,unclassified,0.00,unknown,undefined Unwind@006a5ba7(void),false,,,,
0x006A5BB2,11,0x006A5BBC,Unwind@006a5bb2,,,unclassified,0.00,unknown,undefined Unwind@006a5bb2(void),false,,,,
0x006A5BF0,11,0x006A5BFA,Unwind@006a5bf0,,,unclassified,0.00,unknown,undefined Unwind@006a5bf0(void),false,,,,
0x006A5BFB,11,0x006A5C05,Unwind@006a5bfb,,,unclassified,0.00,unknown,undefined Unwind@006a5bfb(void),false,,,,
0x006A5C06,11,0x006A5C10,Unwind@006a5c06,,,unclassified,0.00,unknown,undefined Unwind@006a5c06(void),false,,,,
0x006A5C40,11,0x006A5C4A,Unwind@006a5c40,,,unclassified,0.00,unknown,undefined Unwind@006a5c40(void),false,,,,
0x006A5C80,11,0x006A5C8A,Unwind@006a5c80,,,unclassified,0.00,unknown,undefined Unwind@006a5c80(void),false,,,,
0x006A5C8B,14,0x006A5C98,Unwind@006a5c8b,,,unclassified,0.00,unknown,undefined Unwind@006a5c8b(void),false,,,,
0x006A5C99,24,0x006A5CB0,Unwind@006a5c99,,,unclassified,0.00,unknown,undefined Unwind@006a5c99(void),false,,,,
0x006A5CB1,14,0x006A5CBE,Unwind@006a5cb1,,,unclassified,0.00,unknown,undefined Unwind@006a5cb1(void),false,,,,
0x006A5CBF,24,0x006A5CD6,Unwind@006a5cbf,,,unclassified,0.00,unknown,undefined Unwind@006a5cbf(void),false,,,,
0x006A5CD7,14,0x006A5CE4,Unwind@006a5cd7,,,unclassified,0.00,unknown,undefined Unwind@006a5cd7(void),false,,,,
0x006A5CE5,14,0x006A5CF2,Unwind@006a5ce5,,,unclassified,0.00,unknown,undefined Unwind@006a5ce5(void),false,,,,
0x006A5CF3,27,0x006A5D0D,Unwind@006a5cf3,,,unclassified,0.00,unknown,undefined Unwind@006a5cf3(void),false,,,,
0x006A5D30,8,0x006A5D37,Unwind@006a5d30,,,unclassified,0.00,unknown,undefined Unwind@006a5d30(void),false,,,,
0x006A5D60,9,0x006A5D68,Unwind@006a5d60,,,unclassified,0.00,unknown,undefined Unwind@006a5d60(void),false,,,,
0x006A5D90,17,0x006A5DA0,Unwind@006a5d90,,,unclassified,0.00,unknown,undefined Unwind@006a5d90(void),false,,,,
0x006A5DC0,11,0x006A5DCA,Unwind@006a5dc0,,,unclassified,0.00,unknown,undefined Unwind@006a5dc0(void),false,,,,
0x006A5DF0,8,0x006A5DF7,Unwind@006a5df0,,,unclassified,0.00,unknown,undefined Unwind@006a5df0(void),false,,,,
0x006A5DF8,11,0x006A5E02,Unwind@006a5df8,,,unclassified,0.00,unknown,undefined Unwind@006a5df8(void),false,,,,
0x006A5E20,8,0x006A5E27,Unwind@006a5e20,,,unclassified,0.00,unknown,undefined Unwind@006a5e20(void),false,,,,
0x006A5E50,11,0x006A5E5A,Unwind@006a5e50,,,unclassified,0.00,unknown,undefined Unwind@006a5e50(void),false,,,,
0x006A5E5B,11,0x006A5E65,Unwind@006a5e5b,,,unclassified,0.00,unknown,undefined Unwind@006a5e5b(void),false,,,,
0x006A5E66,11,0x006A5E70,Unwind@006a5e66,,,unclassified,0.00,unknown,undefined Unwind@006a5e66(void),false,,,,
0x006A5E71,11,0x006A5E7B,Unwind@006a5e71,,,unclassified,0.00,unknown,undefined Unwind@006a5e71(void),false,,,,
0x006A5E7C,11,0x006A5E86,Unwind@006a5e7c,,,unclassified,0.00,unknown,undefined Unwind@006a5e7c(void),false,,,,
0x006A5E87,14,0x006A5E94,Unwind@006a5e87,,,unclassified,0.00,unknown,undefined Unwind@006a5e87(void),false,,,,
0x006A5E95,14,0x006A5EA2,Unwind@006a5e95,,,unclassified,0.00,unknown,undefined Unwind@006a5e95(void),false,,,,
0x006A5EA3,24,0x006A5EBA,Unwind@006a5ea3,,,unclassified,0.00,unknown,undefined Unwind@006a5ea3(void),false,,,,
0x006A5EE0,11,0x006A5EEA,Unwind@006a5ee0,,,unclassified,0.00,unknown,undefined Unwind@006a5ee0(void),false,,,,
0x006A5EEB,11,0x006A5EF5,Unwind@006a5eeb,,,unclassified,0.00,unknown,undefined Unwind@006a5eeb(void),false,,,,
0x006A5EF6,11,0x006A5F00,Unwind@006a5ef6,,,unclassified,0.00,unknown,undefined Unwind@006a5ef6(void),false,,,,
0x006A5F01,11,0x006A5F0B,Unwind@006a5f01,,,unclassified,0.00,unknown,undefined Unwind@006a5f01(void),false,,,,
0x006A5F0C,11,0x006A5F16,Unwind@006a5f0c,,,unclassified,0.00,unknown,undefined Unwind@006a5f0c(void),false,,,,
0x006A5F17,14,0x006A5F24,Unwind@006a5f17,,,unclassified,0.00,unknown,undefined Unwind@006a5f17(void),false,,,,
0x006A5F25,14,0x006A5F32,Unwind@006a5f25,,,unclassified,0.00,unknown,undefined Unwind@006a5f25(void),false,,,,
0x006A5F33,24,0x006A5F4A,Unwind@006a5f33,,,unclassified,0.00,unknown,undefined Unwind@006a5f33(void),false,,,,
0x006A5F70,11,0x006A5F7A,Unwind@006a5f70,,,unclassified,0.00,unknown,undefined Unwind@006a5f70(void),false,,,,
0x006A5F7B,11,0x006A5F85,Unwind@006a5f7b,,,unclassified,0.00,unknown,undefined Unwind@006a5f7b(void),false,,,,
0x006A5F86,11,0x006A5F90,Unwind@006a5f86,,,unclassified,0.00,unknown,undefined Unwind@006a5f86(void),false,,,,
0x006A5F91,11,0x006A5F9B,Unwind@006a5f91,,,unclassified,0.00,unknown,undefined Unwind@006a5f91(void),false,,,,
0x006A5FD0,22,0x006A5FE5,Unwind@006a5fd0,,,unclassified,0.00,unknown,undefined Unwind@006a5fd0(void),false,,,,
0x006A5FE6,14,0x006A5FF3,Unwind@006a5fe6,,,unclassified,0.00,unknown,undefined Unwind@006a5fe6(void),false,,,,
0x006A5FF4,14,0x006A6001,Unwind@006a5ff4,,,unclassified,0.00,unknown,undefined Unwind@006a5ff4(void),false,,,,
0x006A6020,22,0x006A6035,Unwind@006a6020,,,unclassified,0.00,unknown,undefined Unwind@006a6020(void),false,,,,
0x006A6036,14,0x006A6043,Unwind@006a6036,,,unclassified,0.00,unknown,undefined Unwind@006a6036(void),false,,,,
0x006A6044,14,0x006A6051,Unwind@006a6044,,,unclassified,0.00,unknown,undefined Unwind@006a6044(void),false,,,,
0x006A6070,11,0x006A607A,Unwind@006a6070,,,unclassified,0.00,unknown,undefined Unwind@006a6070(void),false,,,,
0x006A60A0,8,0x006A60A7,Unwind@006a60a0,,,unclassified,0.00,unknown,undefined Unwind@006a60a0(void),false,,,,
0x006A60A8,8,0x006A60AF,Unwind@006a60a8,,,unclassified,0.00,unknown,undefined Unwind@006a60a8(void),false,,,,
0x006A60B0,8,0x006A60B7,Unwind@006a60b0,,,unclassified,0.00,unknown,undefined Unwind@006a60b0(void),false,,,,
0x006A60E0,9,0x006A60E8,Unwind@006a60e0,,,unclassified,0.00,unknown,undefined Unwind@006a60e0(void),false,,,,
0x006A60EB,9,0x006A60F3,Unwind@006a60eb,,,unclassified,0.00,unknown,undefined Unwind@006a60eb(void),false,,,,
0x006A6120,8,0x006A6127,Unwind@006a6120,,,unclassified,0.00,unknown,undefined Unwind@006a6120(void),false,,,,
0x006A6128,11,0x006A6132,Unwind@006a6128,,,unclassified,0.00,unknown,undefined Unwind@006a6128(void),false,,,,
0x006A6133,11,0x006A613D,Unwind@006a6133,,,unclassified,0.00,unknown,undefined Unwind@006a6133(void),false,,,,
0x006A6160,8,0x006A6167,Unwind@006a6160,,,unclassified,0.00,unknown,undefined Unwind@006a6160(void),false,,,,
0x006A6168,11,0x006A6172,Unwind@006a6168,,,unclassified,0.00,unknown,undefined Unwind@006a6168(void),false,,,,
0x006A6173,11,0x006A617D,Unwind@006a6173,,,unclassified,0.00,unknown,undefined Unwind@006a6173(void),false,,,,
0x006A61A0,8,0x006A61A7,Unwind@006a61a0,,,unclassified,0.00,unknown,undefined Unwind@006a61a0(void),false,,,,
0x006A61A8,11,0x006A61B2,Unwind@006a61a8,,,unclassified,0.00,unknown,undefined Unwind@006a61a8(void),false,,,,
0x006A61B3,27,0x006A61CD,Unwind@006a61b3,,,unclassified,0.00,unknown,undefined Unwind@006a61b3(void),false,,,,
0x006A61CE,14,0x006A61DB,Unwind@006a61ce,,,unclassified,0.00,unknown,undefined Unwind@006a61ce(void),false,,,,
0x006A6200,8,0x006A6207,Unwind@006a6200,,,unclassified,0.00,unknown,undefined Unwind@006a6200(void),false,,,,
0x006A6208,11,0x006A6212,Unwind@006a6208,,,unclassified,0.00,unknown,undefined Unwind@006a6208(void),false,,,,
0x006A6213,27,0x006A622D,Unwind@006a6213,,,unclassified,0.00,unknown,undefined Unwind@006a6213(void),false,,,,
0x006A622E,14,0x006A623B,Unwind@006a622e,,,unclassified,0.00,unknown,undefined Unwind@006a622e(void),false,,,,
0x006A6260,8,0x006A6267,Unwind@006a6260,,,unclassified,0.00,unknown,undefined Unwind@006a6260(void),false,,,,
0x006A6290,8,0x006A6297,Unwind@006a6290,,,unclassified,0.00,unknown,undefined Unwind@006a6290(void),false,,,,
0x006A6298,8,0x006A629F,Unwind@006a6298,,,unclassified,0.00,unknown,undefined Unwind@006a6298(void),false,,,,
0x006A62D0,25,0x006A62E8,Unwind@006a62d0,,,unclassified,0.00,unknown,undefined Unwind@006a62d0(void),false,,,,
0x006A6310,25,0x006A6328,Unwind@006a6310,,,unclassified,0.00,unknown,undefined Unwind@006a6310(void),false,,,,
0x006A6329,8,0x006A6330,Unwind@006a6329,,,unclassified,0.00,unknown,undefined Unwind@006a6329(void),false,,,,
0x006A6350,8,0x006A6357,Unwind@006a6350,,,unclassified,0.00,unknown,undefined Unwind@006a6350(void),false,,,,
0x006A6358,8,0x006A635F,Unwind@006a6358,,,unclassified,0.00,unknown,undefined Unwind@006a6358(void),false,,,,
0x006A6360,8,0x006A6367,Unwind@006a6360,,,unclassified,0.00,unknown,undefined Unwind@006a6360(void),false,,,,
0x006A6368,8,0x006A636F,Unwind@006a6368,,,unclassified,0.00,unknown,undefined Unwind@006a6368(void),false,,,,
0x006A63A0,8,0x006A63A7,Unwind@006a63a0,,,unclassified,0.00,unknown,undefined Unwind@006a63a0(void),false,,,,
0x006A63A8,17,0x006A63B8,Unwind@006a63a8,,,unclassified,0.00,unknown,undefined Unwind@006a63a8(void),false,,,,
0x006A63B9,8,0x006A63C0,Unwind@006a63b9,,,unclassified,0.00,unknown,undefined Unwind@006a63b9(void),false,,,,
0x006A63F0,11,0x006A63FA,Unwind@006a63f0,,,unclassified,0.00,unknown,undefined Unwind@006a63f0(void),false,,,,
0x006A63FB,11,0x006A6405,Unwind@006a63fb,,,unclassified,0.00,unknown,undefined Unwind@006a63fb(void),false,,,,
0x006A6430,8,0x006A6437,Unwind@006a6430,,,unclassified,0.00,unknown,undefined Unwind@006a6430(void),false,,,,
0x006A6438,11,0x006A6442,Unwind@006a6438,,,unclassified,0.00,unknown,undefined Unwind@006a6438(void),false,,,,
0x006A6443,11,0x006A644D,Unwind@006a6443,,,unclassified,0.00,unknown,undefined Unwind@006a6443(void),false,,,,
0x006A644E,14,0x006A645B,Unwind@006a644e,,,unclassified,0.00,unknown,undefined Unwind@006a644e(void),false,,,,
0x006A645C,14,0x006A6469,Unwind@006a645c,,,unclassified,0.00,unknown,undefined Unwind@006a645c(void),false,,,,
0x006A646A,14,0x006A6477,Unwind@006a646a,,,unclassified,0.00,unknown,undefined Unwind@006a646a(void),false,,,,
0x006A6478,14,0x006A6485,Unwind@006a6478,,,unclassified,0.00,unknown,undefined Unwind@006a6478(void),false,,,,
0x006A6486,14,0x006A6493,Unwind@006a6486,,,unclassified,0.00,unknown,undefined Unwind@006a6486(void),false,,,,
0x006A6494,14,0x006A64A1,Unwind@006a6494,,,unclassified,0.00,unknown,undefined Unwind@006a6494(void),false,,,,
0x006A64A2,27,0x006A64BC,Unwind@006a64a2,,,unclassified,0.00,unknown,undefined Unwind@006a64a2(void),false,,,,
0x006A64E0,11,0x006A64EA,Unwind@006a64e0,,,unclassified,0.00,unknown,undefined Unwind@006a64e0(void),false,,,,
0x006A64EB,11,0x006A64F5,Unwind@006a64eb,,,unclassified,0.00,unknown,undefined Unwind@006a64eb(void),false,,,,
0x006A64F6,23,0x006A650C,Unwind@006a64f6,,,unclassified,0.00,unknown,undefined Unwind@006a64f6(void),false,,,,
0x006A6540,11,0x006A654A,Unwind@006a6540,,,unclassified,0.00,unknown,undefined Unwind@006a6540(void),false,,,,
0x006A6570,8,0x006A6577,Unwind@006a6570,,,unclassified,0.00,unknown,undefined Unwind@006a6570(void),false,,,,
0x006A6578,11,0x006A6582,Unwind@006a6578,,,unclassified,0.00,unknown,undefined Unwind@006a6578(void),false,,,,
0x006A6583,11,0x006A658D,Unwind@006a6583,,,unclassified,0.00,unknown,undefined Unwind@006a6583(void),false,,,,
0x006A658E,14,0x006A659B,Unwind@006a658e,,,unclassified,0.00,unknown,undefined Unwind@006a658e(void),false,,,,
0x006A659C,14,0x006A65A9,Unwind@006a659c,,,unclassified,0.00,unknown,undefined Unwind@006a659c(void),false,,,,
0x006A65AA,14,0x006A65B7,Unwind@006a65aa,,,unclassified,0.00,unknown,undefined Unwind@006a65aa(void),false,,,,
0x006A65B8,14,0x006A65C5,Unwind@006a65b8,,,unclassified,0.00,unknown,undefined Unwind@006a65b8(void),false,,,,
0x006A65C6,14,0x006A65D3,Unwind@006a65c6,,,unclassified,0.00,unknown,undefined Unwind@006a65c6(void),false,,,,
0x006A65D4,14,0x006A65E1,Unwind@006a65d4,,,unclassified,0.00,unknown,undefined Unwind@006a65d4(void),false,,,,
0x006A65E2,27,0x006A65FC,Unwind@006a65e2,,,unclassified,0.00,unknown,undefined Unwind@006a65e2(void),false,,,,
0x006A6620,11,0x006A662A,Unwind@006a6620,,,unclassified,0.00,unknown,undefined Unwind@006a6620(void),false,,,,
0x006A662B,11,0x006A6635,Unwind@006a662b,,,unclassified,0.00,unknown,undefined Unwind@006a662b(void),false,,,,
0x006A6636,11,0x006A6640,Unwind@006a6636,,,unclassified,0.00,unknown,undefined Unwind@006a6636(void),false,,,,
0x006A6641,11,0x006A664B,Unwind@006a6641,,,unclassified,0.00,unknown,undefined Unwind@006a6641(void),false,,,,
0x006A664C,11,0x006A6656,Unwind@006a664c,,,unclassified,0.00,unknown,undefined Unwind@006a664c(void),false,,,,
0x006A6657,11,0x006A6661,Unwind@006a6657,,,unclassified,0.00,unknown,undefined Unwind@006a6657(void),false,,,,
0x006A6662,11,0x006A666C,Unwind@006a6662,,,unclassified,0.00,unknown,undefined Unwind@006a6662(void),false,,,,
0x006A66A0,12,0x006A66AB,Unwind@006a66a0,,,unclassified,0.00,unknown,undefined Unwind@006a66a0(void),false,,,,
0x006A66E0,8,0x006A66E7,Unwind@006a66e0,,,unclassified,0.00,unknown,undefined Unwind@006a66e0(void),false,,,,
0x006A66E8,11,0x006A66F2,Unwind@006a66e8,,,unclassified,0.00,unknown,undefined Unwind@006a66e8(void),false,,,,
0x006A6710,8,0x006A6717,Unwind@006a6710,,,unclassified,0.00,unknown,undefined Unwind@006a6710(void),false,,,,
0x006A6718,11,0x006A6722,Unwind@006a6718,,,unclassified,0.00,unknown,undefined Unwind@006a6718(void),false,,,,
0x006A6740,8,0x006A6747,Unwind@006a6740,,,unclassified,0.00,unknown,undefined Unwind@006a6740(void),false,,,,
0x006A6748,11,0x006A6752,Unwind@006a6748,,,unclassified,0.00,unknown,undefined Unwind@006a6748(void),false,,,,
0x006A6753,14,0x006A6760,Unwind@006a6753,,,unclassified,0.00,unknown,undefined Unwind@006a6753(void),false,,,,
0x006A6761,14,0x006A676E,Unwind@006a6761,,,unclassified,0.00,unknown,undefined Unwind@006a6761(void),false,,,,
0x006A6790,8,0x006A6797,Unwind@006a6790,,,unclassified,0.00,unknown,undefined Unwind@006a6790(void),false,,,,
0x006A6798,11,0x006A67A2,Unwind@006a6798,,,unclassified,0.00,unknown,undefined Unwind@006a6798(void),false,,,,
0x006A67A3,14,0x006A67B0,Unwind@006a67a3,,,unclassified,0.00,unknown,undefined Unwind@006a67a3(void),false,,,,
0x006A67B1,14,0x006A67BE,Unwind@006a67b1,,,unclassified,0.00,unknown,undefined Unwind@006a67b1(void),false,,,,
0x006A67E0,11,0x006A67EA,Unwind@006a67e0,,,unclassified,0.00,unknown,undefined Unwind@006a67e0(void),false,,,,
0x006A67EB,8,0x006A67F2,Unwind@006a67eb,,,unclassified,0.00,unknown,undefined Unwind@006a67eb(void),false,,,,
0x006A67F3,8,0x006A67FA,Unwind@006a67f3,,,unclassified,0.00,unknown,undefined Unwind@006a67f3(void),false,,,,
0x006A67FB,23,0x006A6811,Unwind@006a67fb,,,unclassified,0.00,unknown,undefined Unwind@006a67fb(void),false,,,,
0x006A6812,23,0x006A6828,Unwind@006a6812,,,unclassified,0.00,unknown,undefined Unwind@006a6812(void),false,,,,
0x006A6829,8,0x006A6830,Unwind@006a6829,,,unclassified,0.00,unknown,undefined Unwind@006a6829(void),false,,,,
0x006A6831,23,0x006A6847,Unwind@006a6831,,,unclassified,0.00,unknown,undefined Unwind@006a6831(void),false,,,,
0x006A6880,8,0x006A6887,Unwind@006a6880,,,unclassified,0.00,unknown,undefined Unwind@006a6880(void),false,,,,
0x006A6888,11,0x006A6892,Unwind@006a6888,,,unclassified,0.00,unknown,undefined Unwind@006a6888(void),false,,,,
0x006A6893,14,0x006A68A0,Unwind@006a6893,,,unclassified,0.00,unknown,undefined Unwind@006a6893(void),false,,,,
0x006A68A1,14,0x006A68AE,Unwind@006a68a1,,,unclassified,0.00,unknown,undefined Unwind@006a68a1(void),false,,,,
0x006A68AF,24,0x006A68C6,Unwind@006a68af,,,unclassified,0.00,unknown,undefined Unwind@006a68af(void),false,,,,
0x006A68F0,8,0x006A68F7,Unwind@006a68f0,,,unclassified,0.00,unknown,undefined Unwind@006a68f0(void),false,,,,
0x006A68F8,11,0x006A6902,Unwind@006a68f8,,,unclassified,0.00,unknown,undefined Unwind@006a68f8(void),false,,,,
0x006A6903,14,0x006A6910,Unwind@006a6903,,,unclassified,0.00,unknown,undefined Unwind@006a6903(void),false,,,,
0x006A6911,14,0x006A691E,Unwind@006a6911,,,unclassified,0.00,unknown,undefined Unwind@006a6911(void),false,,,,
0x006A691F,24,0x006A6936,Unwind@006a691f,,,unclassified,0.00,unknown,undefined Unwind@006a691f(void),false,,,,
0x006A6960,8,0x006A6967,Unwind@006a6960,,,unclassified,0.00,unknown,undefined Unwind@006a6960(void),false,,,,
0x006A6968,11,0x006A6972,Unwind@006a6968,,,unclassified,0.00,unknown,undefined Unwind@006a6968(void),false,,,,
0x006A6973,14,0x006A6980,Unwind@006a6973,,,unclassified,0.00,unknown,undefined Unwind@006a6973(void),false,,,,
0x006A6981,27,0x006A699B,Unwind@006a6981,,,unclassified,0.00,unknown,undefined Unwind@006a6981(void),false,,,,
0x006A699C,14,0x006A69A9,Unwind@006a699c,,,unclassified,0.00,unknown,undefined Unwind@006a699c(void),false,,,,
0x006A69D0,8,0x006A69D7,Unwind@006a69d0,,,unclassified,0.00,unknown,undefined Unwind@006a69d0(void),false,,,,
0x006A69D8,11,0x006A69E2,Unwind@006a69d8,,,unclassified,0.00,unknown,undefined Unwind@006a69d8(void),false,,,,
0x006A69E3,14,0x006A69F0,Unwind@006a69e3,,,unclassified,0.00,unknown,undefined Unwind@006a69e3(void),false,,,,
0x006A69F1,27,0x006A6A0B,Unwind@006a69f1,,,unclassified,0.00,unknown,undefined Unwind@006a69f1(void),false,,,,
0x006A6A0C,14,0x006A6A19,Unwind@006a6a0c,,,unclassified,0.00,unknown,undefined Unwind@006a6a0c(void),false,,,,
0x006A6A40,9,0x006A6A48,Unwind@006a6a40,,,unclassified,0.00,unknown,undefined Unwind@006a6a40(void),false,,,,
0x006A6A70,8,0x006A6A77,Unwind@006a6a70,,,unclassified,0.00,unknown,undefined Unwind@006a6a70(void),false,,,,
0x006A6A78,11,0x006A6A82,Unwind@006a6a78,,,unclassified,0.00,unknown,undefined Unwind@006a6a78(void),false,,,,
0x006A6A83,14,0x006A6A90,Unwind@006a6a83,,,unclassified,0.00,unknown,undefined Unwind@006a6a83(void),false,,,,
0x006A6A91,27,0x006A6AAB,Unwind@006a6a91,,,unclassified,0.00,unknown,undefined Unwind@006a6a91(void),false,,,,
0x006A6AAC,14,0x006A6AB9,Unwind@006a6aac,,,unclassified,0.00,unknown,undefined Unwind@006a6aac(void),false,,,,
0x006A6ABA,14,0x006A6AC7,Unwind@006a6aba,,,unclassified,0.00,unknown,undefined Unwind@006a6aba(void),false,,,,
0x006A6AF0,8,0x006A6AF7,Unwind@006a6af0,,,unclassified,0.00,unknown,undefined Unwind@006a6af0(void),false,,,,
0x006A6AF8,11,0x006A6B02,Unwind@006a6af8,,,unclassified,0.00,unknown,undefined Unwind@006a6af8(void),false,,,,
0x006A6B03,14,0x006A6B10,Unwind@006a6b03,,,unclassified,0.00,unknown,undefined Unwind@006a6b03(void),false,,,,
0x006A6B11,27,0x006A6B2B,Unwind@006a6b11,,,unclassified,0.00,unknown,undefined Unwind@006a6b11(void),false,,,,
0x006A6B2C,14,0x006A6B39,Unwind@006a6b2c,,,unclassified,0.00,unknown,undefined Unwind@006a6b2c(void),false,,,,
0x006A6B3A,14,0x006A6B47,Unwind@006a6b3a,,,unclassified,0.00,unknown,undefined Unwind@006a6b3a(void),false,,,,
0x006A6B70,11,0x006A6B7A,Unwind@006a6b70,,,unclassified,0.00,unknown,undefined Unwind@006a6b70(void),false,,,,
0x006A6B7B,11,0x006A6B85,Unwind@006a6b7b,,,unclassified,0.00,unknown,undefined Unwind@006a6b7b(void),false,,,,
0x006A6B86,23,0x006A6B9C,Unwind@006a6b86,,,unclassified,0.00,unknown,undefined Unwind@006a6b86(void),false,,,,
0x006A6B9D,11,0x006A6BA7,Unwind@006a6b9d,,,unclassified,0.00,unknown,undefined Unwind@006a6b9d(void),false,,,,
0x006A6BA8,23,0x006A6BBE,Unwind@006a6ba8,,,unclassified,0.00,unknown,undefined Unwind@006a6ba8(void),false,,,,
0x006A6BF0,9,0x006A6BF8,Unwind@006a6bf0,,,unclassified,0.00,unknown,undefined Unwind@006a6bf0(void),false,,,,
0x006A6BFB,9,0x006A6C03,Unwind@006a6bfb,,,unclassified,0.00,unknown,undefined Unwind@006a6bfb(void),false,,,,
0x006A6C06,9,0x006A6C0E,Unwind@006a6c06,,,unclassified,0.00,unknown,undefined Unwind@006a6c06(void),false,,,,
0x006A6C11,9,0x006A6C19,Unwind@006a6c11,,,unclassified,0.00,unknown,undefined Unwind@006a6c11(void),false,,,,
0x006A6C1C,9,0x006A6C24,Unwind@006a6c1c,,,unclassified,0.00,unknown,undefined Unwind@006a6c1c(void),false,,,,
0x006A6C50,8,0x006A6C57,Unwind@006a6c50,,,unclassified,0.00,unknown,undefined Unwind@006a6c50(void),false,,,,
0x006A6C58,11,0x006A6C62,Unwind@006a6c58,,,unclassified,0.00,unknown,undefined Unwind@006a6c58(void),false,,,,
0x006A6C63,25,0x006A6C7B,Unwind@006a6c63,,,unclassified,0.00,unknown,undefined Unwind@006a6c63(void),false,,,,
0x006A6CA0,8,0x006A6CA7,Unwind@006a6ca0,,,unclassified,0.00,unknown,undefined Unwind@006a6ca0(void),false,,,,
0x006A6CA8,11,0x006A6CB2,Unwind@006a6ca8,,,unclassified,0.00,unknown,undefined Unwind@006a6ca8(void),false,,,,
0x006A6CB3,25,0x006A6CCB,Unwind@006a6cb3,,,unclassified,0.00,unknown,undefined Unwind@006a6cb3(void),false,,,,
0x006A6CF0,8,0x006A6CF7,Unwind@006a6cf0,,,unclassified,0.00,unknown,undefined Unwind@006a6cf0(void),false,,,,
0x006A6CF8,11,0x006A6D02,Unwind@006a6cf8,,,unclassified,0.00,unknown,undefined Unwind@006a6cf8(void),false,,,,
0x006A6D03,14,0x006A6D10,Unwind@006a6d03,,,unclassified,0.00,unknown,undefined Unwind@006a6d03(void),false,,,,
0x006A6D11,14,0x006A6D1E,Unwind@006a6d11,,,unclassified,0.00,unknown,undefined Unwind@006a6d11(void),false,,,,
0x006A6D1F,14,0x006A6D2C,Unwind@006a6d1f,,,unclassified,0.00,unknown,undefined Unwind@006a6d1f(void),false,,,,
0x006A6D50,8,0x006A6D57,Unwind@006a6d50,,,unclassified,0.00,unknown,undefined Unwind@006a6d50(void),false,,,,
0x006A6D58,11,0x006A6D62,Unwind@006a6d58,,,unclassified,0.00,unknown,undefined Unwind@006a6d58(void),false,,,,
0x006A6D63,14,0x006A6D70,Unwind@006a6d63,,,unclassified,0.00,unknown,undefined Unwind@006a6d63(void),false,,,,
0x006A6D71,14,0x006A6D7E,Unwind@006a6d71,,,unclassified,0.00,unknown,undefined Unwind@006a6d71(void),false,,,,
0x006A6D7F,14,0x006A6D8C,Unwind@006a6d7f,,,unclassified,0.00,unknown,undefined Unwind@006a6d7f(void),false,,,,
0x006A6DB0,11,0x006A6DBA,Unwind@006a6db0,,,unclassified,0.00,unknown,undefined Unwind@006a6db0(void),false,,,,
0x006A6DE0,8,0x006A6DE7,Unwind@006a6de0,,,unclassified,0.00,unknown,undefined Unwind@006a6de0(void),false,,,,
0x006A6DE8,11,0x006A6DF2,Unwind@006a6de8,,,unclassified,0.00,unknown,undefined Unwind@006a6de8(void),false,,,,
0x006A6DF3,14,0x006A6E00,Unwind@006a6df3,,,unclassified,0.00,unknown,undefined Unwind@006a6df3(void),false,,,,
0x006A6E01,14,0x006A6E0E,Unwind@006a6e01,,,unclassified,0.00,unknown,undefined Unwind@006a6e01(void),false,,,,
0x006A6E0F,14,0x006A6E1C,Unwind@006a6e0f,,,unclassified,0.00,unknown,undefined Unwind@006a6e0f(void),false,,,,
0x006A6E1D,14,0x006A6E2A,Unwind@006a6e1d,,,unclassified,0.00,unknown,undefined Unwind@006a6e1d(void),false,,,,
0x006A6E2B,14,0x006A6E38,Unwind@006a6e2b,,,unclassified,0.00,unknown,undefined Unwind@006a6e2b(void),false,,,,
0x006A6E39,14,0x006A6E46,Unwind@006a6e39,,,unclassified,0.00,unknown,undefined Unwind@006a6e39(void),false,,,,
0x006A6E47,14,0x006A6E54,Unwind@006a6e47,,,unclassified,0.00,unknown,undefined Unwind@006a6e47(void),false,,,,
0x006A6E55,14,0x006A6E62,Unwind@006a6e55,,,unclassified,0.00,unknown,undefined Unwind@006a6e55(void),false,,,,
0x006A6E63,27,0x006A6E7D,Unwind@006a6e63,,,unclassified,0.00,unknown,undefined Unwind@006a6e63(void),false,,,,
0x006A6EA0,11,0x006A6EAA,Unwind@006a6ea0,,,unclassified,0.00,unknown,undefined Unwind@006a6ea0(void),false,,,,
0x006A6EAB,14,0x006A6EB8,Unwind@006a6eab,,,unclassified,0.00,unknown,undefined Unwind@006a6eab(void),false,,,,
0x006A6EB9,17,0x006A6EC9,Unwind@006a6eb9,,,unclassified,0.00,unknown,undefined Unwind@006a6eb9(void),false,,,,
0x006A6ECA,17,0x006A6EDA,Unwind@006a6eca,,,unclassified,0.00,unknown,undefined Unwind@006a6eca(void),false,,,,
0x006A6EDB,17,0x006A6EEB,Unwind@006a6edb,,,unclassified,0.00,unknown,undefined Unwind@006a6edb(void),false,,,,
0x006A6EEC,17,0x006A6EFC,Unwind@006a6eec,,,unclassified,0.00,unknown,undefined Unwind@006a6eec(void),false,,,,
0x006A6EFD,17,0x006A6F0D,Unwind@006a6efd,,,unclassified,0.00,unknown,undefined Unwind@006a6efd(void),false,,,,
0x006A6F0E,17,0x006A6F1E,Unwind@006a6f0e,,,unclassified,0.00,unknown,undefined Unwind@006a6f0e(void),false,,,,
0x006A6F1F,17,0x006A6F2F,Unwind@006a6f1f,,,unclassified,0.00,unknown,undefined Unwind@006a6f1f(void),false,,,,
0x006A6F30,17,0x006A6F40,Unwind@006a6f30,,,unclassified,0.00,unknown,undefined Unwind@006a6f30(void),false,,,,
0x006A6F41,30,0x006A6F5E,Unwind@006a6f41,,,unclassified,0.00,unknown,undefined Unwind@006a6f41(void),false,,,,
0x006A6F5F,11,0x006A6F69,Unwind@006a6f5f,,,unclassified,0.00,unknown,undefined Unwind@006a6f5f(void),false,,,,
0x006A6FA0,8,0x006A6FA7,Unwind@006a6fa0,,,unclassified,0.00,unknown,undefined Unwind@006a6fa0(void),false,,,,
0x006A6FA8,11,0x006A6FB2,Unwind@006a6fa8,,,unclassified,0.00,unknown,undefined Unwind@006a6fa8(void),false,,,,
0x006A6FB3,11,0x006A6FBD,Unwind@006a6fb3,,,unclassified,0.00,unknown,undefined Unwind@006a6fb3(void),false,,,,
0x006A6FBE,14,0x006A6FCB,Unwind@006a6fbe,,,unclassified,0.00,unknown,undefined Unwind@006a6fbe(void),false,,,,
0x006A6FCC,27,0x006A6FE6,Unwind@006a6fcc,,,unclassified,0.00,unknown,undefined Unwind@006a6fcc(void),false,,,,
0x006A7010,8,0x006A7017,Unwind@006a7010,,,unclassified,0.00,unknown,undefined Unwind@006a7010(void),false,,,,
0x006A7018,11,0x006A7022,Unwind@006a7018,,,unclassified,0.00,unknown,undefined Unwind@006a7018(void),false,,,,
0x006A7023,11,0x006A702D,Unwind@006a7023,,,unclassified,0.00,unknown,undefined Unwind@006a7023(void),false,,,,
0x006A702E,14,0x006A703B,Unwind@006a702e,,,unclassified,0.00,unknown,undefined Unwind@006a702e(void),false,,,,
0x006A703C,27,0x006A7056,Unwind@006a703c,,,unclassified,0.00,unknown,undefined Unwind@006a703c(void),false,,,,
0x006A7080,11,0x006A708A,Unwind@006a7080,,,unclassified,0.00,unknown,undefined Unwind@006a7080(void),false,,,,
0x006A708B,11,0x006A7095,Unwind@006a708b,,,unclassified,0.00,unknown,undefined Unwind@006a708b(void),false,,,,
0x006A7096,11,0x006A70A0,Unwind@006a7096,,,unclassified,0.00,unknown,undefined Unwind@006a7096(void),false,,,,
0x006A70A1,11,0x006A70AB,Unwind@006a70a1,,,unclassified,0.00,unknown,undefined Unwind@006a70a1(void),false,,,,
0x006A70AC,11,0x006A70B6,Unwind@006a70ac,,,unclassified,0.00,unknown,undefined Unwind@006a70ac(void),false,,,,
0x006A70F0,8,0x006A70F7,Unwind@006a70f0,,,unclassified,0.00,unknown,undefined Unwind@006a70f0(void),false,,,,
0x006A70F8,8,0x006A70FF,Unwind@006a70f8,,,unclassified,0.00,unknown,undefined Unwind@006a70f8(void),false,,,,
0x006A7100,8,0x006A7107,Unwind@006a7100,,,unclassified,0.00,unknown,undefined Unwind@006a7100(void),false,,,,
0x006A7108,8,0x006A710F,Unwind@006a7108,,,unclassified,0.00,unknown,undefined Unwind@006a7108(void),false,,,,
0x006A7110,11,0x006A711A,Unwind@006a7110,,,unclassified,0.00,unknown,undefined Unwind@006a7110(void),false,,,,
0x006A711B,8,0x006A7122,Unwind@006a711b,,,unclassified,0.00,unknown,undefined Unwind@006a711b(void),false,,,,
0x006A7123,11,0x006A712D,Unwind@006a7123,,,unclassified,0.00,unknown,undefined Unwind@006a7123(void),false,,,,
0x006A712E,11,0x006A7138,Unwind@006a712e,,,unclassified,0.00,unknown,undefined Unwind@006a712e(void),false,,,,
0x006A7170,8,0x006A7177,Unwind@006a7170,,,unclassified,0.00,unknown,undefined Unwind@006a7170(void),false,,,,
0x006A7178,8,0x006A717F,Unwind@006a7178,,,unclassified,0.00,unknown,undefined Unwind@006a7178(void),false,,,,
0x006A71B0,8,0x006A71B7,Unwind@006a71b0,,,unclassified,0.00,unknown,undefined Unwind@006a71b0(void),false,,,,
0x006A71B8,8,0x006A71BF,Unwind@006a71b8,,,unclassified,0.00,unknown,undefined Unwind@006a71b8(void),false,,,,
0x006A71F0,8,0x006A71F7,Unwind@006a71f0,,,unclassified,0.00,unknown,undefined Unwind@006a71f0(void),false,,,,
0x006A71F8,8,0x006A71FF,Unwind@006a71f8,,,unclassified,0.00,unknown,undefined Unwind@006a71f8(void),false,,,,
0x006A7220,8,0x006A7227,Unwind@006a7220,,,unclassified,0.00,unknown,undefined Unwind@006a7220(void),false,,,,
0x006A7250,8,0x006A7257,Unwind@006a7250,,,unclassified,0.00,unknown,undefined Unwind@006a7250(void),false,,,,
0x006A7258,8,0x006A725F,Unwind@006a7258,,,unclassified,0.00,unknown,undefined Unwind@006a7258(void),false,,,,
0x006A7280,8,0x006A7287,Unwind@006a7280,,,unclassified,0.00,unknown,undefined Unwind@006a7280(void),false,,,,
0x006A7288,11,0x006A7292,Unwind@006a7288,,,unclassified,0.00,unknown,undefined Unwind@006a7288(void),false,,,,
0x006A7293,14,0x006A72A0,Unwind@006a7293,,,unclassified,0.00,unknown,undefined Unwind@006a7293(void),false,,,,
0x006A72A1,14,0x006A72AE,Unwind@006a72a1,,,unclassified,0.00,unknown,undefined Unwind@006a72a1(void),false,,,,
0x006A72AF,14,0x006A72BC,Unwind@006a72af,,,unclassified,0.00,unknown,undefined Unwind@006a72af(void),false,,,,
0x006A72BD,14,0x006A72CA,Unwind@006a72bd,,,unclassified,0.00,unknown,undefined Unwind@006a72bd(void),false,,,,
0x006A72CB,14,0x006A72D8,Unwind@006a72cb,,,unclassified,0.00,unknown,undefined Unwind@006a72cb(void),false,,,,
0x006A72D9,14,0x006A72E6,Unwind@006a72d9,,,unclassified,0.00,unknown,undefined Unwind@006a72d9(void),false,,,,
0x006A72E7,14,0x006A72F4,Unwind@006a72e7,,,unclassified,0.00,unknown,undefined Unwind@006a72e7(void),false,,,,
0x006A72F5,27,0x006A730F,Unwind@006a72f5,,,unclassified,0.00,unknown,undefined Unwind@006a72f5(void),false,,,,
0x006A7330,8,0x006A7337,Unwind@006a7330,,,unclassified,0.00,unknown,undefined Unwind@006a7330(void),false,,,,
0x006A7338,11,0x006A7342,Unwind@006a7338,,,unclassified,0.00,unknown,undefined Unwind@006a7338(void),false,,,,
0x006A7343,14,0x006A7350,Unwind@006a7343,,,unclassified,0.00,unknown,undefined Unwind@006a7343(void),false,,,,
0x006A7351,14,0x006A735E,Unwind@006a7351,,,unclassified,0.00,unknown,undefined Unwind@006a7351(void),false,,,,
0x006A735F,14,0x006A736C,Unwind@006a735f,,,unclassified,0.00,unknown,undefined Unwind@006a735f(void),false,,,,
0x006A736D,14,0x006A737A,Unwind@006a736d,,,unclassified,0.00,unknown,undefined Unwind@006a736d(void),false,,,,
0x006A737B,14,0x006A7388,Unwind@006a737b,,,unclassified,0.00,unknown,undefined Unwind@006a737b(void),false,,,,
0x006A7389,14,0x006A7396,Unwind@006a7389,,,unclassified,0.00,unknown,undefined Unwind@006a7389(void),false,,,,
0x006A7397,14,0x006A73A4,Unwind@006a7397,,,unclassified,0.00,unknown,undefined Unwind@006a7397(void),false,,,,
0x006A73A5,27,0x006A73BF,Unwind@006a73a5,,,unclassified,0.00,unknown,undefined Unwind@006a73a5(void),false,,,,
0x006A73E0,8,0x006A73E7,Unwind@006a73e0,,,unclassified,0.00,unknown,undefined Unwind@006a73e0(void),false,,,,
0x006A7410,11,0x006A741A,Unwind@006a7410,,,unclassified,0.00,unknown,undefined Unwind@006a7410(void),false,,,,
0x006A741B,14,0x006A7428,Unwind@006a741b,,,unclassified,0.00,unknown,undefined Unwind@006a741b(void),false,,,,
0x006A7429,24,0x006A7440,Unwind@006a7429,,,unclassified,0.00,unknown,undefined Unwind@006a7429(void),false,,,,
0x006A7441,14,0x006A744E,Unwind@006a7441,,,unclassified,0.00,unknown,undefined Unwind@006a7441(void),false,,,,
0x006A744F,24,0x006A7466,Unwind@006a744f,,,unclassified,0.00,unknown,undefined Unwind@006a744f(void),false,,,,
0x006A7467,14,0x006A7474,Unwind@006a7467,,,unclassified,0.00,unknown,undefined Unwind@006a7467(void),false,,,,
0x006A7475,14,0x006A7482,Unwind@006a7475,,,unclassified,0.00,unknown,undefined Unwind@006a7475(void),false,,,,
0x006A7483,27,0x006A749D,Unwind@006a7483,,,unclassified,0.00,unknown,undefined Unwind@006a7483(void),false,,,,
0x006A749E,14,0x006A74AB,Unwind@006a749e,,,unclassified,0.00,unknown,undefined Unwind@006a749e(void),false,,,,
0x006A74AC,14,0x006A74B9,Unwind@006a74ac,,,unclassified,0.00,unknown,undefined Unwind@006a74ac(void),false,,,,
0x006A74E0,11,0x006A74EA,Unwind@006a74e0,,,unclassified,0.00,unknown,undefined Unwind@006a74e0(void),false,,,,
0x006A74EB,11,0x006A74F5,Unwind@006a74eb,,,unclassified,0.00,unknown,undefined Unwind@006a74eb(void),false,,,,
0x006A7530,11,0x006A753A,Unwind@006a7530,,,unclassified,0.00,unknown,undefined Unwind@006a7530(void),false,,,,
0x006A7570,8,0x006A7577,Unwind@006a7570,,,unclassified,0.00,unknown,undefined Unwind@006a7570(void),false,,,,
0x006A7578,8,0x006A757F,Unwind@006a7578,,,unclassified,0.00,unknown,undefined Unwind@006a7578(void),false,,,,
0x006A75B0,8,0x006A75B7,Unwind@006a75b0,,,unclassified,0.00,unknown,undefined Unwind@006a75b0(void),false,,,,
0x006A75B8,8,0x006A75BF,Unwind@006a75b8,,,unclassified,0.00,unknown,undefined Unwind@006a75b8(void),false,,,,
0x006A75C0,8,0x006A75C7,Unwind@006a75c0,,,unclassified,0.00,unknown,undefined Unwind@006a75c0(void),false,,,,
0x006A7600,8,0x006A7607,Unwind@006a7600,,,unclassified,0.00,unknown,undefined Unwind@006a7600(void),false,,,,
0x006A7630,8,0x006A7637,Unwind@006a7630,,,unclassified,0.00,unknown,undefined Unwind@006a7630(void),false,,,,
0x006A7660,8,0x006A7667,Unwind@006a7660,,,unclassified,0.00,unknown,undefined Unwind@006a7660(void),false,,,,
0x006A7668,8,0x006A766F,Unwind@006a7668,,,unclassified,0.00,unknown,undefined Unwind@006a7668(void),false,,,,
0x006A76A0,17,0x006A76B0,Unwind@006a76a0,,,unclassified,0.00,unknown,undefined Unwind@006a76a0(void),false,,,,
0x006A7750,8,0x006A7757,Unwind@006a7750,,,unclassified,0.00,unknown,undefined Unwind@006a7750(void),false,,,,
0x006A77A0,11,0x006A77AA,Unwind@006a77a0,,,unclassified,0.00,unknown,undefined Unwind@006a77a0(void),false,,,,
0x006A77AB,11,0x006A77B5,Unwind@006a77ab,,,unclassified,0.00,unknown,undefined Unwind@006a77ab(void),false,,,,
0x006A77E0,11,0x006A77EA,Unwind@006a77e0,,,unclassified,0.00,unknown,undefined Unwind@006a77e0(void),false,,,,
0x006A77EB,11,0x006A77F5,Unwind@006a77eb,,,unclassified,0.00,unknown,undefined Unwind@006a77eb(void),false,,,,
0x006A7820,11,0x006A782A,Unwind@006a7820,,,unclassified,0.00,unknown,undefined Unwind@006a7820(void),false,,,,
0x006A782B,11,0x006A7835,Unwind@006a782b,,,unclassified,0.00,unknown,undefined Unwind@006a782b(void),false,,,,
0x006A7860,39,0x006A7886,Unwind@006a7860,,,unclassified,0.00,unknown,undefined Unwind@006a7860(void),false,,,,
0x006A78B0,8,0x006A78B7,Unwind@006a78b0,,,unclassified,0.00,unknown,undefined Unwind@006a78b0(void),false,,,,
0x006A78E0,11,0x006A78EA,Unwind@006a78e0,,,unclassified,0.00,unknown,undefined Unwind@006a78e0(void),false,,,,
0x006A7910,11,0x006A791A,Unwind@006a7910,,,unclassified,0.00,unknown,undefined Unwind@006a7910(void),false,,,,
0x006A7940,8,0x006A7947,Unwind@006a7940,,,unclassified,0.00,unknown,undefined Unwind@006a7940(void),false,,,,
0x006A7970,17,0x006A7980,Unwind@006a7970,,,unclassified,0.00,unknown,undefined Unwind@006a7970(void),false,,,,
0x006A79A0,8,0x006A79A7,Unwind@006a79a0,,,unclassified,0.00,unknown,undefined Unwind@006a79a0(void),false,,,,
0x006A79D0,14,0x006A79DD,Unwind@006a79d0,,,unclassified,0.00,unknown,undefined Unwind@006a79d0(void),false,,,,
0x006A79DE,11,0x006A79E8,Unwind@006a79de,,,unclassified,0.00,unknown,undefined Unwind@006a79de(void),false,,,,
0x006A7A10,11,0x006A7A1A,Unwind@006a7a10,,,unclassified,0.00,unknown,undefined Unwind@006a7a10(void),false,,,,
0x006A7A40,8,0x006A7A47,Unwind@006a7a40,,,unclassified,0.00,unknown,undefined Unwind@006a7a40(void),false,,,,
0x006A7A48,8,0x006A7A4F,Unwind@006a7a48,,,unclassified,0.00,unknown,undefined Unwind@006a7a48(void),false,,,,
0x006A7A50,11,0x006A7A5A,Unwind@006a7a50,,,unclassified,0.00,unknown,undefined Unwind@006a7a50(void),false,,,,
0x006A7A5B,11,0x006A7A65,Unwind@006a7a5b,,,unclassified,0.00,unknown,undefined Unwind@006a7a5b(void),false,,,,
0x006A7A66,11,0x006A7A70,Unwind@006a7a66,,,unclassified,0.00,unknown,undefined Unwind@006a7a66(void),false,,,,
0x006A7AA0,8,0x006A7AA7,Unwind@006a7aa0,,,unclassified,0.00,unknown,undefined Unwind@006a7aa0(void),false,,,,
0x006A7AA8,8,0x006A7AAF,Unwind@006a7aa8,,,unclassified,0.00,unknown,undefined Unwind@006a7aa8(void),false,,,,
0x006A7AB0,8,0x006A7AB7,Unwind@006a7ab0,,,unclassified,0.00,unknown,undefined Unwind@006a7ab0(void),false,,,,
0x006A7AE0,11,0x006A7AEA,Unwind@006a7ae0,,,unclassified,0.00,unknown,undefined Unwind@006a7ae0(void),false,,,,
0x006A7AEB,11,0x006A7AF5,Unwind@006a7aeb,,,unclassified,0.00,unknown,undefined Unwind@006a7aeb(void),false,,,,
0x006A7AF6,8,0x006A7AFD,Unwind@006a7af6,,,unclassified,0.00,unknown,undefined Unwind@006a7af6(void),false,,,,
0x006A7AFE,11,0x006A7B08,Unwind@006a7afe,,,unclassified,0.00,unknown,undefined Unwind@006a7afe(void),false,,,,
0x006A7B09,11,0x006A7B13,Unwind@006a7b09,,,unclassified,0.00,unknown,undefined Unwind@006a7b09(void),false,,,,
0x006A7B14,11,0x006A7B1E,Unwind@006a7b14,,,unclassified,0.00,unknown,undefined Unwind@006a7b14(void),false,,,,
0x006A7B1F,11,0x006A7B29,Unwind@006a7b1f,,,unclassified,0.00,unknown,undefined Unwind@006a7b1f(void),false,,,,
0x006A7B2A,11,0x006A7B34,Unwind@006a7b2a,,,unclassified,0.00,unknown,undefined Unwind@006a7b2a(void),false,,,,
0x006A7B35,11,0x006A7B3F,Unwind@006a7b35,,,unclassified,0.00,unknown,undefined Unwind@006a7b35(void),false,,,,
0x006A7B70,11,0x006A7B7A,Unwind@006a7b70,,,unclassified,0.00,unknown,undefined Unwind@006a7b70(void),false,,,,
0x006A7B7B,11,0x006A7B85,Unwind@006a7b7b,,,unclassified,0.00,unknown,undefined Unwind@006a7b7b(void),false,,,,
0x006A7B86,14,0x006A7B93,Unwind@006a7b86,,,unclassified,0.00,unknown,undefined Unwind@006a7b86(void),false,,,,
0x006A7B94,14,0x006A7BA1,Unwind@006a7b94,,,unclassified,0.00,unknown,undefined Unwind@006a7b94(void),false,,,,
0x006A7BA2,14,0x006A7BAF,Unwind@006a7ba2,,,unclassified,0.00,unknown,undefined Unwind@006a7ba2(void),false,,,,
0x006A7BB0,14,0x006A7BBD,Unwind@006a7bb0,,,unclassified,0.00,unknown,undefined Unwind@006a7bb0(void),false,,,,
0x006A7BBE,14,0x006A7BCB,Unwind@006a7bbe,,,unclassified,0.00,unknown,undefined Unwind@006a7bbe(void),false,,,,
0x006A7BCC,14,0x006A7BD9,Unwind@006a7bcc,,,unclassified,0.00,unknown,undefined Unwind@006a7bcc(void),false,,,,
0x006A7BDA,14,0x006A7BE7,Unwind@006a7bda,,,unclassified,0.00,unknown,undefined Unwind@006a7bda(void),false,,,,
0x006A7BE8,14,0x006A7BF5,Unwind@006a7be8,,,unclassified,0.00,unknown,undefined Unwind@006a7be8(void),false,,,,
0x006A7BF6,14,0x006A7C03,Unwind@006a7bf6,,,unclassified,0.00,unknown,undefined Unwind@006a7bf6(void),false,,,,
0x006A7C20,8,0x006A7C27,Unwind@006a7c20,,,unclassified,0.00,unknown,undefined Unwind@006a7c20(void),false,,,,
0x006A7C50,8,0x006A7C57,Unwind@006a7c50,,,unclassified,0.00,unknown,undefined Unwind@006a7c50(void),false,,,,
0x006A7C58,8,0x006A7C5F,Unwind@006a7c58,,,unclassified,0.00,unknown,undefined Unwind@006a7c58(void),false,,,,
0x006A7CB0,8,0x006A7CB7,Unwind@006a7cb0,,,unclassified,0.00,unknown,undefined Unwind@006a7cb0(void),false,,,,
0x006A7CE0,11,0x006A7CEA,Unwind@006a7ce0,,,unclassified,0.00,unknown,undefined Unwind@006a7ce0(void),false,,,,
0x006A7D10,11,0x006A7D1A,Unwind@006a7d10,,,unclassified,0.00,unknown,undefined Unwind@006a7d10(void),false,,,,
0x006A7D40,11,0x006A7D4A,Unwind@006a7d40,,,unclassified,0.00,unknown,undefined Unwind@006a7d40(void),false,,,,
0x006A7DB0,8,0x006A7DB7,Unwind@006a7db0,,,unclassified,0.00,unknown,undefined Unwind@006a7db0(void),false,,,,
0x006A7DB8,11,0x006A7DC2,Unwind@006a7db8,,,unclassified,0.00,unknown,undefined Unwind@006a7db8(void),false,,,,
0x006A7DC3,11,0x006A7DCD,Unwind@006a7dc3,,,unclassified,0.00,unknown,undefined Unwind@006a7dc3(void),false,,,,
0x006A7DF0,8,0x006A7DF7,Unwind@006a7df0,,,unclassified,0.00,unknown,undefined Unwind@006a7df0(void),false,,,,
0x006A7DF8,11,0x006A7E02,Unwind@006a7df8,,,unclassified,0.00,unknown,undefined Unwind@006a7df8(void),false,,,,
0x006A7E03,11,0x006A7E0D,Unwind@006a7e03,,,unclassified,0.00,unknown,undefined Unwind@006a7e03(void),false,,,,
0x006A7E30,17,0x006A7E40,Unwind@006a7e30,,,unclassified,0.00,unknown,undefined Unwind@006a7e30(void),false,,,,
0x006A7E60,17,0x006A7E70,Unwind@006a7e60,,,unclassified,0.00,unknown,undefined Unwind@006a7e60(void),false,,,,
0x006A7EB0,8,0x006A7EB7,Unwind@006a7eb0,,,unclassified,0.00,unknown,undefined Unwind@006a7eb0(void),false,,,,
0x006A7EE0,8,0x006A7EE7,Unwind@006a7ee0,,,unclassified,0.00,unknown,undefined Unwind@006a7ee0(void),false,,,,
0x006A7F10,11,0x006A7F1A,Unwind@006a7f10,,,unclassified,0.00,unknown,undefined Unwind@006a7f10(void),false,,,,
0x006A7F40,17,0x006A7F50,Unwind@006a7f40,,,unclassified,0.00,unknown,undefined Unwind@006a7f40(void),false,,,,
0x006A7F70,8,0x006A7F77,Unwind@006a7f70,,,unclassified,0.00,unknown,undefined Unwind@006a7f70(void),false,,,,
0x006A7F78,11,0x006A7F82,Unwind@006a7f78,,,unclassified,0.00,unknown,undefined Unwind@006a7f78(void),false,,,,
0x006A7F83,11,0x006A7F8D,Unwind@006a7f83,,,unclassified,0.00,unknown,undefined Unwind@006a7f83(void),false,,,,
0x006A7FB0,11,0x006A7FBA,Unwind@006a7fb0,,,unclassified,0.00,unknown,undefined Unwind@006a7fb0(void),false,,,,
0x006A7FE0,11,0x006A7FEA,Unwind@006a7fe0,,,unclassified,0.00,unknown,undefined Unwind@006a7fe0(void),false,,,,
0x006A7FEB,11,0x006A7FF5,Unwind@006a7feb,,,unclassified,0.00,unknown,undefined Unwind@006a7feb(void),false,,,,
0x006A7FF6,11,0x006A8000,Unwind@006a7ff6,,,unclassified,0.00,unknown,undefined Unwind@006a7ff6(void),false,,,,
0x006A8001,11,0x006A800B,Unwind@006a8001,,,unclassified,0.00,unknown,undefined Unwind@006a8001(void),false,,,,
0x006A800C,11,0x006A8016,Unwind@006a800c,,,unclassified,0.00,unknown,undefined Unwind@006a800c(void),false,,,,
0x006A8017,11,0x006A8021,Unwind@006a8017,,,unclassified,0.00,unknown,undefined Unwind@006a8017(void),false,,,,
0x006A8022,11,0x006A802C,Unwind@006a8022,,,unclassified,0.00,unknown,undefined Unwind@006a8022(void),false,,,,
0x006A8060,8,0x006A8067,Unwind@006a8060,,,unclassified,0.00,unknown,undefined Unwind@006a8060(void),false,,,,
0x006A8068,14,0x006A8075,Unwind@006a8068,,,unclassified,0.00,unknown,undefined Unwind@006a8068(void),false,,,,
0x006A8076,14,0x006A8083,Unwind@006a8076,,,unclassified,0.00,unknown,undefined Unwind@006a8076(void),false,,,,
0x006A8084,14,0x006A8091,Unwind@006a8084,,,unclassified,0.00,unknown,undefined Unwind@006a8084(void),false,,,,
0x006A8092,14,0x006A809F,Unwind@006a8092,,,unclassified,0.00,unknown,undefined Unwind@006a8092(void),false,,,,
0x006A80A0,14,0x006A80AD,Unwind@006a80a0,,,unclassified,0.00,unknown,undefined Unwind@006a80a0(void),false,,,,
0x006A80AE,14,0x006A80BB,Unwind@006a80ae,,,unclassified,0.00,unknown,undefined Unwind@006a80ae(void),false,,,,
0x006A80BC,14,0x006A80C9,Unwind@006a80bc,,,unclassified,0.00,unknown,undefined Unwind@006a80bc(void),false,,,,
0x006A80CA,14,0x006A80D7,Unwind@006a80ca,,,unclassified,0.00,unknown,undefined Unwind@006a80ca(void),false,,,,
0x006A80D8,14,0x006A80E5,Unwind@006a80d8,,,unclassified,0.00,unknown,undefined Unwind@006a80d8(void),false,,,,
0x006A80E6,9,0x006A80EE,Unwind@006a80e6,,,unclassified,0.00,unknown,undefined Unwind@006a80e6(void),false,,,,
0x006A80F1,9,0x006A80F9,Unwind@006a80f1,,,unclassified,0.00,unknown,undefined Unwind@006a80f1(void),false,,,,
0x006A80FC,9,0x006A8104,Unwind@006a80fc,,,unclassified,0.00,unknown,undefined Unwind@006a80fc(void),false,,,,
0x006A8130,8,0x006A8137,Unwind@006a8130,,,unclassified,0.00,unknown,undefined Unwind@006a8130(void),false,,,,
0x006A8138,14,0x006A8145,Unwind@006a8138,,,unclassified,0.00,unknown,undefined Unwind@006a8138(void),false,,,,
0x006A8146,14,0x006A8153,Unwind@006a8146,,,unclassified,0.00,unknown,undefined Unwind@006a8146(void),false,,,,
0x006A8154,14,0x006A8161,Unwind@006a8154,,,unclassified,0.00,unknown,undefined Unwind@006a8154(void),false,,,,
0x006A8162,14,0x006A816F,Unwind@006a8162,,,unclassified,0.00,unknown,undefined Unwind@006a8162(void),false,,,,
0x006A8170,14,0x006A817D,Unwind@006a8170,,,unclassified,0.00,unknown,undefined Unwind@006a8170(void),false,,,,
0x006A817E,14,0x006A818B,Unwind@006a817e,,,unclassified,0.00,unknown,undefined Unwind@006a817e(void),false,,,,
0x006A818C,14,0x006A8199,Unwind@006a818c,,,unclassified,0.00,unknown,undefined Unwind@006a818c(void),false,,,,
0x006A819A,14,0x006A81A7,Unwind@006a819a,,,unclassified,0.00,unknown,undefined Unwind@006a819a(void),false,,,,
0x006A81A8,14,0x006A81B5,Unwind@006a81a8,,,unclassified,0.00,unknown,undefined Unwind@006a81a8(void),false,,,,
0x006A81B6,8,0x006A81BD,Unwind@006a81b6,,,unclassified,0.00,unknown,undefined Unwind@006a81b6(void),false,,,,
0x006A81BE,11,0x006A81C8,Unwind@006a81be,,,unclassified,0.00,unknown,undefined Unwind@006a81be(void),false,,,,
0x006A81C9,11,0x006A81D3,Unwind@006a81c9,,,unclassified,0.00,unknown,undefined Unwind@006a81c9(void),false,,,,
0x006A8210,9,0x006A8218,Unwind@006a8210,,,unclassified,0.00,unknown,undefined Unwind@006a8210(void),false,,,,
0x006A821B,9,0x006A8223,Unwind@006a821b,,,unclassified,0.00,unknown,undefined Unwind@006a821b(void),false,,,,
0x006A8226,9,0x006A822E,Unwind@006a8226,,,unclassified,0.00,unknown,undefined Unwind@006a8226(void),false,,,,
0x006A8231,9,0x006A8239,Unwind@006a8231,,,unclassified,0.00,unknown,undefined Unwind@006a8231(void),false,,,,
0x006A823C,9,0x006A8244,Unwind@006a823c,,,unclassified,0.00,unknown,undefined Unwind@006a823c(void),false,,,,
0x006A8247,9,0x006A824F,Unwind@006a8247,,,unclassified,0.00,unknown,undefined Unwind@006a8247(void),false,,,,
0x006A8252,9,0x006A825A,Unwind@006a8252,,,unclassified,0.00,unknown,undefined Unwind@006a8252(void),false,,,,
0x006A825D,9,0x006A8265,Unwind@006a825d,,,unclassified,0.00,unknown,undefined Unwind@006a825d(void),false,,,,
0x006A8268,9,0x006A8270,Unwind@006a8268,,,unclassified,0.00,unknown,undefined Unwind@006a8268(void),false,,,,
0x006A8273,9,0x006A827B,Unwind@006a8273,,,unclassified,0.00,unknown,undefined Unwind@006a8273(void),false,,,,
0x006A827E,9,0x006A8286,Unwind@006a827e,,,unclassified,0.00,unknown,undefined Unwind@006a827e(void),false,,,,
0x006A8289,9,0x006A8291,Unwind@006a8289,,,unclassified,0.00,unknown,undefined Unwind@006a8289(void),false,,,,
0x006A8294,9,0x006A829C,Unwind@006a8294,,,unclassified,0.00,unknown,undefined Unwind@006a8294(void),false,,,,
0x006A829F,9,0x006A82A7,Unwind@006a829f,,,unclassified,0.00,unknown,undefined Unwind@006a829f(void),false,,,,
0x006A82AA,9,0x006A82B2,Unwind@006a82aa,,,unclassified,0.00,unknown,undefined Unwind@006a82aa(void),false,,,,
0x006A82D0,8,0x006A82D7,Unwind@006a82d0,,,unclassified,0.00,unknown,undefined Unwind@006a82d0(void),false,,,,
0x006A82D8,11,0x006A82E2,Unwind@006a82d8,,,unclassified,0.00,unknown,undefined Unwind@006a82d8(void),false,,,,
0x006A82E3,11,0x006A82ED,Unwind@006a82e3,,,unclassified,0.00,unknown,undefined Unwind@006a82e3(void),false,,,,
0x006A82EE,11,0x006A82F8,Unwind@006a82ee,,,unclassified,0.00,unknown,undefined Unwind@006a82ee(void),false,,,,
0x006A82F9,11,0x006A8303,Unwind@006a82f9,,,unclassified,0.00,unknown,undefined Unwind@006a82f9(void),false,,,,
0x006A8320,11,0x006A832A,Unwind@006a8320,,,unclassified,0.00,unknown,undefined Unwind@006a8320(void),false,,,,
0x006A832B,11,0x006A8335,Unwind@006a832b,,,unclassified,0.00,unknown,undefined Unwind@006a832b(void),false,,,,
0x006A8336,11,0x006A8340,Unwind@006a8336,,,unclassified,0.00,unknown,undefined Unwind@006a8336(void),false,,,,
0x006A8341,11,0x006A834B,Unwind@006a8341,,,unclassified,0.00,unknown,undefined Unwind@006a8341(void),false,,,,
0x006A8370,11,0x006A837A,Unwind@006a8370,,,unclassified,0.00,unknown,undefined Unwind@006a8370(void),false,,,,
0x006A837B,11,0x006A8385,Unwind@006a837b,,,unclassified,0.00,unknown,undefined Unwind@006a837b(void),false,,,,
0x006A8386,11,0x006A8390,Unwind@006a8386,,,unclassified,0.00,unknown,undefined Unwind@006a8386(void),false,,,,
0x006A83B0,11,0x006A83BA,Unwind@006a83b0,,,unclassified,0.00,unknown,undefined Unwind@006a83b0(void),false,,,,
0x006A83E0,11,0x006A83EA,Unwind@006a83e0,,,unclassified,0.00,unknown,undefined Unwind@006a83e0(void),false,,,,
0x006A8410,11,0x006A841A,Unwind@006a8410,,,unclassified,0.00,unknown,undefined Unwind@006a8410(void),false,,,,
0x006A8450,8,0x006A8457,Unwind@006a8450,,,unclassified,0.00,unknown,undefined Unwind@006a8450(void),false,,,,
0x006A8458,11,0x006A8462,Unwind@006a8458,,,unclassified,0.00,unknown,undefined Unwind@006a8458(void),false,,,,
0x006A8463,11,0x006A846D,Unwind@006a8463,,,unclassified,0.00,unknown,undefined Unwind@006a8463(void),false,,,,
0x006A846E,11,0x006A8478,Unwind@006a846e,,,unclassified,0.00,unknown,undefined Unwind@006a846e(void),false,,,,
0x006A8479,11,0x006A8483,Unwind@006a8479,,,unclassified,0.00,unknown,undefined Unwind@006a8479(void),false,,,,
0x006A8484,11,0x006A848E,Unwind@006a8484,,,unclassified,0.00,unknown,undefined Unwind@006a8484(void),false,,,,
0x006A84B0,9,0x006A84B8,Unwind@006a84b0,,,unclassified,0.00,unknown,undefined Unwind@006a84b0(void),false,,,,
0x006A84BB,9,0x006A84C3,Unwind@006a84bb,,,unclassified,0.00,unknown,undefined Unwind@006a84bb(void),false,,,,
0x006A84C6,9,0x006A84CE,Unwind@006a84c6,,,unclassified,0.00,unknown,undefined Unwind@006a84c6(void),false,,,,
0x006A84D1,9,0x006A84D9,Unwind@006a84d1,,,unclassified,0.00,unknown,undefined Unwind@006a84d1(void),false,,,,
0x006A84DC,9,0x006A84E4,Unwind@006a84dc,,,unclassified,0.00,unknown,undefined Unwind@006a84dc(void),false,,,,
0x006A84E7,9,0x006A84EF,Unwind@006a84e7,,,unclassified,0.00,unknown,undefined Unwind@006a84e7(void),false,,,,
0x006A84F2,9,0x006A84FA,Unwind@006a84f2,,,unclassified,0.00,unknown,undefined Unwind@006a84f2(void),false,,,,
0x006A84FD,9,0x006A8505,Unwind@006a84fd,,,unclassified,0.00,unknown,undefined Unwind@006a84fd(void),false,,,,
0x006A8508,9,0x006A8510,Unwind@006a8508,,,unclassified,0.00,unknown,undefined Unwind@006a8508(void),false,,,,
0x006A8513,9,0x006A851B,Unwind@006a8513,,,unclassified,0.00,unknown,undefined Unwind@006a8513(void),false,,,,
0x006A851E,9,0x006A8526,Unwind@006a851e,,,unclassified,0.00,unknown,undefined Unwind@006a851e(void),false,,,,
0x006A8529,9,0x006A8531,Unwind@006a8529,,,unclassified,0.00,unknown,undefined Unwind@006a8529(void),false,,,,
0x006A8534,9,0x006A853C,Unwind@006a8534,,,unclassified,0.00,unknown,undefined Unwind@006a8534(void),false,,,,
0x006A853F,9,0x006A8547,Unwind@006a853f,,,unclassified,0.00,unknown,undefined Unwind@006a853f(void),false,,,,
0x006A854A,9,0x006A8552,Unwind@006a854a,,,unclassified,0.00,unknown,undefined Unwind@006a854a(void),false,,,,
0x006A8555,9,0x006A855D,Unwind@006a8555,,,unclassified,0.00,unknown,undefined Unwind@006a8555(void),false,,,,
0x006A8560,9,0x006A8568,Unwind@006a8560,,,unclassified,0.00,unknown,undefined Unwind@006a8560(void),false,,,,
0x006A8590,11,0x006A859A,Unwind@006a8590,,,unclassified,0.00,unknown,undefined Unwind@006a8590(void),false,,,,
0x006A859B,11,0x006A85A5,Unwind@006a859b,,,unclassified,0.00,unknown,undefined Unwind@006a859b(void),false,,,,
0x006A85E0,11,0x006A85EA,Unwind@006a85e0,,,unclassified,0.00,unknown,undefined Unwind@006a85e0(void),false,,,,
0x006A85EB,11,0x006A85F5,Unwind@006a85eb,,,unclassified,0.00,unknown,undefined Unwind@006a85eb(void),false,,,,
0x006A8620,8,0x006A8627,Unwind@006a8620,,,unclassified,0.00,unknown,undefined Unwind@006a8620(void),false,,,,
0x006A8650,17,0x006A8660,Unwind@006a8650,,,unclassified,0.00,unknown,undefined Unwind@006a8650(void),false,,,,
0x006A8680,11,0x006A868A,Unwind@006a8680,,,unclassified,0.00,unknown,undefined Unwind@006a8680(void),false,,,,
0x006A868B,11,0x006A8695,Unwind@006a868b,,,unclassified,0.00,unknown,undefined Unwind@006a868b(void),false,,,,
0x006A8696,11,0x006A86A0,Unwind@006a8696,,,unclassified,0.00,unknown,undefined Unwind@006a8696(void),false,,,,
0x006A86A1,11,0x006A86AB,Unwind@006a86a1,,,unclassified,0.00,unknown,undefined Unwind@006a86a1(void),false,,,,
0x006A86AC,11,0x006A86B6,Unwind@006a86ac,,,unclassified,0.00,unknown,undefined Unwind@006a86ac(void),false,,,,
0x006A86F0,22,0x006A8705,Unwind@006a86f0,,,unclassified,0.00,unknown,undefined Unwind@006a86f0(void),false,,,,
0x006A8706,22,0x006A871B,Unwind@006a8706,,,unclassified,0.00,unknown,undefined Unwind@006a8706(void),false,,,,
0x006A8740,11,0x006A874A,Unwind@006a8740,,,unclassified,0.00,unknown,undefined Unwind@006a8740(void),false,,,,
0x006A8770,11,0x006A877A,Unwind@006a8770,,,unclassified,0.00,unknown,undefined Unwind@006a8770(void),false,,,,
0x006A877B,11,0x006A8785,Unwind@006a877b,,,unclassified,0.00,unknown,undefined Unwind@006a877b(void),false,,,,
0x006A87B0,8,0x006A87B7,Unwind@006a87b0,,,unclassified,0.00,unknown,undefined Unwind@006a87b0(void),false,,,,
0x006A87B8,11,0x006A87C2,Unwind@006a87b8,,,unclassified,0.00,unknown,undefined Unwind@006a87b8(void),false,,,,
0x006A87C3,11,0x006A87CD,Unwind@006a87c3,,,unclassified,0.00,unknown,undefined Unwind@006a87c3(void),false,,,,
0x006A87CE,11,0x006A87D8,Unwind@006a87ce,,,unclassified,0.00,unknown,undefined Unwind@006a87ce(void),false,,,,
0x006A8800,8,0x006A8807,Unwind@006a8800,,,unclassified,0.00,unknown,undefined Unwind@006a8800(void),false,,,,
0x006A8808,39,0x006A882E,Unwind@006a8808,,,unclassified,0.00,unknown,undefined Unwind@006a8808(void),false,,,,
0x006A882F,11,0x006A8839,Unwind@006a882f,,,unclassified,0.00,unknown,undefined Unwind@006a882f(void),false,,,,
0x006A883A,11,0x006A8844,Unwind@006a883a,,,unclassified,0.00,unknown,undefined Unwind@006a883a(void),false,,,,
0x006A8860,11,0x006A886A,Unwind@006a8860,,,unclassified,0.00,unknown,undefined Unwind@006a8860(void),false,,,,
0x006A886B,14,0x006A8878,Unwind@006a886b,,,unclassified,0.00,unknown,undefined Unwind@006a886b(void),false,,,,
0x006A8879,14,0x006A8886,Unwind@006a8879,,,unclassified,0.00,unknown,undefined Unwind@006a8879(void),false,,,,
0x006A8887,14,0x006A8894,Unwind@006a8887,,,unclassified,0.00,unknown,undefined Unwind@006a8887(void),false,,,,
0x006A8895,24,0x006A88AC,Unwind@006a8895,,,unclassified,0.00,unknown,undefined Unwind@006a8895(void),false,,,,
0x006A88D0,8,0x006A88D7,Unwind@006a88d0,,,unclassified,0.00,unknown,undefined Unwind@006a88d0(void),false,,,,
0x006A88D8,27,0x006A88F2,Unwind@006a88d8,,,unclassified,0.00,unknown,undefined Unwind@006a88d8(void),false,,,,
0x006A8910,9,0x006A8918,Unwind@006a8910,,,unclassified,0.00,unknown,undefined Unwind@006a8910(void),false,,,,
0x006A891B,9,0x006A8923,Unwind@006a891b,,,unclassified,0.00,unknown,undefined Unwind@006a891b(void),false,,,,
0x006A8950,8,0x006A8957,Unwind@006a8950,,,unclassified,0.00,unknown,undefined Unwind@006a8950(void),false,,,,
0x006A8980,9,0x006A8988,Unwind@006a8980,,,unclassified,0.00,unknown,undefined Unwind@006a8980(void),false,,,,
0x006A89B0,8,0x006A89B7,Unwind@006a89b0,,,unclassified,0.00,unknown,undefined Unwind@006a89b0(void),false,,,,
0x006A89E0,8,0x006A89E7,Unwind@006a89e0,,,unclassified,0.00,unknown,undefined Unwind@006a89e0(void),false,,,,
0x006A89E8,14,0x006A89F5,Unwind@006a89e8,,,unclassified,0.00,unknown,undefined Unwind@006a89e8(void),false,,,,
0x006A8A20,11,0x006A8A2A,Unwind@006a8a20,,,unclassified,0.00,unknown,undefined Unwind@006a8a20(void),false,,,,
0x006A8A2B,11,0x006A8A35,Unwind@006a8a2b,,,unclassified,0.00,unknown,undefined Unwind@006a8a2b(void),false,,,,
0x006A8A70,9,0x006A8A78,Unwind@006a8a70,,,unclassified,0.00,unknown,undefined Unwind@006a8a70(void),false,,,,
0x006A8A7B,9,0x006A8A83,Unwind@006a8a7b,,,unclassified,0.00,unknown,undefined Unwind@006a8a7b(void),false,,,,
0x006A8AB0,9,0x006A8AB8,Unwind@006a8ab0,,,unclassified,0.00,unknown,undefined Unwind@006a8ab0(void),false,,,,
0x006A8AE0,8,0x006A8AE7,Unwind@006a8ae0,,,unclassified,0.00,unknown,undefined Unwind@006a8ae0(void),false,,,,
0x006A8B10,8,0x006A8B17,Unwind@006a8b10,,,unclassified,0.00,unknown,undefined Unwind@006a8b10(void),false,,,,
0x006A8B40,11,0x006A8B4A,Unwind@006a8b40,,,unclassified,0.00,unknown,undefined Unwind@006a8b40(void),false,,,,
0x006A8B70,11,0x006A8B7A,Unwind@006a8b70,,,unclassified,0.00,unknown,undefined Unwind@006a8b70(void),false,,,,
0x006A8B7B,11,0x006A8B85,Unwind@006a8b7b,,,unclassified,0.00,unknown,undefined Unwind@006a8b7b(void),false,,,,
0x006A8BB0,8,0x006A8BB7,Unwind@006a8bb0,,,unclassified,0.00,unknown,undefined Unwind@006a8bb0(void),false,,,,
0x006A8BB8,11,0x006A8BC2,Unwind@006a8bb8,,,unclassified,0.00,unknown,undefined Unwind@006a8bb8(void),false,,,,
0x006A8BE0,9,0x006A8BE8,Unwind@006a8be0,,,unclassified,0.00,unknown,undefined Unwind@006a8be0(void),false,,,,
0x006A8C10,11,0x006A8C1A,Unwind@006a8c10,,,unclassified,0.00,unknown,undefined Unwind@006a8c10(void),false,,,,
0x006A8C40,11,0x006A8C4A,Unwind@006a8c40,,,unclassified,0.00,unknown,undefined Unwind@006a8c40(void),false,,,,
0x006A8C4B,11,0x006A8C55,Unwind@006a8c4b,,,unclassified,0.00,unknown,undefined Unwind@006a8c4b(void),false,,,,
0x006A8C80,8,0x006A8C87,Unwind@006a8c80,,,unclassified,0.00,unknown,undefined Unwind@006a8c80(void),false,,,,
0x006A8C88,11,0x006A8C92,Unwind@006a8c88,,,unclassified,0.00,unknown,undefined Unwind@006a8c88(void),false,,,,
0x006A8CB0,11,0x006A8CBA,Unwind@006a8cb0,,,unclassified,0.00,unknown,undefined Unwind@006a8cb0(void),false,,,,
0x006A8CBB,11,0x006A8CC5,Unwind@006a8cbb,,,unclassified,0.00,unknown,undefined Unwind@006a8cbb(void),false,,,,
0x006A8CC6,11,0x006A8CD0,Unwind@006a8cc6,,,unclassified,0.00,unknown,undefined Unwind@006a8cc6(void),false,,,,
0x006A8CD1,11,0x006A8CDB,Unwind@006a8cd1,,,unclassified,0.00,unknown,undefined Unwind@006a8cd1(void),false,,,,
0x006A8D00,11,0x006A8D0A,Unwind@006a8d00,,,unclassified,0.00,unknown,undefined Unwind@006a8d00(void),false,,,,
0x006A8D30,11,0x006A8D3A,Unwind@006a8d30,,,unclassified,0.00,unknown,undefined Unwind@006a8d30(void),false,,,,
0x006A8D3B,11,0x006A8D45,Unwind@006a8d3b,,,unclassified,0.00,unknown,undefined Unwind@006a8d3b(void),false,,,,
0x006A8D70,8,0x006A8D77,Unwind@006a8d70,,,unclassified,0.00,unknown,undefined Unwind@006a8d70(void),false,,,,
0x006A8D78,11,0x006A8D82,Unwind@006a8d78,,,unclassified,0.00,unknown,undefined Unwind@006a8d78(void),false,,,,
0x006A8DA0,11,0x006A8DAA,Unwind@006a8da0,,,unclassified,0.00,unknown,undefined Unwind@006a8da0(void),false,,,,
0x006A8DD0,11,0x006A8DDA,Unwind@006a8dd0,,,unclassified,0.00,unknown,undefined Unwind@006a8dd0(void),false,,,,
0x006A8DDB,11,0x006A8DE5,Unwind@006a8ddb,,,unclassified,0.00,unknown,undefined Unwind@006a8ddb(void),false,,,,
0x006A8E10,8,0x006A8E17,Unwind@006a8e10,,,unclassified,0.00,unknown,undefined Unwind@006a8e10(void),false,,,,
0x006A8E18,11,0x006A8E22,Unwind@006a8e18,,,unclassified,0.00,unknown,undefined Unwind@006a8e18(void),false,,,,
0x006A8E40,11,0x006A8E4A,Unwind@006a8e40,,,unclassified,0.00,unknown,undefined Unwind@006a8e40(void),false,,,,
0x006A8E70,11,0x006A8E7A,Unwind@006a8e70,,,unclassified,0.00,unknown,undefined Unwind@006a8e70(void),false,,,,
0x006A8E7B,11,0x006A8E85,Unwind@006a8e7b,,,unclassified,0.00,unknown,undefined Unwind@006a8e7b(void),false,,,,
0x006A8EB0,8,0x006A8EB7,Unwind@006a8eb0,,,unclassified,0.00,unknown,undefined Unwind@006a8eb0(void),false,,,,
0x006A8EB8,11,0x006A8EC2,Unwind@006a8eb8,,,unclassified,0.00,unknown,undefined Unwind@006a8eb8(void),false,,,,
0x006A8EE0,11,0x006A8EEA,Unwind@006a8ee0,,,unclassified,0.00,unknown,undefined Unwind@006a8ee0(void),false,,,,
0x006A8F10,11,0x006A8F1A,Unwind@006a8f10,,,unclassified,0.00,unknown,undefined Unwind@006a8f10(void),false,,,,
0x006A8F1B,11,0x006A8F25,Unwind@006a8f1b,,,unclassified,0.00,unknown,undefined Unwind@006a8f1b(void),false,,,,
0x006A8F50,8,0x006A8F57,Unwind@006a8f50,,,unclassified,0.00,unknown,undefined Unwind@006a8f50(void),false,,,,
0x006A8F58,11,0x006A8F62,Unwind@006a8f58,,,unclassified,0.00,unknown,undefined Unwind@006a8f58(void),false,,,,
0x006A8F80,8,0x006A8F87,Unwind@006a8f80,,,unclassified,0.00,unknown,undefined Unwind@006a8f80(void),false,,,,
0x006A8F88,14,0x006A8F95,Unwind@006a8f88,,,unclassified,0.00,unknown,undefined Unwind@006a8f88(void),false,,,,
0x006A8F96,9,0x006A8F9E,Unwind@006a8f96,,,unclassified,0.00,unknown,undefined Unwind@006a8f96(void),false,,,,
0x006A8FC0,11,0x006A8FCA,Unwind@006a8fc0,,,unclassified,0.00,unknown,undefined Unwind@006a8fc0(void),false,,,,
0x006A8FF0,11,0x006A8FFA,Unwind@006a8ff0,,,unclassified,0.00,unknown,undefined Unwind@006a8ff0(void),false,,,,
0x006A8FFB,11,0x006A9005,Unwind@006a8ffb,,,unclassified,0.00,unknown,undefined Unwind@006a8ffb(void),false,,,,
0x006A9030,8,0x006A9037,Unwind@006a9030,,,unclassified,0.00,unknown,undefined Unwind@006a9030(void),false,,,,
0x006A9038,11,0x006A9042,Unwind@006a9038,,,unclassified,0.00,unknown,undefined Unwind@006a9038(void),false,,,,
0x006A9060,8,0x006A9067,Unwind@006a9060,,,unclassified,0.00,unknown,undefined Unwind@006a9060(void),false,,,,
0x006A9090,11,0x006A909A,Unwind@006a9090,,,unclassified,0.00,unknown,undefined Unwind@006a9090(void),false,,,,
0x006A90C0,11,0x006A90CA,Unwind@006a90c0,,,unclassified,0.00,unknown,undefined Unwind@006a90c0(void),false,,,,
0x006A90CB,11,0x006A90D5,Unwind@006a90cb,,,unclassified,0.00,unknown,undefined Unwind@006a90cb(void),false,,,,
0x006A9100,8,0x006A9107,Unwind@006a9100,,,unclassified,0.00,unknown,undefined Unwind@006a9100(void),false,,,,
0x006A9108,11,0x006A9112,Unwind@006a9108,,,unclassified,0.00,unknown,undefined Unwind@006a9108(void),false,,,,
0x006A9130,11,0x006A913A,Unwind@006a9130,,,unclassified,0.00,unknown,undefined Unwind@006a9130(void),false,,,,
0x006A9160,11,0x006A916A,Unwind@006a9160,,,unclassified,0.00,unknown,undefined Unwind@006a9160(void),false,,,,
0x006A916B,11,0x006A9175,Unwind@006a916b,,,unclassified,0.00,unknown,undefined Unwind@006a916b(void),false,,,,
0x006A91A0,8,0x006A91A7,Unwind@006a91a0,,,unclassified,0.00,unknown,undefined Unwind@006a91a0(void),false,,,,
0x006A91A8,11,0x006A91B2,Unwind@006a91a8,,,unclassified,0.00,unknown,undefined Unwind@006a91a8(void),false,,,,
0x006A91D0,11,0x006A91DA,Unwind@006a91d0,,,unclassified,0.00,unknown,undefined Unwind@006a91d0(void),false,,,,
0x006A9200,11,0x006A920A,Unwind@006a9200,,,unclassified,0.00,unknown,undefined Unwind@006a9200(void),false,,,,
0x006A920B,11,0x006A9215,Unwind@006a920b,,,unclassified,0.00,unknown,undefined Unwind@006a920b(void),false,,,,
0x006A9240,8,0x006A9247,Unwind@006a9240,,,unclassified,0.00,unknown,undefined Unwind@006a9240(void),false,,,,
0x006A9248,11,0x006A9252,Unwind@006a9248,,,unclassified,0.00,unknown,undefined Unwind@006a9248(void),false,,,,
0x006A9270,11,0x006A927A,Unwind@006a9270,,,unclassified,0.00,unknown,undefined Unwind@006a9270(void),false,,,,
0x006A927B,11,0x006A9285,Unwind@006a927b,,,unclassified,0.00,unknown,undefined Unwind@006a927b(void),false,,,,
0x006A9286,11,0x006A9290,Unwind@006a9286,,,unclassified,0.00,unknown,undefined Unwind@006a9286(void),false,,,,
0x006A92B0,11,0x006A92BA,Unwind@006a92b0,,,unclassified,0.00,unknown,undefined Unwind@006a92b0(void),false,,,,
0x006A92E0,11,0x006A92EA,Unwind@006a92e0,,,unclassified,0.00,unknown,undefined Unwind@006a92e0(void),false,,,,
0x006A92EB,11,0x006A92F5,Unwind@006a92eb,,,unclassified,0.00,unknown,undefined Unwind@006a92eb(void),false,,,,
0x006A9320,8,0x006A9327,Unwind@006a9320,,,unclassified,0.00,unknown,undefined Unwind@006a9320(void),false,,,,
0x006A9328,11,0x006A9332,Unwind@006a9328,,,unclassified,0.00,unknown,undefined Unwind@006a9328(void),false,,,,
0x006A9350,11,0x006A935A,Unwind@006a9350,,,unclassified,0.00,unknown,undefined Unwind@006a9350(void),false,,,,
0x006A9380,11,0x006A938A,Unwind@006a9380,,,unclassified,0.00,unknown,undefined Unwind@006a9380(void),false,,,,
0x006A938B,11,0x006A9395,Unwind@006a938b,,,unclassified,0.00,unknown,undefined Unwind@006a938b(void),false,,,,
0x006A93C0,8,0x006A93C7,Unwind@006a93c0,,,unclassified,0.00,unknown,undefined Unwind@006a93c0(void),false,,,,
0x006A93C8,11,0x006A93D2,Unwind@006a93c8,,,unclassified,0.00,unknown,undefined Unwind@006a93c8(void),false,,,,
0x006A93F0,8,0x006A93F7,Unwind@006a93f0,,,unclassified,0.00,unknown,undefined Unwind@006a93f0(void),false,,,,
0x006A93F8,9,0x006A9400,Unwind@006a93f8,,,unclassified,0.00,unknown,undefined Unwind@006a93f8(void),false,,,,
0x006A9403,17,0x006A9413,Unwind@006a9403,,,unclassified,0.00,unknown,undefined Unwind@006a9403(void),false,,,,
0x006A9430,11,0x006A943A,Unwind@006a9430,,,unclassified,0.00,unknown,undefined Unwind@006a9430(void),false,,,,
0x006A9460,11,0x006A946A,Unwind@006a9460,,,unclassified,0.00,unknown,undefined Unwind@006a9460(void),false,,,,
0x006A946B,11,0x006A9475,Unwind@006a946b,,,unclassified,0.00,unknown,undefined Unwind@006a946b(void),false,,,,
0x006A94A0,8,0x006A94A7,Unwind@006a94a0,,,unclassified,0.00,unknown,undefined Unwind@006a94a0(void),false,,,,
0x006A94A8,11,0x006A94B2,Unwind@006a94a8,,,unclassified,0.00,unknown,undefined Unwind@006a94a8(void),false,,,,
0x006A94D0,11,0x006A94DA,Unwind@006a94d0,,,unclassified,0.00,unknown,undefined Unwind@006a94d0(void),false,,,,
0x006A9500,11,0x006A950A,Unwind@006a9500,,,unclassified,0.00,unknown,undefined Unwind@006a9500(void),false,,,,
0x006A950B,11,0x006A9515,Unwind@006a950b,,,unclassified,0.00,unknown,undefined Unwind@006a950b(void),false,,,,
0x006A9540,8,0x006A9547,Unwind@006a9540,,,unclassified,0.00,unknown,undefined Unwind@006a9540(void),false,,,,
0x006A9548,11,0x006A9552,Unwind@006a9548,,,unclassified,0.00,unknown,undefined Unwind@006a9548(void),false,,,,
0x006A9570,8,0x006A9577,Unwind@006a9570,,,unclassified,0.00,unknown,undefined Unwind@006a9570(void),false,,,,
0x006A9578,9,0x006A9580,Unwind@006a9578,,,unclassified,0.00,unknown,undefined Unwind@006a9578(void),false,,,,
0x006A95A0,11,0x006A95AA,Unwind@006a95a0,,,unclassified,0.00,unknown,undefined Unwind@006a95a0(void),false,,,,
0x006A95D0,11,0x006A95DA,Unwind@006a95d0,,,unclassified,0.00,unknown,undefined Unwind@006a95d0(void),false,,,,
0x006A95DB,11,0x006A95E5,Unwind@006a95db,,,unclassified,0.00,unknown,undefined Unwind@006a95db(void),false,,,,
0x006A9610,8,0x006A9617,Unwind@006a9610,,,unclassified,0.00,unknown,undefined Unwind@006a9610(void),false,,,,
0x006A9618,11,0x006A9622,Unwind@006a9618,,,unclassified,0.00,unknown,undefined Unwind@006a9618(void),false,,,,
0x006A963E,8,0x006A9645,Unwind@006a963e,,,unclassified,0.00,unknown,undefined Unwind@006a963e(void),false,,,,
0x006A9680,8,0x006A9687,Unwind@006a9680,,,unclassified,0.00,unknown,undefined Unwind@006a9680(void),false,,,,
0x006A9688,8,0x006A968F,Unwind@006a9688,,,unclassified,0.00,unknown,undefined Unwind@006a9688(void),false,,,,
0x006A9690,8,0x006A9697,Unwind@006a9690,,,unclassified,0.00,unknown,undefined Unwind@006a9690(void),false,,,,
0x006A96C0,8,0x006A96C7,Unwind@006a96c0,,,unclassified,0.00,unknown,undefined Unwind@006a96c0(void),false,,,,
0x006A96F0,14,0x006A96FD,Unwind@006a96f0,,,unclassified,0.00,unknown,undefined Unwind@006a96f0(void),false,,,,
0x006A9780,8,0x006A9787,Unwind@006a9780,,,unclassified,0.00,unknown,undefined Unwind@006a9780(void),false,,,,
0x006A9788,25,0x006A97A0,Unwind@006a9788,,,unclassified,0.00,unknown,undefined Unwind@006a9788(void),false,,,,
0x006A97C0,8,0x006A97C7,Unwind@006a97c0,,,unclassified,0.00,unknown,undefined Unwind@006a97c0(void),false,,,,
0x006A97F0,25,0x006A9808,Unwind@006a97f0,,,unclassified,0.00,unknown,undefined Unwind@006a97f0(void),false,,,,
0x006A9830,8,0x006A9837,Unwind@006a9830,,,unclassified,0.00,unknown,undefined Unwind@006a9830(void),false,,,,
0x006A9880,8,0x006A9887,Unwind@006a9880,,,unclassified,0.00,unknown,undefined Unwind@006a9880(void),false,,,,
0x006A98D0,8,0x006A98D7,Unwind@006a98d0,,,unclassified,0.00,unknown,undefined Unwind@006a98d0(void),false,,,,
0x006A98D8,25,0x006A98F0,Unwind@006a98d8,,,unclassified,0.00,unknown,undefined Unwind@006a98d8(void),false,,,,
0x006A98F1,8,0x006A98F8,Unwind@006a98f1,,,unclassified,0.00,unknown,undefined Unwind@006a98f1(void),false,,,,
0x006A98F9,8,0x006A9900,Unwind@006a98f9,,,unclassified,0.00,unknown,undefined Unwind@006a98f9(void),false,,,,
0x006A9950,25,0x006A9968,Unwind@006a9950,,,unclassified,0.00,unknown,undefined Unwind@006a9950(void),false,,,,
0x006A9969,8,0x006A9970,Unwind@006a9969,,,unclassified,0.00,unknown,undefined Unwind@006a9969(void),false,,,,
0x006A9971,8,0x006A9978,Unwind@006a9971,,,unclassified,0.00,unknown,undefined Unwind@006a9971(void),false,,,,
0x006A9979,8,0x006A9980,Unwind@006a9979,,,unclassified,0.00,unknown,undefined Unwind@006a9979(void),false,,,,
0x006A9981,8,0x006A9988,Unwind@006a9981,,,unclassified,0.00,unknown,undefined Unwind@006a9981(void),false,,,,
0x006A99B0,8,0x006A99B7,Unwind@006a99b0,,,unclassified,0.00,unknown,undefined Unwind@006a99b0(void),false,,,,
0x006A99B8,8,0x006A99BF,Unwind@006a99b8,,,unclassified,0.00,unknown,undefined Unwind@006a99b8(void),false,,,,
0x006A9A10,17,0x006A9A20,Unwind@006a9a10,,,unclassified,0.00,unknown,undefined Unwind@006a9a10(void),false,,,,
0x006A9A40,17,0x006A9A50,Unwind@006a9a40,,,unclassified,0.00,unknown,undefined Unwind@006a9a40(void),false,,,,
0x006A9A70,8,0x006A9A77,Unwind@006a9a70,,,unclassified,0.00,unknown,undefined Unwind@006a9a70(void),false,,,,
0x006A9A78,8,0x006A9A7F,Unwind@006a9a78,,,unclassified,0.00,unknown,undefined Unwind@006a9a78(void),false,,,,
0x006A9AB0,8,0x006A9AB7,Unwind@006a9ab0,,,unclassified,0.00,unknown,undefined Unwind@006a9ab0(void),false,,,,
0x006A9AB8,8,0x006A9ABF,Unwind@006a9ab8,,,unclassified,0.00,unknown,undefined Unwind@006a9ab8(void),false,,,,
0x006A9AC0,8,0x006A9AC7,Unwind@006a9ac0,,,unclassified,0.00,unknown,undefined Unwind@006a9ac0(void),false,,,,
0x006A9AF0,8,0x006A9AF7,Unwind@006a9af0,,,unclassified,0.00,unknown,undefined Unwind@006a9af0(void),false,,,,
0x006A9B20,8,0x006A9B27,Unwind@006a9b20,,,unclassified,0.00,unknown,undefined Unwind@006a9b20(void),false,,,,
0x006A9B50,8,0x006A9B57,Unwind@006a9b50,,,unclassified,0.00,unknown,undefined Unwind@006a9b50(void),false,,,,
0x006A9B58,8,0x006A9B5F,Unwind@006a9b58,,,unclassified,0.00,unknown,undefined Unwind@006a9b58(void),false,,,,
0x006A9B60,8,0x006A9B67,Unwind@006a9b60,,,unclassified,0.00,unknown,undefined Unwind@006a9b60(void),false,,,,
0x006A9B68,8,0x006A9B6F,Unwind@006a9b68,,,unclassified,0.00,unknown,undefined Unwind@006a9b68(void),false,,,,
0x006A9B70,8,0x006A9B77,Unwind@006a9b70,,,unclassified,0.00,unknown,undefined Unwind@006a9b70(void),false,,,,
0x006A9B78,8,0x006A9B7F,Unwind@006a9b78,,,unclassified,0.00,unknown,undefined Unwind@006a9b78(void),false,,,,
0x006A9BB0,8,0x006A9BB7,Unwind@006a9bb0,,,unclassified,0.00,unknown,undefined Unwind@006a9bb0(void),false,,,,
0x006A9BB8,8,0x006A9BBF,Unwind@006a9bb8,,,unclassified,0.00,unknown,undefined Unwind@006a9bb8(void),false,,,,
0x006A9BC0,8,0x006A9BC7,Unwind@006a9bc0,,,unclassified,0.00,unknown,undefined Unwind@006a9bc0(void),false,,,,
0x006A9BC8,8,0x006A9BCF,Unwind@006a9bc8,,,unclassified,0.00,unknown,undefined Unwind@006a9bc8(void),false,,,,
0x006A9BD0,8,0x006A9BD7,Unwind@006a9bd0,,,unclassified,0.00,unknown,undefined Unwind@006a9bd0(void),false,,,,
0x006A9BD8,8,0x006A9BDF,Unwind@006a9bd8,,,unclassified,0.00,unknown,undefined Unwind@006a9bd8(void),false,,,,
0x006A9BE0,8,0x006A9BE7,Unwind@006a9be0,,,unclassified,0.00,unknown,undefined Unwind@006a9be0(void),false,,,,
0x006A9BE8,8,0x006A9BEF,Unwind@006a9be8,,,unclassified,0.00,unknown,undefined Unwind@006a9be8(void),false,,,,
0x006A9BF0,8,0x006A9BF7,Unwind@006a9bf0,,,unclassified,0.00,unknown,undefined Unwind@006a9bf0(void),false,,,,
0x006A9BF8,8,0x006A9BFF,Unwind@006a9bf8,,,unclassified,0.00,unknown,undefined Unwind@006a9bf8(void),false,,,,
0x006A9C30,8,0x006A9C37,Unwind@006a9c30,,,unclassified,0.00,unknown,undefined Unwind@006a9c30(void),false,,,,
0x006A9C38,8,0x006A9C3F,Unwind@006a9c38,,,unclassified,0.00,unknown,undefined Unwind@006a9c38(void),false,,,,
0x006A9C40,9,0x006A9C48,Unwind@006a9c40,,,unclassified,0.00,unknown,undefined Unwind@006a9c40(void),false,,,,
0x006A9C80,8,0x006A9C87,Unwind@006a9c80,,,unclassified,0.00,unknown,undefined Unwind@006a9c80(void),false,,,,
0x006A9C88,11,0x006A9C92,Unwind@006a9c88,,,unclassified,0.00,unknown,undefined Unwind@006a9c88(void),false,,,,
0x006A9CB0,8,0x006A9CB7,Unwind@006a9cb0,,,unclassified,0.00,unknown,undefined Unwind@006a9cb0(void),false,,,,
0x006A9CE0,11,0x006A9CEA,Unwind@006a9ce0,,,unclassified,0.00,unknown,undefined Unwind@006a9ce0(void),false,,,,
0x006A9CEB,8,0x006A9CF2,Unwind@006a9ceb,,,unclassified,0.00,unknown,undefined Unwind@006a9ceb(void),false,,,,
0x006A9D20,8,0x006A9D27,Unwind@006a9d20,,,unclassified,0.00,unknown,undefined Unwind@006a9d20(void),false,,,,
0x006A9D50,8,0x006A9D57,Unwind@006a9d50,,,unclassified,0.00,unknown,undefined Unwind@006a9d50(void),false,,,,
0x006A9D58,8,0x006A9D5F,Unwind@006a9d58,,,unclassified,0.00,unknown,undefined Unwind@006a9d58(void),false,,,,
0x006A9D60,8,0x006A9D67,Unwind@006a9d60,,,unclassified,0.00,unknown,undefined Unwind@006a9d60(void),false,,,,
0x006A9D90,8,0x006A9D97,Unwind@006a9d90,,,unclassified,0.00,unknown,undefined Unwind@006a9d90(void),false,,,,
0x006A9DC0,8,0x006A9DC7,Unwind@006a9dc0,,,unclassified,0.00,unknown,undefined Unwind@006a9dc0(void),false,,,,
0x006A9DF0,8,0x006A9DF7,Unwind@006a9df0,,,unclassified,0.00,unknown,undefined Unwind@006a9df0(void),false,,,,
0x006A9E20,8,0x006A9E27,Unwind@006a9e20,,,unclassified,0.00,unknown,undefined Unwind@006a9e20(void),false,,,,
0x006A9E50,8,0x006A9E57,Unwind@006a9e50,,,unclassified,0.00,unknown,undefined Unwind@006a9e50(void),false,,,,
0x006A9E58,8,0x006A9E5F,Unwind@006a9e58,,,unclassified,0.00,unknown,undefined Unwind@006a9e58(void),false,,,,
0x006A9E80,8,0x006A9E87,Unwind@006a9e80,,,unclassified,0.00,unknown,undefined Unwind@006a9e80(void),false,,,,
0x006A9EB0,14,0x006A9EBD,Unwind@006a9eb0,,,unclassified,0.00,unknown,undefined Unwind@006a9eb0(void),false,,,,
0x006A9EBE,14,0x006A9ECB,Unwind@006a9ebe,,,unclassified,0.00,unknown,undefined Unwind@006a9ebe(void),false,,,,
0x006A9EF0,8,0x006A9EF7,Unwind@006a9ef0,,,unclassified,0.00,unknown,undefined Unwind@006a9ef0(void),false,,,,
0x006A9F20,8,0x006A9F27,Unwind@006a9f20,,,unclassified,0.00,unknown,undefined Unwind@006a9f20(void),false,,,,
0x006A9F50,17,0x006A9F60,Unwind@006a9f50,,,unclassified,0.00,unknown,undefined Unwind@006a9f50(void),false,,,,
0x006A9F61,17,0x006A9F71,Unwind@006a9f61,,,unclassified,0.00,unknown,undefined Unwind@006a9f61(void),false,,,,
0x006A9F72,17,0x006A9F82,Unwind@006a9f72,,,unclassified,0.00,unknown,undefined Unwind@006a9f72(void),false,,,,
0x006A9F83,11,0x006A9F8D,Unwind@006a9f83,,,unclassified,0.00,unknown,undefined Unwind@006a9f83(void),false,,,,
0x006A9F8E,8,0x006A9F95,Unwind@006a9f8e,,,unclassified,0.00,unknown,undefined Unwind@006a9f8e(void),false,,,,
0x006A9F96,11,0x006A9FA0,Unwind@006a9f96,,,unclassified,0.00,unknown,undefined Unwind@006a9f96(void),false,,,,
0x006A9FA1,8,0x006A9FA8,Unwind@006a9fa1,,,unclassified,0.00,unknown,undefined Unwind@006a9fa1(void),false,,,,
0x006A9FA9,11,0x006A9FB3,Unwind@006a9fa9,,,unclassified,0.00,unknown,undefined Unwind@006a9fa9(void),false,,,,
0x006A9FB4,8,0x006A9FBB,Unwind@006a9fb4,,,unclassified,0.00,unknown,undefined Unwind@006a9fb4(void),false,,,,
0x006A9FBC,11,0x006A9FC6,Unwind@006a9fbc,,,unclassified,0.00,unknown,undefined Unwind@006a9fbc(void),false,,,,
0x006A9FC7,8,0x006A9FCE,Unwind@006a9fc7,,,unclassified,0.00,unknown,undefined Unwind@006a9fc7(void),false,,,,
0x006A9FCF,8,0x006A9FD6,Unwind@006a9fcf,,,unclassified,0.00,unknown,undefined Unwind@006a9fcf(void),false,,,,
0x006A9FD7,14,0x006A9FE4,Unwind@006a9fd7,,,unclassified,0.00,unknown,undefined Unwind@006a9fd7(void),false,,,,
0x006A9FE5,11,0x006A9FEF,Unwind@006a9fe5,,,unclassified,0.00,unknown,undefined Unwind@006a9fe5(void),false,,,,
0x006AA040,14,0x006AA04D,Unwind@006aa040,,,unclassified,0.00,unknown,undefined Unwind@006aa040(void),false,,,,
0x006AA04E,8,0x006AA055,Unwind@006aa04e,,,unclassified,0.00,unknown,undefined Unwind@006aa04e(void),false,,,,
0x006AA056,25,0x006AA06E,Unwind@006aa056,,,unclassified,0.00,unknown,undefined Unwind@006aa056(void),false,,,,
0x006AA06F,9,0x006AA077,Unwind@006aa06f,,,unclassified,0.00,unknown,undefined Unwind@006aa06f(void),false,,,,
0x006AA07A,8,0x006AA081,Unwind@006aa07a,,,unclassified,0.00,unknown,undefined Unwind@006aa07a(void),false,,,,
0x006AA082,8,0x006AA089,Unwind@006aa082,,,unclassified,0.00,unknown,undefined Unwind@006aa082(void),false,,,,
0x006AA0B0,8,0x006AA0B7,Unwind@006aa0b0,,,unclassified,0.00,unknown,undefined Unwind@006aa0b0(void),false,,,,
0x006AA0B8,25,0x006AA0D0,Unwind@006aa0b8,,,unclassified,0.00,unknown,undefined Unwind@006aa0b8(void),false,,,,
0x006AA0D1,8,0x006AA0D8,Unwind@006aa0d1,,,unclassified,0.00,unknown,undefined Unwind@006aa0d1(void),false,,,,
0x006AA0D9,8,0x006AA0E0,Unwind@006aa0d9,,,unclassified,0.00,unknown,undefined Unwind@006aa0d9(void),false,,,,
0x006AA100,9,0x006AA108,Unwind@006aa100,,,unclassified,0.00,unknown,undefined Unwind@006aa100(void),false,,,,
0x006AA130,8,0x006AA137,Unwind@006aa130,,,unclassified,0.00,unknown,undefined Unwind@006aa130(void),false,,,,
0x006AA138,9,0x006AA140,Unwind@006aa138,,,unclassified,0.00,unknown,undefined Unwind@006aa138(void),false,,,,
0x006AA143,8,0x006AA14A,Unwind@006aa143,,,unclassified,0.00,unknown,undefined Unwind@006aa143(void),false,,,,
0x006AA14B,8,0x006AA152,Unwind@006aa14b,,,unclassified,0.00,unknown,undefined Unwind@006aa14b(void),false,,,,
0x006AA170,8,0x006AA177,Unwind@006aa170,,,unclassified,0.00,unknown,undefined Unwind@006aa170(void),false,,,,
0x006AA1A0,8,0x006AA1A7,Unwind@006aa1a0,,,unclassified,0.00,unknown,undefined Unwind@006aa1a0(void),false,,,,
0x006AA1A8,8,0x006AA1AF,Unwind@006aa1a8,,,unclassified,0.00,unknown,undefined Unwind@006aa1a8(void),false,,,,
0x006AA200,25,0x006AA218,Unwind@006aa200,,,unclassified,0.00,unknown,undefined Unwind@006aa200(void),false,,,,
0x006AA219,8,0x006AA220,Unwind@006aa219,,,unclassified,0.00,unknown,undefined Unwind@006aa219(void),false,,,,
0x006AA250,11,0x006AA25A,Unwind@006aa250,,,unclassified,0.00,unknown,undefined Unwind@006aa250(void),false,,,,
0x006AA25B,11,0x006AA265,Unwind@006aa25b,,,unclassified,0.00,unknown,undefined Unwind@006aa25b(void),false,,,,
0x006AA266,11,0x006AA270,Unwind@006aa266,,,unclassified,0.00,unknown,undefined Unwind@006aa266(void),false,,,,
0x006AA271,11,0x006AA27B,Unwind@006aa271,,,unclassified,0.00,unknown,undefined Unwind@006aa271(void),false,,,,
0x006AA27C,11,0x006AA286,Unwind@006aa27c,,,unclassified,0.00,unknown,undefined Unwind@006aa27c(void),false,,,,
0x006AA287,11,0x006AA291,Unwind@006aa287,,,unclassified,0.00,unknown,undefined Unwind@006aa287(void),false,,,,
0x006AA292,11,0x006AA29C,Unwind@006aa292,,,unclassified,0.00,unknown,undefined Unwind@006aa292(void),false,,,,
0x006AA29D,11,0x006AA2A7,Unwind@006aa29d,,,unclassified,0.00,unknown,undefined Unwind@006aa29d(void),false,,,,
0x006AA2E0,8,0x006AA2E7,Unwind@006aa2e0,,,unclassified,0.00,unknown,undefined Unwind@006aa2e0(void),false,,,,
0x006AA310,8,0x006AA317,Unwind@006aa310,,,unclassified,0.00,unknown,undefined Unwind@006aa310(void),false,,,,
0x006AA340,8,0x006AA347,Unwind@006aa340,,,unclassified,0.00,unknown,undefined Unwind@006aa340(void),false,,,,
0x006AA348,8,0x006AA34F,Unwind@006aa348,,,unclassified,0.00,unknown,undefined Unwind@006aa348(void),false,,,,
0x006AA370,8,0x006AA377,Unwind@006aa370,,,unclassified,0.00,unknown,undefined Unwind@006aa370(void),false,,,,
0x006AA378,14,0x006AA385,Unwind@006aa378,,,unclassified,0.00,unknown,undefined Unwind@006aa378(void),false,,,,
0x006AA3B0,8,0x006AA3B7,Unwind@006aa3b0,,,unclassified,0.00,unknown,undefined Unwind@006aa3b0(void),false,,,,
0x006AA3E0,11,0x006AA3EA,Unwind@006aa3e0,,,unclassified,0.00,unknown,undefined Unwind@006aa3e0(void),false,,,,
0x006AA3EB,14,0x006AA3F8,Unwind@006aa3eb,,,unclassified,0.00,unknown,undefined Unwind@006aa3eb(void),false,,,,
0x006AA3F9,14,0x006AA406,Unwind@006aa3f9,,,unclassified,0.00,unknown,undefined Unwind@006aa3f9(void),false,,,,
0x006AA450,11,0x006AA45A,Unwind@006aa450,,,unclassified,0.00,unknown,undefined Unwind@006aa450(void),false,,,,
0x006AA45B,11,0x006AA465,Unwind@006aa45b,,,unclassified,0.00,unknown,undefined Unwind@006aa45b(void),false,,,,
0x006AA466,11,0x006AA470,Unwind@006aa466,,,unclassified,0.00,unknown,undefined Unwind@006aa466(void),false,,,,
0x006AA471,11,0x006AA47B,Unwind@006aa471,,,unclassified,0.00,unknown,undefined Unwind@006aa471(void),false,,,,
0x006AA4A0,17,0x006AA4B0,Unwind@006aa4a0,,,unclassified,0.00,unknown,undefined Unwind@006aa4a0(void),false,,,,
0x006AA4D0,8,0x006AA4D7,Unwind@006aa4d0,,,unclassified,0.00,unknown,undefined Unwind@006aa4d0(void),false,,,,
0x006AA4D8,11,0x006AA4E2,Unwind@006aa4d8,,,unclassified,0.00,unknown,undefined Unwind@006aa4d8(void),false,,,,
0x006AA500,8,0x006AA507,Unwind@006aa500,,,unclassified,0.00,unknown,undefined Unwind@006aa500(void),false,,,,
0x006AA508,11,0x006AA512,Unwind@006aa508,,,unclassified,0.00,unknown,undefined Unwind@006aa508(void),false,,,,
0x006AA513,11,0x006AA51D,Unwind@006aa513,,,unclassified,0.00,unknown,undefined Unwind@006aa513(void),false,,,,
0x006AA560,8,0x006AA567,Unwind@006aa560,,,unclassified,0.00,unknown,undefined Unwind@006aa560(void),false,,,,
0x006AA590,17,0x006AA5A0,Unwind@006aa590,,,unclassified,0.00,unknown,undefined Unwind@006aa590(void),false,,,,
0x006AA5C0,11,0x006AA5CA,Unwind@006aa5c0,,,unclassified,0.00,unknown,undefined Unwind@006aa5c0(void),false,,,,
0x006AA5CB,11,0x006AA5D5,Unwind@006aa5cb,,,unclassified,0.00,unknown,undefined Unwind@006aa5cb(void),false,,,,
0x006AA5D6,11,0x006AA5E0,Unwind@006aa5d6,,,unclassified,0.00,unknown,undefined Unwind@006aa5d6(void),false,,,,
0x006AA5E1,11,0x006AA5EB,Unwind@006aa5e1,,,unclassified,0.00,unknown,undefined Unwind@006aa5e1(void),false,,,,
0x006AA610,8,0x006AA617,Unwind@006aa610,,,unclassified,0.00,unknown,undefined Unwind@006aa610(void),false,,,,
0x006AA618,11,0x006AA622,Unwind@006aa618,,,unclassified,0.00,unknown,undefined Unwind@006aa618(void),false,,,,
0x006AA623,11,0x006AA62D,Unwind@006aa623,,,unclassified,0.00,unknown,undefined Unwind@006aa623(void),false,,,,
0x006AA650,8,0x006AA657,Unwind@006aa650,,,unclassified,0.00,unknown,undefined Unwind@006aa650(void),false,,,,
0x006AA680,8,0x006AA687,Unwind@006aa680,,,unclassified,0.00,unknown,undefined Unwind@006aa680(void),false,,,,
0x006AA688,17,0x006AA698,Unwind@006aa688,,,unclassified,0.00,unknown,undefined Unwind@006aa688(void),false,,,,
0x006AA6C0,17,0x006AA6D0,Unwind@006aa6c0,,,unclassified,0.00,unknown,undefined Unwind@006aa6c0(void),false,,,,
0x006AA6F0,8,0x006AA6F7,Unwind@006aa6f0,,,unclassified,0.00,unknown,undefined Unwind@006aa6f0(void),false,,,,
0x006AA720,8,0x006AA727,Unwind@006aa720,,,unclassified,0.00,unknown,undefined Unwind@006aa720(void),false,,,,
0x006AA728,8,0x006AA72F,Unwind@006aa728,,,unclassified,0.00,unknown,undefined Unwind@006aa728(void),false,,,,
0x006AA730,8,0x006AA737,Unwind@006aa730,,,unclassified,0.00,unknown,undefined Unwind@006aa730(void),false,,,,
0x006AA738,9,0x006AA740,Unwind@006aa738,,,unclassified,0.00,unknown,undefined Unwind@006aa738(void),false,,,,
0x006AA760,8,0x006AA767,Unwind@006aa760,,,unclassified,0.00,unknown,undefined Unwind@006aa760(void),false,,,,
0x006AA768,11,0x006AA772,Unwind@006aa768,,,unclassified,0.00,unknown,undefined Unwind@006aa768(void),false,,,,
0x006AA790,8,0x006AA797,Unwind@006aa790,,,unclassified,0.00,unknown,undefined Unwind@006aa790(void),false,,,,
0x006AA7C0,8,0x006AA7C7,Unwind@006aa7c0,,,unclassified,0.00,unknown,undefined Unwind@006aa7c0(void),false,,,,
0x006AA7F0,11,0x006AA7FA,Unwind@006aa7f0,,,unclassified,0.00,unknown,undefined Unwind@006aa7f0(void),false,,,,
0x006AA820,8,0x006AA827,Unwind@006aa820,,,unclassified,0.00,unknown,undefined Unwind@006aa820(void),false,,,,
0x006AA850,8,0x006AA857,Unwind@006aa850,,,unclassified,0.00,unknown,undefined Unwind@006aa850(void),false,,,,
0x006AA880,8,0x006AA887,Unwind@006aa880,,,unclassified,0.00,unknown,undefined Unwind@006aa880(void),false,,,,
0x006AA8B0,11,0x006AA8BA,Unwind@006aa8b0,,,unclassified,0.00,unknown,undefined Unwind@006aa8b0(void),false,,,,
0x006AA8F0,11,0x006AA8FA,Unwind@006aa8f0,,,unclassified,0.00,unknown,undefined Unwind@006aa8f0(void),false,,,,
0x006AA8FB,11,0x006AA905,Unwind@006aa8fb,,,unclassified,0.00,unknown,undefined Unwind@006aa8fb(void),false,,,,
0x006AA940,11,0x006AA94A,Unwind@006aa940,,,unclassified,0.00,unknown,undefined Unwind@006aa940(void),false,,,,
0x006AA94B,11,0x006AA955,Unwind@006aa94b,,,unclassified,0.00,unknown,undefined Unwind@006aa94b(void),false,,,,
0x006AA990,11,0x006AA99A,Unwind@006aa990,,,unclassified,0.00,unknown,undefined Unwind@006aa990(void),false,,,,
0x006AA99B,14,0x006AA9A8,Unwind@006aa99b,,,unclassified,0.00,unknown,undefined Unwind@006aa99b(void),false,,,,
0x006AAA10,8,0x006AAA17,Unwind@006aaa10,,,unclassified,0.00,unknown,undefined Unwind@006aaa10(void),false,,,,
0x006AAA40,8,0x006AAA47,Unwind@006aaa40,,,unclassified,0.00,unknown,undefined Unwind@006aaa40(void),false,,,,
0x006AAA70,8,0x006AAA77,Unwind@006aaa70,,,unclassified,0.00,unknown,undefined Unwind@006aaa70(void),false,,,,
0x006AAAA0,8,0x006AAAA7,Unwind@006aaaa0,,,unclassified,0.00,unknown,undefined Unwind@006aaaa0(void),false,,,,
0x006AAAD0,11,0x006AAADA,Unwind@006aaad0,,,unclassified,0.00,unknown,undefined Unwind@006aaad0(void),false,,,,
0x006AAADB,11,0x006AAAE5,Unwind@006aaadb,,,unclassified,0.00,unknown,undefined Unwind@006aaadb(void),false,,,,
0x006AAAE6,11,0x006AAAF0,Unwind@006aaae6,,,unclassified,0.00,unknown,undefined Unwind@006aaae6(void),false,,,,
0x006AAB10,11,0x006AAB1A,Unwind@006aab10,,,unclassified,0.00,unknown,undefined Unwind@006aab10(void),false,,,,
0x006AAB1B,11,0x006AAB25,Unwind@006aab1b,,,unclassified,0.00,unknown,undefined Unwind@006aab1b(void),false,,,,
0x006AAB26,11,0x006AAB30,Unwind@006aab26,,,unclassified,0.00,unknown,undefined Unwind@006aab26(void),false,,,,
0x006AAB50,8,0x006AAB57,Unwind@006aab50,,,unclassified,0.00,unknown,undefined Unwind@006aab50(void),false,,,,
0x006AAB58,11,0x006AAB62,Unwind@006aab58,,,unclassified,0.00,unknown,undefined Unwind@006aab58(void),false,,,,
0x006AAB63,24,0x006AAB7A,Unwind@006aab63,,,unclassified,0.00,unknown,undefined Unwind@006aab63(void),false,,,,
0x006AABA0,8,0x006AABA7,Unwind@006aaba0,,,unclassified,0.00,unknown,undefined Unwind@006aaba0(void),false,,,,
0x006AABD0,11,0x006AABDA,Unwind@006aabd0,,,unclassified,0.00,unknown,undefined Unwind@006aabd0(void),false,,,,
0x006AAC10,8,0x006AAC17,Unwind@006aac10,,,unclassified,0.00,unknown,undefined Unwind@006aac10(void),false,,,,
0x006AAC18,11,0x006AAC22,Unwind@006aac18,,,unclassified,0.00,unknown,undefined Unwind@006aac18(void),false,,,,
0x006AAC23,11,0x006AAC2D,Unwind@006aac23,,,unclassified,0.00,unknown,undefined Unwind@006aac23(void),false,,,,
0x006AAC50,8,0x006AAC57,Unwind@006aac50,,,unclassified,0.00,unknown,undefined Unwind@006aac50(void),false,,,,
0x006AACB0,8,0x006AACB7,Unwind@006aacb0,,,unclassified,0.00,unknown,undefined Unwind@006aacb0(void),false,,,,
0x006AACE0,8,0x006AACE7,Unwind@006aace0,,,unclassified,0.00,unknown,undefined Unwind@006aace0(void),false,,,,
0x006AAD40,8,0x006AAD47,Unwind@006aad40,,,unclassified,0.00,unknown,undefined Unwind@006aad40(void),false,,,,
0x006AAD48,11,0x006AAD52,Unwind@006aad48,,,unclassified,0.00,unknown,undefined Unwind@006aad48(void),false,,,,
0x006AAD53,11,0x006AAD5D,Unwind@006aad53,,,unclassified,0.00,unknown,undefined Unwind@006aad53(void),false,,,,
0x006AAD5E,11,0x006AAD68,Unwind@006aad5e,,,unclassified,0.00,unknown,undefined Unwind@006aad5e(void),false,,,,
0x006AAD69,11,0x006AAD73,Unwind@006aad69,,,unclassified,0.00,unknown,undefined Unwind@006aad69(void),false,,,,
0x006AAD74,14,0x006AAD81,Unwind@006aad74,,,unclassified,0.00,unknown,undefined Unwind@006aad74(void),false,,,,
0x006AAD82,13,0x006AAD8E,Unwind@006aad82,,,unclassified,0.00,unknown,undefined Unwind@006aad82(void),false,,,,
0x006AAD8F,14,0x006AAD9C,Unwind@006aad8f,,,unclassified,0.00,unknown,undefined Unwind@006aad8f(void),false,,,,
0x006AAD9D,14,0x006AADAA,Unwind@006aad9d,,,unclassified,0.00,unknown,undefined Unwind@006aad9d(void),false,,,,
0x006AADAB,14,0x006AADB8,Unwind@006aadab,,,unclassified,0.00,unknown,undefined Unwind@006aadab(void),false,,,,
0x006AADB9,14,0x006AADC6,Unwind@006aadb9,,,unclassified,0.00,unknown,undefined Unwind@006aadb9(void),false,,,,
0x006AADC7,13,0x006AADD3,Unwind@006aadc7,,,unclassified,0.00,unknown,undefined Unwind@006aadc7(void),false,,,,
0x006AADD4,14,0x006AADE1,Unwind@006aadd4,,,unclassified,0.00,unknown,undefined Unwind@006aadd4(void),false,,,,
0x006AAE00,11,0x006AAE0A,Unwind@006aae00,,,unclassified,0.00,unknown,undefined Unwind@006aae00(void),false,,,,
0x006AAE0B,11,0x006AAE15,Unwind@006aae0b,,,unclassified,0.00,unknown,undefined Unwind@006aae0b(void),false,,,,
0x006AAE16,23,0x006AAE2C,Unwind@006aae16,,,unclassified,0.00,unknown,undefined Unwind@006aae16(void),false,,,,
0x006AAE2D,11,0x006AAE37,Unwind@006aae2d,,,unclassified,0.00,unknown,undefined Unwind@006aae2d(void),false,,,,
0x006AAE70,17,0x006AAE80,Unwind@006aae70,,,unclassified,0.00,unknown,undefined Unwind@006aae70(void),false,,,,
0x006AAE81,17,0x006AAE91,Unwind@006aae81,,,unclassified,0.00,unknown,undefined Unwind@006aae81(void),false,,,,
0x006AAED0,17,0x006AAEE0,Unwind@006aaed0,,,unclassified,0.00,unknown,undefined Unwind@006aaed0(void),false,,,,
0x006AAF00,8,0x006AAF07,Unwind@006aaf00,,,unclassified,0.00,unknown,undefined Unwind@006aaf00(void),false,,,,
0x006AAF08,8,0x006AAF0F,Unwind@006aaf08,,,unclassified,0.00,unknown,undefined Unwind@006aaf08(void),false,,,,
0x006AAF40,8,0x006AAF47,Unwind@006aaf40,,,unclassified,0.00,unknown,undefined Unwind@006aaf40(void),false,,,,
0x006AAFA0,22,0x006AAFB5,Unwind@006aafa0,,,unclassified,0.00,unknown,undefined Unwind@006aafa0(void),false,,,,
0x006AB020,8,0x006AB027,Unwind@006ab020,,,unclassified,0.00,unknown,undefined Unwind@006ab020(void),false,,,,
0x006AB028,11,0x006AB032,Unwind@006ab028,,,unclassified,0.00,unknown,undefined Unwind@006ab028(void),false,,,,
0x006AB050,11,0x006AB05A,Unwind@006ab050,,,unclassified,0.00,unknown,undefined Unwind@006ab050(void),false,,,,
0x006AB05B,11,0x006AB065,Unwind@006ab05b,,,unclassified,0.00,unknown,undefined Unwind@006ab05b(void),false,,,,
0x006AB090,8,0x006AB097,Unwind@006ab090,,,unclassified,0.00,unknown,undefined Unwind@006ab090(void),false,,,,
0x006AB098,11,0x006AB0A2,Unwind@006ab098,,,unclassified,0.00,unknown,undefined Unwind@006ab098(void),false,,,,
0x006AB0A3,11,0x006AB0AD,Unwind@006ab0a3,,,unclassified,0.00,unknown,undefined Unwind@006ab0a3(void),false,,,,
0x006AB0AE,11,0x006AB0B8,Unwind@006ab0ae,,,unclassified,0.00,unknown,undefined Unwind@006ab0ae(void),false,,,,
0x006AB0B9,14,0x006AB0C6,Unwind@006ab0b9,,,unclassified,0.00,unknown,undefined Unwind@006ab0b9(void),false,,,,
0x006AB0C7,14,0x006AB0D4,Unwind@006ab0c7,,,unclassified,0.00,unknown,undefined Unwind@006ab0c7(void),false,,,,
0x006AB0F0,8,0x006AB0F7,Unwind@006ab0f0,,,unclassified,0.00,unknown,undefined Unwind@006ab0f0(void),false,,,,
0x006AB120,11,0x006AB12A,Unwind@006ab120,,,unclassified,0.00,unknown,undefined Unwind@006ab120(void),false,,,,
0x006AB12B,11,0x006AB135,Unwind@006ab12b,,,unclassified,0.00,unknown,undefined Unwind@006ab12b(void),false,,,,
0x006AB136,11,0x006AB140,Unwind@006ab136,,,unclassified,0.00,unknown,undefined Unwind@006ab136(void),false,,,,
0x006AB141,11,0x006AB14B,Unwind@006ab141,,,unclassified,0.00,unknown,undefined Unwind@006ab141(void),false,,,,
0x006AB180,11,0x006AB18A,Unwind@006ab180,,,unclassified,0.00,unknown,undefined Unwind@006ab180(void),false,,,,
0x006AB1B0,8,0x006AB1B7,Unwind@006ab1b0,,,unclassified,0.00,unknown,undefined Unwind@006ab1b0(void),false,,,,
0x006AB1B8,11,0x006AB1C2,Unwind@006ab1b8,,,unclassified,0.00,unknown,undefined Unwind@006ab1b8(void),false,,,,
0x006AB1C3,11,0x006AB1CD,Unwind@006ab1c3,,,unclassified,0.00,unknown,undefined Unwind@006ab1c3(void),false,,,,
0x006AB1CE,11,0x006AB1D8,Unwind@006ab1ce,,,unclassified,0.00,unknown,undefined Unwind@006ab1ce(void),false,,,,
0x006AB1D9,11,0x006AB1E3,Unwind@006ab1d9,,,unclassified,0.00,unknown,undefined Unwind@006ab1d9(void),false,,,,
0x006AB1E4,14,0x006AB1F1,Unwind@006ab1e4,,,unclassified,0.00,unknown,undefined Unwind@006ab1e4(void),false,,,,
0x006AB1F2,13,0x006AB1FE,Unwind@006ab1f2,,,unclassified,0.00,unknown,undefined Unwind@006ab1f2(void),false,,,,
0x006AB1FF,14,0x006AB20C,Unwind@006ab1ff,,,unclassified,0.00,unknown,undefined Unwind@006ab1ff(void),false,,,,
0x006AB20D,14,0x006AB21A,Unwind@006ab20d,,,unclassified,0.00,unknown,undefined Unwind@006ab20d(void),false,,,,
0x006AB21B,14,0x006AB228,Unwind@006ab21b,,,unclassified,0.00,unknown,undefined Unwind@006ab21b(void),false,,,,
0x006AB229,14,0x006AB236,Unwind@006ab229,,,unclassified,0.00,unknown,undefined Unwind@006ab229(void),false,,,,
0x006AB260,11,0x006AB26A,Unwind@006ab260,,,unclassified,0.00,unknown,undefined Unwind@006ab260(void),false,,,,
0x006AB26B,11,0x006AB275,Unwind@006ab26b,,,unclassified,0.00,unknown,undefined Unwind@006ab26b(void),false,,,,
0x006AB4A0,12,0x006AB4AB,FUN_006ab4a0,,,unclassified,0.00,unknown,undefined FUN_006ab4a0(void),false,,,,
