address,origin,subsystem,disposition,confidence,evidence_id
0x00401000,authored_game,render,include_authored,inferred,ledger-authored-module
0x00401040,authored_game,render,include_authored,inferred,ledger-authored-module
0x00401060,unknown,,review,unknown,
0x004010C0,authored_game,render,include_authored,inferred,ledger-authored-module
0x004010F0,unknown,,review,unknown,
0x00401130,unknown,,review,unknown,
0x00401180,unknown,,review,unknown,
0x00401250,unknown,,review,unknown,
0x00401290,unknown,,review,unknown,
0x004012D0,unknown,,review,unknown,
0x00401460,unknown,,review,unknown,
0x004014F0,unknown,,review,unknown,
0x00401650,unknown,,review,unknown,
0x00401680,unknown,,review,unknown,
0x004016B0,vc8_runtime,runtime,exclude_authored,observed,ledger-library
0x00401720,unknown,,review,unknown,
0x00401760,unknown,,review,unknown,
0x00401770,unknown,,review,unknown,
0x004017E0,unknown,,review,unknown,
0x00401860,unknown,,review,unknown,
0x00401870,unknown,,review,unknown,
0x00401890,unknown,,review,unknown,
0x004018A0,unknown,,review,unknown,
0x00401930,unknown,,review,unknown,
0x004019B0,unknown,,review,unknown,
0x00401AA0,unknown,,review,unknown,
0x00401B10,unknown,,review,unknown,
0x00401BF0,unknown,,review,unknown,
0x00401C40,unknown,,review,unknown,
0x00401D00,unknown,,review,unknown,
0x00401D70,authored_game,audio,include_authored,inferred,ledger-authored-module
0x00401DE0,unknown,,review,unknown,
0x00401E20,unknown,,review,unknown,
0x00401EF0,unknown,,review,unknown,
0x00401F60,unknown,,review,unknown,
0x00402000,unknown,,review,unknown,
0x00402070,unknown,,review,unknown,
0x00402090,unknown,,review,unknown,
0x004020B0,authored_game,ui,include_authored,inferred,ledger-authored-module
0x00402190,unknown,,review,unknown,
0x004021A0,unknown,,review,unknown,
0x004021B0,unknown,,review,unknown,
0x004021C0,authored_game,ui,include_authored,inferred,ledger-authored-module
0x00402290,unknown,,review,unknown,
0x00402320,unknown,,review,unknown,
0x004023E0,unknown,,review,unknown,
0x00402400,unknown,,review,unknown,
0x00402450,unknown,,review,unknown,
0x004024C0,unknown,,review,unknown,
0x0040253A,unknown,,review,unknown,
0x00402562,unknown,,review,unknown,
0x004025CB,unknown,,review,unknown,
0x00402620,unknown,,review,unknown,
0x00402680,authored_game,assets,include_authored,inferred,ledger-authored-module
0x004027F0,authored_game,assets,include_authored,inferred,ledger-authored-module
0x004028A0,unknown,,review,unknown,
0x004028D0,unknown,,review,unknown,
0x00402950,unknown,,review,unknown,
0x004029C0,unknown,runtime,review,unknown,
0x00402A20,unknown,,review,unknown,
0x00402A50,vc8_runtime,runtime,exclude_authored,observed,ledger-library
0x00402AB0,unknown,,review,unknown,
0x00402C10,unknown,,review,unknown,
0x00402C50,unknown,,review,unknown,
0x00402D00,unknown,,review,unknown,
0x00402D80,unknown,,review,unknown,
0x00402DA0,unknown,,review,unknown,
0x00402E00,unknown,,review,unknown,
0x00402EE0,unknown,,review,unknown,
0x00402F80,unknown,,review,unknown,
0x004030F0,unknown,,review,unknown,
0x00403190,unknown,,review,unknown,
0x00403540,unknown,,review,unknown,
0x00403870,unknown,,review,unknown,
0x00403940,unknown,,review,unknown,
0x004039E0,unknown,,review,unknown,
0x00403A70,unknown,,review,unknown,
0x00403C40,unknown,,review,unknown,
0x00403C60,unknown,,review,unknown,
0x00403DC0,unknown,,review,unknown,
0x00403E50,unknown,,review,unknown,
0x00403EC0,unknown,,review,unknown,
0x00403F10,unknown,,review,unknown,
0x00403F60,unknown,,review,unknown,
0x00403FB0,unknown,,review,unknown,
0x00404110,unknown,,review,unknown,
0x00404260,unknown,,review,unknown,
0x00404450,unknown,,review,unknown,
0x004044E0,unknown,,review,unknown,
0x00404600,unknown,,review,unknown,
0x00404610,unknown,,review,unknown,
0x00404630,unknown,,review,unknown,
0x004047D0,unknown,,review,unknown,
0x00404890,unknown,,review,unknown,
0x00404960,unknown,,review,unknown,
0x00404980,authored_game,render,include_authored,inferred,ledger-authored-module
0x00404A10,authored_game,battle,include_authored,inferred,ledger-authored-module
0x00404B70,unknown,,review,unknown,
0x00404BF0,unknown,,review,unknown,
0x00404C40,unknown,,review,unknown,
0x00404C70,unknown,,review,unknown,
0x00404CC0,unknown,,review,unknown,
0x00404EC0,authored_game,ui,include_authored,inferred,ledger-authored-module
0x00404F30,authored_game,assets,include_authored,inferred,ledger-authored-module
0x00404FA0,authored_game,ui,include_authored,inferred,ledger-authored-module
0x00405020,unknown,,review,unknown,
0x00405090,unknown,,review,unknown,
0x00405130,unknown,,review,unknown,
0x00405200,unknown,,review,unknown,
0x00405270,unknown,,review,unknown,
0x00405290,unknown,,review,unknown,
0x004052F0,unknown,,review,unknown,
0x00405370,unknown,,review,unknown,
0x004053D0,unknown,,review,unknown,
0x00405440,unknown,,review,unknown,
0x004054D0,unknown,,review,unknown,
0x004056D0,unknown,,review,unknown,
0x00405700,unknown,,review,unknown,
0x00405790,unknown,,review,unknown,
0x004057A0,unknown,,review,unknown,
0x004057F0,unknown,,review,unknown,
0x00405800,unknown,,review,unknown,
0x00405860,unknown,,review,unknown,
0x00405910,unknown,,review,unknown,
0x004059B0,unknown,,review,unknown,
0x00405AD0,unknown,,review,unknown,
0x00405C60,unknown,,review,unknown,
0x00405CD0,unknown,,review,unknown,
0x00405D50,unknown,,review,unknown,
0x00405DA0,unknown,,review,unknown,
0x00405E10,unknown,,review,unknown,
0x00405E70,unknown,,review,unknown,
0x00405EB0,unknown,,review,unknown,
0x00405EF0,unknown,,review,unknown,
0x00405FC0,unknown,,review,unknown,
0x00406050,unknown,,review,unknown,
0x00406350,unknown,,review,unknown,
0x00406390,unknown,,review,unknown,
0x00406400,unknown,,review,unknown,
0x00406450,unknown,,review,unknown,
0x00406470,unknown,,review,unknown,
0x004064D0,authored_game,ui,include_authored,inferred,ledger-authored-module
0x00406500,unknown,,review,unknown,
0x00406530,authored_game,engine,include_authored,inferred,ledger-authored-module
0x004065A0,authored_game,engine,include_authored,inferred,ledger-authored-module
0x00406600,unknown,,review,unknown,
0x00406650,authored_game,engine,include_authored,inferred,ledger-authored-module
0x00406680,authored_game,engine,include_authored,inferred,ledger-authored-module
0x004066A0,unknown,,review,unknown,
0x00406710,authored_game,engine,include_authored,inferred,ledger-authored-module
0x00406750,unknown,,review,unknown,
0x00406770,unknown,,review,unknown,
0x00406780,unknown,,review,unknown,
0x00406840,authored_game,engine,include_authored,inferred,ledger-authored-module
0x00406880,authored_game,engine,include_authored,inferred,ledger-authored-module
0x004069A0,authored_game,battle,include_authored,inferred,ledger-authored-module
0x004069C0,unknown,,review,unknown,
0x00406A60,unknown,,review,unknown,
0x00406B00,unknown,,review,unknown,
0x00406C30,authored_game,battle,include_authored,inferred,ledger-authored-module
0x00406C60,unknown,,review,unknown,
0x00406DB0,unknown,,review,unknown,
0x00407020,unknown,,review,unknown,
0x004070C0,unknown,,review,unknown,
0x004070F0,unknown,,review,unknown,
0x00407250,unknown,,review,unknown,
0x004072B0,unknown,,review,unknown,
0x004072D0,unknown,,review,unknown,
0x004072F0,unknown,,review,unknown,
0x004073B0,unknown,,review,unknown,
0x004073F0,unknown,,review,unknown,
0x00407450,unknown,,review,unknown,
0x00407490,unknown,,review,unknown,
0x004074F0,unknown,,review,unknown,
0x00407530,unknown,,review,unknown,
0x00407590,unknown,,review,unknown,
0x004079E0,unknown,,review,unknown,
0x00407AC0,unknown,,review,unknown,
0x00407B00,unknown,,review,unknown,
0x00407B20,unknown,,review,unknown,
0x00407B50,authored_game,assets,include_authored,inferred,ledger-authored-module
0x00407B70,unknown,,review,unknown,
0x00407BA0,unknown,,review,unknown,
0x00407CA0,unknown,,review,unknown,
0x00407E80,unknown,,review,unknown,
0x00407F80,authored_game,engine,include_authored,inferred,ledger-authored-module
0x00408020,unknown,,review,unknown,
0x004080E0,authored_game,engine,include_authored,inferred,ledger-authored-module
0x00408393,unknown,,review,unknown,
0x004083F0,unknown,,review,unknown,
0x00408549,unknown,,review,unknown,
0x00408590,unknown,,review,unknown,
0x00408680,unknown,,review,unknown,
0x00408770,unknown,,review,unknown,
0x00408890,unknown,,review,unknown,
0x004088C0,unknown,,review,unknown,
0x00408900,unknown,,review,unknown,
0x00408950,unknown,,review,unknown,
0x00408A40,vc8_runtime,runtime,exclude_authored,observed,ledger-library
0x00408B40,authored_game,ui,include_authored,inferred,ledger-authored-module
0x00408C00,unknown,,review,unknown,
0x00408CB0,unknown,,review,unknown,
0x00408D40,unknown,,review,unknown,
0x00408DD0,unknown,,review,unknown,
0x00408E70,unknown,,review,unknown,
0x00408F10,unknown,,review,unknown,
0x00408FC0,authored_game,assets,include_authored,inferred,ledger-authored-module
0x00409300,authored_game,assets,include_authored,inferred,ledger-authored-module
0x00409410,authored_game,ui,include_authored,inferred,ledger-authored-module
0x00409440,unknown,,review,unknown,
0x00409550,authored_game,ui,include_authored,inferred,ledger-authored-module
0x00409850,unknown,,review,unknown,
0x00409890,unknown,,review,unknown,
0x004098B0,unknown,,review,unknown,
0x004098C0,unknown,,review,unknown,
0x00409900,authored_game,input,include_authored,inferred,ledger-authored-module
0x00409AA0,authored_game,input,include_authored,inferred,ledger-authored-module
0x00409AD0,authored_game,input,include_authored,inferred,ledger-authored-module
0x00409C50,authored_game,input,include_authored,inferred,ledger-authored-module
0x0040A040,authored_game,input,include_authored,inferred,ledger-authored-module
0x0040A050,authored_game,input,include_authored,inferred,ledger-authored-module
0x0040A070,authored_game,input,include_authored,inferred,ledger-authored-module
0x0040A0B0,authored_game,input,include_authored,inferred,ledger-authored-module
0x0040A1C0,authored_game,input,include_authored,inferred,ledger-authored-module
0x0040A210,authored_game,input,include_authored,inferred,ledger-authored-module
0x0040A220,authored_game,input,include_authored,inferred,ledger-authored-module
0x0040A2F0,authored_game,input,include_authored,inferred,ledger-authored-module
0x0040A350,authored_game,input,include_authored,inferred,ledger-authored-module
0x0040A3D0,unknown,,review,unknown,
0x0040A400,authored_game,input,include_authored,inferred,ledger-authored-module
0x0040A480,unknown,,review,unknown,
0x0040A650,unknown,,review,unknown,
0x0040A6A0,unknown,,review,unknown,
0x0040A6C0,unknown,,review,unknown,
0x0040A6F0,unknown,,review,unknown,
0x0040A710,authored_game,engine,include_authored,inferred,ledger-authored-module
0x0040A720,authored_game,engine,include_authored,inferred,ledger-authored-module
0x0040A730,unknown,,review,unknown,
0x0040A740,unknown,,review,unknown,
0x0040A760,unknown,,review,unknown,
0x0040A780,unknown,,review,unknown,
0x0040A840,unknown,,review,unknown,
0x0040A860,unknown,,review,unknown,
0x0040A8B0,unknown,,review,unknown,
0x0040A8E0,unknown,,review,unknown,
0x0040A8F0,unknown,,review,unknown,
0x0040A900,unknown,,review,unknown,
0x0040A910,unknown,,review,unknown,
0x0040A950,unknown,,review,unknown,
0x0040A960,unknown,,review,unknown,
0x0040A970,unknown,,review,unknown,
0x0040A980,unknown,,review,unknown,
0x0040A990,unknown,,review,unknown,
0x0040A9B0,unknown,,review,unknown,
0x0040A9C0,unknown,,review,unknown,
0x0040AA00,unknown,,review,unknown,
0x0040AA50,unknown,,review,unknown,
0x0040AA90,unknown,,review,unknown,
0x0040AAD0,unknown,,review,unknown,
0x0040AAE0,unknown,,review,unknown,
0x0040AAF0,unknown,,review,unknown,
0x0040B580,unknown,,review,unknown,
0x0040B5B0,unknown,,review,unknown,
0x0040B5F0,unknown,,review,unknown,
0x0040B630,unknown,,review,unknown,
0x0040B770,unknown,,review,unknown,
0x0040B800,unknown,,review,unknown,
0x0040B910,unknown,,review,unknown,
0x0040B9B0,unknown,,review,unknown,
0x0040BAD0,unknown,,review,unknown,
0x0040BB30,unknown,,review,unknown,
0x0040BB90,unknown,,review,unknown,
0x0040BBF0,unknown,,review,unknown,
0x0040BC50,unknown,,review,unknown,
0x0040BD30,unknown,,review,unknown,
0x0040BD60,unknown,,review,unknown,
0x0040BDD0,unknown,,review,unknown,
0x0040BE40,unknown,,review,unknown,
0x0040C080,unknown,,review,unknown,
0x0040C123,unknown,,review,unknown,
0x0040C140,unknown,,review,unknown,
0x0040C1C0,unknown,,review,unknown,
0x0040C210,unknown,,review,unknown,
0x0040C270,unknown,,review,unknown,
0x0040C2B0,unknown,,review,unknown,
0x0040C300,unknown,,review,unknown,
0x0040C340,unknown,,review,unknown,
0x0040C4D8,unknown,,review,unknown,
0x0040C5C0,unknown,,review,unknown,
0x0040C640,unknown,,review,unknown,
0x0040C680,unknown,,review,unknown,
0x0040C6A0,authored_game,ui,include_authored,inferred,ledger-authored-module
0x0040C720,unknown,,review,unknown,
0x0040C750,unknown,,review,unknown,
0x0040C790,unknown,,review,unknown,
0x0040C7F0,authored_game,ui,include_authored,inferred,ledger-authored-module
0x0040C860,unknown,,review,unknown,
0x0040C8A0,unknown,,review,unknown,
0x0040C8D0,unknown,,review,unknown,
0x0040C900,authored_game,assets,include_authored,inferred,ledger-authored-module
0x0040C920,authored_game,assets,include_authored,inferred,ledger-authored-module
0x0040C950,authored_game,assets,include_authored,inferred,ledger-authored-module
0x0040C960,authored_game,assets,include_authored,inferred,ledger-authored-module
0x0040C970,authored_game,assets,include_authored,inferred,ledger-authored-module
0x0040C9A0,authored_game,assets,include_authored,inferred,ledger-authored-module
0x0040C9B0,unknown,,review,unknown,
0x0040C9C0,authored_game,assets,include_authored,inferred,ledger-authored-module
0x0040CAA0,unknown,,review,unknown,
0x0040CB30,unknown,,review,unknown,
0x0040CBE0,unknown,,review,unknown,
0x0040CC50,unknown,,review,unknown,
0x0040CC80,unknown,,review,unknown,
0x0040CD20,unknown,,review,unknown,
0x0040CDE0,authored_game,input,include_authored,inferred,ledger-authored-module
0x0040CE30,unknown,,review,unknown,
0x0040CF80,unknown,,review,unknown,
0x0040CFA0,authored_game,input,include_authored,inferred,ledger-authored-module
0x0040D060,unknown,,review,unknown,
0x0040D110,unknown,,review,unknown,
0x0040D250,authored_game,input,include_authored,inferred,ledger-authored-module
0x0040D370,authored_game,input,include_authored,inferred,ledger-authored-module
0x0040D380,unknown,,review,unknown,
0x0040D3D0,authored_game,input,include_authored,inferred,ledger-authored-module
0x0040D430,unknown,,review,unknown,
0x0040D4E6,unknown,,review,unknown,
0x0040D580,unknown,,review,unknown,
0x0040D630,unknown,,review,unknown,
0x0040D660,unknown,,review,unknown,
0x0040D6B0,unknown,,review,unknown,
0x0040D6F0,unknown,,review,unknown,
0x0040D730,unknown,,review,unknown,
0x0040D760,unknown,runtime,review,unknown,
0x0040D7D0,unknown,,review,unknown,
0x0040D830,unknown,,review,unknown,
0x0040D8A0,unknown,,review,unknown,
0x0040D8D0,unknown,,review,unknown,
0x0040D8F0,unknown,,review,unknown,
0x0040D980,unknown,,review,unknown,
0x0040DA10,unknown,,review,unknown,
0x0040DA70,unknown,,review,unknown,
0x0040DAD0,unknown,,review,unknown,
0x0040DCB0,unknown,,review,unknown,
0x0040DE73,unknown,,review,unknown,
0x0040DF80,unknown,,review,unknown,
0x0040DFD0,unknown,,review,unknown,
0x0040E000,unknown,,review,unknown,
0x0040E030,unknown,,review,unknown,
0x0040E060,unknown,,review,unknown,
0x0040E090,unknown,,review,unknown,
0x0040E0C0,unknown,,review,unknown,
0x0040E110,unknown,,review,unknown,
0x0040E140,unknown,,review,unknown,
0x0040E1C0,authored_game,ui,include_authored,inferred,ledger-authored-module
0x0040E210,unknown,,review,unknown,
0x0040E280,unknown,,review,unknown,
0x0040E400,unknown,,review,unknown,
0x0040E530,unknown,,review,unknown,
0x0040E540,unknown,,review,unknown,
0x0040E560,authored_game,ui,include_authored,inferred,ledger-authored-module
0x0040E590,unknown,,review,unknown,
0x0040E630,unknown,,review,unknown,
0x0040E760,unknown,,review,unknown,
0x0040E790,unknown,,review,unknown,
0x0040E7B0,unknown,,review,unknown,
0x0040EA80,unknown,,review,unknown,
0x0040EAD0,unknown,,review,unknown,
0x0040EAF0,unknown,,review,unknown,
0x0040EB20,authored_game,assets,include_authored,inferred,ledger-authored-module
0x0040EBD0,unknown,,review,unknown,
0x0040EE50,authored_game,assets,include_authored,inferred,ledger-authored-module
0x0040EF50,authored_game,assets,include_authored,inferred,ledger-authored-module
0x0040F050,authored_game,assets,include_authored,inferred,ledger-authored-module
0x0040F100,unknown,,review,unknown,
0x0040F1A0,unknown,,review,unknown,
0x0040F210,unknown,,review,unknown,
0x0040F2B0,unknown,,review,unknown,
0x0040F2C0,unknown,,review,unknown,
0x0040F320,unknown,,review,unknown,
0x0040F360,unknown,,review,unknown,
0x0040F3B0,unknown,,review,unknown,
0x0040F4B0,unknown,,review,unknown,
0x0040F5C0,unknown,,review,unknown,
0x0040F620,unknown,,review,unknown,
0x0040F780,authored_game,assets,include_authored,inferred,ledger-authored-module
0x0040F800,authored_game,ui,include_authored,inferred,ledger-authored-module
0x0040F960,authored_game,ui,include_authored,inferred,ledger-authored-module
0x0040FA00,unknown,,review,unknown,
0x0040FB00,unknown,,review,unknown,
0x0040FB60,unknown,,review,unknown,
0x0040FBE0,unknown,,review,unknown,
0x0040FC40,unknown,,review,unknown,
0x0040FC70,unknown,,review,unknown,
0x0040FCD0,unknown,,review,unknown,
0x0040FD30,unknown,,review,unknown,
0x0040FDA0,unknown,,review,unknown,
0x0040FE10,unknown,,review,unknown,
0x0040FEF8,unknown,,review,unknown,
0x0040FF10,unknown,,review,unknown,
0x0040FF70,unknown,,review,unknown,
0x004103BB,unknown,,review,unknown,
0x00410767,unknown,,review,unknown,
0x00410790,unknown,,review,unknown,
0x004107F0,unknown,,review,unknown,
0x00410840,unknown,,review,unknown,
0x004108B0,unknown,,review,unknown,
0x00410930,unknown,,review,unknown,
0x004109B0,unknown,,review,unknown,
0x00410A70,unknown,,review,unknown,
0x00410B30,unknown,,review,unknown,
0x00410BF0,unknown,,review,unknown,
0x00410CA0,unknown,,review,unknown,
0x00410DA0,unknown,,review,unknown,
0x00410E30,unknown,,review,unknown,
0x00410F10,unknown,,review,unknown,
0x00411100,unknown,,review,unknown,
0x00411310,authored_game,assets,include_authored,inferred,ledger-authored-module
0x00411440,authored_game,assets,include_authored,inferred,ledger-authored-module
0x004114F0,authored_game,assets,include_authored,inferred,ledger-authored-module
0x00411720,authored_game,assets,include_authored,inferred,ledger-authored-module
0x004118D0,authored_game,assets,include_authored,inferred,ledger-authored-module
0x00411F80,authored_game,assets,include_authored,inferred,ledger-authored-module
0x004120B0,authored_game,assets,include_authored,inferred,ledger-authored-module
0x004121E0,authored_game,assets,include_authored,inferred,ledger-authored-module
0x00412210,vc8_runtime,runtime,exclude_authored,observed,ledger-library
0x00412240,vc8_runtime,runtime,exclude_authored,observed,ledger-library
0x00412270,unknown,runtime,review,unknown,
0x004122D0,authored_game,assets,include_authored,inferred,ledger-authored-module
0x00412310,unknown,,review,unknown,
0x004123C0,unknown,,review,unknown,
0x00412520,unknown,,review,unknown,
0x00412540,unknown,,review,unknown,
0x00412550,unknown,,review,unknown,
0x00412560,unknown,,review,unknown,
0x004126B0,unknown,,review,unknown,
0x00412860,unknown,,review,unknown,
0x00412910,unknown,,review,unknown,
0x00412960,unknown,,review,unknown,
0x00412A00,unknown,,review,unknown,
0x00412BF0,unknown,,review,unknown,
0x00412C20,unknown,,review,unknown,
0x00412CB0,unknown,,review,unknown,
0x00412F70,unknown,,review,unknown,
0x00412FD0,unknown,,review,unknown,
0x00413000,unknown,,review,unknown,
0x00413010,unknown,,review,unknown,
0x004130B0,unknown,,review,unknown,
0x00413120,unknown,,review,unknown,
0x00413140,unknown,,review,unknown,
0x00413160,unknown,,review,unknown,
0x004131B0,unknown,,review,unknown,
0x004131D0,unknown,,review,unknown,
0x00413210,unknown,,review,unknown,
0x00413290,unknown,,review,unknown,
0x004132D0,authored_game,battle,include_authored,inferred,ledger-authored-module
0x00413340,unknown,,review,unknown,
0x00413410,unknown,,review,unknown,
0x00413490,unknown,,review,unknown,
0x004134F0,unknown,,review,unknown,
0x00413550,unknown,,review,unknown,
0x00413620,unknown,,review,unknown,
0x00413640,unknown,,review,unknown,
0x004137B9,unknown,,review,unknown,
0x00413890,unknown,,review,unknown,
0x00413B60,unknown,,review,unknown,
0x00413BA0,unknown,,review,unknown,
0x00413C10,unknown,,review,unknown,
0x00413C50,unknown,,review,unknown,
0x00413CA0,unknown,,review,unknown,
0x00413CD0,unknown,,review,unknown,
0x00413D00,unknown,,review,unknown,
0x00413D40,unknown,,review,unknown,
0x00413DA0,unknown,,review,unknown,
0x00413DD0,unknown,,review,unknown,
0x00413E00,unknown,,review,unknown,
0x00413E10,unknown,,review,unknown,
0x00413E20,unknown,,review,unknown,
0x00413E60,unknown,,review,unknown,
0x00413EB0,unknown,,review,unknown,
0x00413ED0,unknown,,review,unknown,
0x00413F00,unknown,,review,unknown,
0x00413F90,unknown,,review,unknown,
0x00414000,unknown,,review,unknown,
0x00414230,unknown,,review,unknown,
0x00414350,unknown,,review,unknown,
0x00414470,unknown,,review,unknown,
0x004144D0,unknown,,review,unknown,
0x00414570,unknown,,review,unknown,
0x00414600,unknown,,review,unknown,
0x004146A0,unknown,,review,unknown,
0x00414710,unknown,,review,unknown,
0x00414770,unknown,,review,unknown,
0x004148B0,unknown,,review,unknown,
0x00414B00,unknown,,review,unknown,
0x00414BA0,unknown,,review,unknown,
0x00414DC0,unknown,,review,unknown,
0x004152E0,unknown,,review,unknown,
0x004153C0,unknown,,review,unknown,
0x00415440,unknown,,review,unknown,
0x00415580,unknown,,review,unknown,
0x00415970,unknown,,review,unknown,
0x004159F0,unknown,,review,unknown,
0x00415A30,unknown,,review,unknown,
0x00415AA0,unknown,,review,unknown,
0x00415B30,unknown,,review,unknown,
0x00415BB0,unknown,,review,unknown,
0x00415E00,unknown,,review,unknown,
0x00415F81,unknown,,review,unknown,
0x00416040,unknown,,review,unknown,
0x00416080,unknown,,review,unknown,
0x004160B0,unknown,,review,unknown,
0x004160E0,unknown,,review,unknown,
0x00416120,unknown,,review,unknown,
0x00416160,unknown,,review,unknown,
0x004161A0,unknown,,review,unknown,
0x00416370,unknown,,review,unknown,
0x004165C0,unknown,,review,unknown,
0x00416750,unknown,,review,unknown,
0x00416A10,unknown,,review,unknown,
0x00416A50,vc8_runtime,runtime,exclude_authored,observed,ledger-library
0x00416AD0,unknown,,review,unknown,
0x00416B40,unknown,,review,unknown,
0x00416D10,vc8_runtime,runtime,exclude_authored,observed,ledger-library
0x00416E70,unknown,,review,unknown,
0x00417010,authored_game,assets,include_authored,inferred,ledger-authored-module
0x004170E0,unknown,,review,unknown,
0x00417160,unknown,,review,unknown,
0x004171E0,unknown,,review,unknown,
0x00417240,unknown,,review,unknown,
0x004172A0,unknown,,review,unknown,
0x00417300,unknown,,review,unknown,
0x00417460,unknown,,review,unknown,
0x00417520,unknown,,review,unknown,
0x004175E0,unknown,,review,unknown,
0x00417630,unknown,,review,unknown,
0x00417700,unknown,,review,unknown,
0x004177C0,unknown,,review,unknown,
0x004177D0,unknown,,review,unknown,
0x00417800,unknown,,review,unknown,
0x00417850,unknown,,review,unknown,
0x00417880,unknown,,review,unknown,
0x004178A0,unknown,,review,unknown,
0x004178E0,unknown,,review,unknown,
0x00417900,unknown,,review,unknown,
0x00417990,unknown,,review,unknown,
0x00417AB0,unknown,,review,unknown,
0x00417AF0,unknown,,review,unknown,
0x00417B20,unknown,,review,unknown,
0x00417BC0,unknown,,review,unknown,
0x00417CC0,unknown,,review,unknown,
0x00417DF0,unknown,,review,unknown,
0x00417E20,unknown,,review,unknown,
0x00417E80,unknown,,review,unknown,
0x004180D0,authored_game,audio,include_authored,inferred,ledger-authored-module
0x00418130,authored_game,audio,include_authored,inferred,ledger-authored-module
0x004181A0,authored_game,audio,include_authored,inferred,ledger-authored-module
0x00418210,compiler_generated,audio,exclude_authored,observed,ledger-library
0x00418220,authored_game,audio,include_authored,inferred,ledger-authored-module
0x00418380,authored_game,audio,include_authored,inferred,ledger-authored-module
0x004184E0,authored_game,audio,include_authored,inferred,ledger-authored-module
0x00418500,authored_game,audio,include_authored,inferred,ledger-authored-module
0x00418520,authored_game,audio,include_authored,inferred,ledger-authored-module
0x00418710,unknown,,review,unknown,
0x00418810,unknown,,review,unknown,
0x00418910,unknown,,review,unknown,
0x00418A00,unknown,,review,unknown,
0x00418AB0,unknown,,review,unknown,
0x00418B80,unknown,,review,unknown,
0x00418C40,unknown,,review,unknown,
0x00418CA0,unknown,,review,unknown,
0x00418DA0,unknown,,review,unknown,
0x00418F70,unknown,,review,unknown,
0x00419060,unknown,,review,unknown,
0x00419170,unknown,,review,unknown,
0x00419580,unknown,,review,unknown,
0x004196A0,unknown,,review,unknown,
0x00419F40,unknown,,review,unknown,
0x0041A100,unknown,,review,unknown,
0x0041A520,unknown,,review,unknown,
0x0041A690,unknown,,review,unknown,
0x0041AA90,unknown,,review,unknown,
0x0041AD00,unknown,,review,unknown,
0x0041AD60,unknown,,review,unknown,
0x0041AD90,authored_game,assets,include_authored,inferred,ledger-authored-module
0x0041ADA0,unknown,,review,unknown,
0x0041AE50,unknown,,review,unknown,
0x0041AE60,unknown,,review,unknown,
0x0041AF50,unknown,,review,unknown,
0x0041B1D0,unknown,,review,unknown,
0x0041B450,unknown,,review,unknown,
0x0041B480,authored_game,assets,include_authored,inferred,ledger-authored-module
0x0041B5F0,authored_game,assets,include_authored,inferred,ledger-authored-module
0x0041B660,authored_game,assets,include_authored,inferred,ledger-authored-module
0x0041B6E0,unknown,,review,unknown,
0x0041B720,unknown,,review,unknown,
0x0041B750,unknown,,review,unknown,
0x0041B800,unknown,,review,unknown,
0x0041B840,unknown,,review,unknown,
0x0041B930,unknown,,review,unknown,
0x0041B9B0,unknown,,review,unknown,
0x0041BA70,unknown,,review,unknown,
0x0041BAE0,unknown,,review,unknown,
0x0041BB10,unknown,,review,unknown,
0x0041BB70,unknown,,review,unknown,
0x0041BDB0,unknown,,review,unknown,
0x0041BDF0,unknown,,review,unknown,
0x0041BFF5,unknown,,review,unknown,
0x0041C09D,unknown,,review,unknown,
0x0041C120,unknown,,review,unknown,
0x0041C1F0,unknown,,review,unknown,
0x0041C240,unknown,,review,unknown,
0x0041C290,unknown,,review,unknown,
0x0041C307,unknown,,review,unknown,
0x0041C320,unknown,,review,unknown,
0x0041C640,unknown,,review,unknown,
0x0041C680,unknown,,review,unknown,
0x0041C700,unknown,,review,unknown,
0x0041C770,unknown,,review,unknown,
0x0041C790,unknown,,review,unknown,
0x0041C800,unknown,,review,unknown,
0x0041C860,unknown,,review,unknown,
0x0041C890,unknown,,review,unknown,
0x0041C8C0,unknown,,review,unknown,
0x0041C920,unknown,,review,unknown,
0x0041C980,unknown,,review,unknown,
0x0041C9D0,unknown,,review,unknown,
0x0041CA43,unknown,,review,unknown,
0x0041CA80,unknown,,review,unknown,
0x0041CAC0,unknown,,review,unknown,
0x0041CBA4,unknown,,review,unknown,
0x0041CC00,unknown,,review,unknown,
0x0041CCA0,unknown,,review,unknown,
0x0041D210,unknown,,review,unknown,
0x0041D230,unknown,,review,unknown,
0x0041D240,unknown,,review,unknown,
0x0041D340,unknown,,review,unknown,
0x0041D370,unknown,,review,unknown,
0x0041D3D0,unknown,,review,unknown,
0x0041D3E0,unknown,,review,unknown,
0x0041D3F0,unknown,,review,unknown,
0x0041D410,unknown,,review,unknown,
0x0041D420,unknown,,review,unknown,
0x0041D480,unknown,,review,unknown,
0x0041D4A0,unknown,,review,unknown,
0x0041D4F0,unknown,,review,unknown,
0x0041D520,unknown,,review,unknown,
0x0041D5D0,unknown,,review,unknown,
0x0041D5F0,unknown,,review,unknown,
0x0041D600,unknown,,review,unknown,
0x0041D610,unknown,,review,unknown,
0x0041D630,unknown,,review,unknown,
0x0041D650,unknown,,review,unknown,
0x0041D670,unknown,,review,unknown,
0x0041D690,unknown,,review,unknown,
0x0041D6B0,unknown,,review,unknown,
0x0041D6D0,unknown,,review,unknown,
0x0041D6F0,unknown,,review,unknown,
0x0041D700,unknown,,review,unknown,
0x0041D720,unknown,,review,unknown,
0x0041D740,unknown,,review,unknown,
0x0041D7D0,unknown,,review,unknown,
0x0041DC00,unknown,,review,unknown,
0x0041DC20,unknown,,review,unknown,
0x0041DC40,unknown,,review,unknown,
0x0041DC60,unknown,,review,unknown,
0x0041DC90,authored_game,ui,include_authored,inferred,ledger-authored-module
0x0041DCA0,unknown,,review,unknown,
0x0041DE00,unknown,,review,unknown,
0x0041DE90,unknown,,review,unknown,
0x0041DEE0,unknown,,review,unknown,
0x0041DF00,unknown,,review,unknown,
0x0041DF20,unknown,,review,unknown,
0x0041DF80,unknown,,review,unknown,
0x0041DFF0,unknown,,review,unknown,
0x0041E010,unknown,,review,unknown,
0x0041E050,unknown,,review,unknown,
0x0041E090,unknown,,review,unknown,
0x0041E0D0,unknown,,review,unknown,
0x0041E1B0,unknown,,review,unknown,
0x0041E470,unknown,,review,unknown,
0x0041E540,unknown,,review,unknown,
0x0041E580,unknown,,review,unknown,
0x0041E5A0,unknown,,review,unknown,
0x0041E670,unknown,,review,unknown,
0x0041E770,unknown,,review,unknown,
0x0041E7E0,unknown,,review,unknown,
0x0041E850,unknown,,review,unknown,
0x0041E870,authored_game,engine,include_authored,inferred,ledger-authored-module
0x0041E890,unknown,,review,unknown,
0x0041E970,unknown,,review,unknown,
0x0041EA30,unknown,,review,unknown,
0x0041EAA0,authored_game,battle,include_authored,inferred,ledger-authored-module
0x0041EAB0,unknown,,review,unknown,
0x0041EAE0,unknown,,review,unknown,
0x0041EB30,authored_game,battle,include_authored,inferred,ledger-authored-module
0x0041EB50,unknown,,review,unknown,
0x0041EBC0,unknown,,review,unknown,
0x0041EC70,unknown,,review,unknown,
0x0041EC90,unknown,,review,unknown,
0x0041ECD0,unknown,,review,unknown,
0x0041ED10,unknown,,review,unknown,
0x0041ED80,unknown,,review,unknown,
0x0041EE10,unknown,,review,unknown,
0x0041EE30,authored_game,ui,include_authored,inferred,ledger-authored-module
0x0041EEB0,unknown,,review,unknown,
0x0041EEC0,unknown,,review,unknown,
0x0041EEE0,unknown,,review,unknown,
0x0041EF80,unknown,,review,unknown,
0x0041F090,unknown,,review,unknown,
0x0041F300,unknown,,review,unknown,
0x0041F8E0,unknown,,review,unknown,
0x0041F900,unknown,,review,unknown,
0x0041FD00,unknown,,review,unknown,
0x0041FD40,unknown,,review,unknown,
0x0041FEA0,authored_game,battle,include_authored,inferred,ledger-authored-module
0x0041FEC0,unknown,,review,unknown,
0x0041FF10,unknown,,review,unknown,
0x0041FF20,unknown,,review,unknown,
0x0041FF30,unknown,,review,unknown,
0x0041FF50,unknown,,review,unknown,
0x0041FF80,unknown,,review,unknown,
0x00420090,unknown,,review,unknown,
0x004200B0,unknown,,review,unknown,
0x00420370,unknown,,review,unknown,
0x00420440,unknown,,review,unknown,
0x00420750,unknown,,review,unknown,
0x00420A10,unknown,,review,unknown,
0x00420AA0,unknown,,review,unknown,
0x00420B10,authored_game,ui,include_authored,inferred,ledger-authored-module
0x00420BB0,authored_game,ui,include_authored,inferred,ledger-authored-module
0x00420C50,unknown,,review,unknown,
0x00420C70,unknown,,review,unknown,
0x00420CE0,unknown,,review,unknown,
0x00420D90,unknown,,review,unknown,
0x00420DB0,unknown,,review,unknown,
0x00420E20,unknown,,review,unknown,
0x00420E50,unknown,,review,unknown,
0x00420EB0,unknown,,review,unknown,
0x00420EE0,unknown,,review,unknown,
0x00420F50,unknown,,review,unknown,
0x00420FC0,unknown,,review,unknown,
0x00421040,unknown,,review,unknown,
0x00421050,unknown,,review,unknown,
0x00421080,unknown,,review,unknown,
0x004210E0,unknown,,review,unknown,
0x00421150,unknown,,review,unknown,
0x004211C0,unknown,,review,unknown,
0x00421240,unknown,,review,unknown,
0x00421290,unknown,,review,unknown,
0x00421310,authored_game,battle,include_authored,inferred,ledger-authored-module
0x00421360,unknown,,review,unknown,
0x00421390,unknown,,review,unknown,
0x004213C0,unknown,,review,unknown,
0x004213F0,unknown,,review,unknown,
0x00421460,unknown,,review,unknown,
0x00421490,unknown,,review,unknown,
0x004214D0,unknown,,review,unknown,
0x00421510,unknown,,review,unknown,
0x00421520,unknown,,review,unknown,
0x004215A0,unknown,,review,unknown,
0x004215F0,unknown,,review,unknown,
0x00421620,unknown,,review,unknown,
0x00421630,unknown,,review,unknown,
0x00421864,unknown,,review,unknown,
0x00421917,unknown,,review,unknown,
0x004219A0,unknown,,review,unknown,
0x00421A30,unknown,,review,unknown,
0x00421A50,unknown,,review,unknown,
0x00421AB0,unknown,,review,unknown,
0x00421B69,unknown,,review,unknown,
0x00421B80,unknown,,review,unknown,
0x00421C80,unknown,,review,unknown,
0x00421D10,unknown,,review,unknown,
0x00421ED0,unknown,,review,unknown,
0x00421F20,unknown,,review,unknown,
0x00421FA0,unknown,,review,unknown,
0x00421FC0,unknown,,review,unknown,
0x00422020,unknown,,review,unknown,
0x004220D0,unknown,,review,unknown,
0x00422150,unknown,,review,unknown,
0x004221D0,unknown,,review,unknown,
0x004221F0,unknown,,review,unknown,
0x004222C0,unknown,,review,unknown,
0x00423360,unknown,,review,unknown,
0x00423380,unknown,,review,unknown,
0x004236D0,unknown,,review,unknown,
0x004236F0,authored_game,ui,include_authored,inferred,ledger-authored-module
0x004237B0,authored_game,ui,include_authored,inferred,ledger-authored-module
0x004238B0,authored_game,ui,include_authored,inferred,ledger-authored-module
0x004239C0,authored_game,ui,include_authored,inferred,ledger-authored-module
0x00423B60,authored_game,ui,include_authored,inferred,ledger-authored-module
0x00423E60,vc8_runtime,runtime,exclude_authored,observed,ledger-library
0x00423E90,vc8_runtime,runtime,exclude_authored,observed,ledger-library
0x00423EC0,vc8_runtime,runtime,exclude_authored,observed,ledger-library
0x00423F00,vc8_runtime,runtime,exclude_authored,observed,ledger-library
0x00423F40,vc8_runtime,runtime,exclude_authored,observed,ledger-library
0x00423FB0,vc8_runtime,runtime,exclude_authored,observed,ledger-library
0x00423FE0,vc8_runtime,runtime,exclude_authored,observed,ledger-library
0x00424154,unknown,,review,unknown,
0x00424230,vc8_runtime,runtime,exclude_authored,observed,ledger-library
0x004242C0,vc8_runtime,runtime,exclude_authored,observed,ledger-library
0x00424350,authored_game,ui,include_authored,inferred,ledger-authored-module
0x00424470,authored_game,ui,include_authored,inferred,ledger-authored-module
0x004247D0,authored_game,ui,include_authored,inferred,ledger-authored-module
0x004247F0,authored_game,ui,include_authored,inferred,ledger-authored-module
0x00424840,authored_game,ui,include_authored,inferred,ledger-authored-module
0x00424860,authored_game,ui,include_authored,inferred,ledger-authored-module
0x00424A10,authored_game,ui,include_authored,inferred,ledger-authored-module
0x00424AB0,authored_game,ui,include_authored,inferred,ledger-authored-module
0x00424E60,authored_game,ui,include_authored,inferred,ledger-authored-module
0x00424F10,unknown,,review,unknown,
0x00425180,unknown,,review,unknown,
0x004251A0,unknown,,review,unknown,
0x004251B0,unknown,,review,unknown,
0x00425280,authored_game,network,include_authored,inferred,ledger-authored-module
0x004252A0,unknown,,review,unknown,
0x004253A0,authored_game,engine,include_authored,inferred,ledger-authored-module
0x004253C0,unknown,,review,unknown,
0x00425490,unknown,,review,unknown,
0x00425570,unknown,,review,unknown,
0x00425680,unknown,,review,unknown,
0x004256A0,unknown,,review,unknown,
0x004257E0,unknown,,review,unknown,
0x00425890,unknown,,review,unknown,
0x00425980,authored_game,ui,include_authored,inferred,ledger-authored-module
0x004259A0,unknown,,review,unknown,
0x00425A10,unknown,,review,unknown,
0x00425AF0,unknown,,review,unknown,
0x00425BD0,unknown,,review,unknown,
0x00425C80,unknown,,review,unknown,
0x00425CB0,authored_game,battle,include_authored,inferred,ledger-authored-module
0x00425CD0,authored_game,battle,include_authored,inferred,ledger-authored-module
0x00425F10,authored_game,battle,include_authored,inferred,ledger-authored-module
0x004262D0,unknown,,review,unknown,
0x00426320,unknown,,review,unknown,
0x004263A0,unknown,,review,unknown,
0x004263B0,authored_game,ui,include_authored,inferred,ledger-authored-module
0x004263D0,unknown,,review,unknown,
0x004263F0,unknown,,review,unknown,
0x00426410,authored_game,battle,include_authored,inferred,ledger-authored-module
0x00426440,authored_game,battle,include_authored,inferred,ledger-authored-module
0x004264B0,unknown,,review,unknown,
0x00426820,unknown,,review,unknown,
0x00426920,unknown,,review,unknown,
0x00426CE0,authored_game,ui,include_authored,inferred,ledger-authored-module
0x00426CF0,authored_game,ui,include_authored,inferred,ledger-authored-module
0x00426D60,authored_game,ui,include_authored,inferred,ledger-authored-module
0x00426D80,authored_game,ui,include_authored,inferred,ledger-authored-module
0x00426ED0,authored_game,ui,include_authored,inferred,ledger-authored-module
0x00427120,authored_game,ui,include_authored,inferred,ledger-authored-module
0x00427150,authored_game,battle,include_authored,inferred,ledger-authored-module
0x00427190,authored_game,battle,include_authored,inferred,ledger-authored-module
0x00427380,unknown,,review,unknown,
0x004275C0,vc8_runtime,runtime,exclude_authored,observed,ledger-library
0x004275E0,authored_game,battle,include_authored,inferred,ledger-authored-module
0x00427620,vc8_runtime,runtime,exclude_authored,observed,ledger-library
0x00427680,authored_game,battle,include_authored,inferred,ledger-authored-module
0x00427690,unknown,,review,unknown,
0x004276E0,unknown,,review,unknown,
0x004277A0,unknown,,review,unknown,
0x004277D0,unknown,,review,unknown,
0x00427800,unknown,,review,unknown,
0x00427840,unknown,,review,unknown,
0x00427860,unknown,,review,unknown,
0x004278C0,unknown,,review,unknown,
0x00427980,unknown,,review,unknown,
0x00427A50,authored_game,battle,include_authored,inferred,ledger-authored-module
0x00427AC0,authored_game,battle,include_authored,inferred,ledger-authored-module
0x00427BD0,authored_game,ui,include_authored,inferred,ledger-authored-module
0x00427C40,unknown,,review,unknown,
0x00427D00,unknown,,review,unknown,
0x00427DC0,unknown,,review,unknown,
0x00427DD0,unknown,,review,unknown,
0x00427FE0,unknown,,review,unknown,
0x00428170,unknown,,review,unknown,
0x004281E0,unknown,,review,unknown,
0x00428590,unknown,,review,unknown,
0x00428610,unknown,,review,unknown,
0x00428690,unknown,,review,unknown,
0x004286B0,unknown,,review,unknown,
0x004288A0,unknown,,review,unknown,
0x00428A80,unknown,,review,unknown,
0x00428B40,unknown,,review,unknown,
0x00428C80,unknown,,review,unknown,
0x004291B0,unknown,,review,unknown,
0x00429250,unknown,,review,unknown,
0x00429260,unknown,,review,unknown,
0x00429460,unknown,,review,unknown,
0x004295C0,unknown,,review,unknown,
0x00429640,unknown,runtime,review,unknown,
0x00429670,unknown,,review,unknown,
0x00429B90,vc8_runtime,runtime,exclude_authored,observed,ledger-library
0x00429C10,unknown,,review,unknown,
0x00429E88,unknown,,review,unknown,
0x0042A1CF,unknown,,review,unknown,
0x0042A330,unknown,runtime,review,unknown,
0x0042A370,authored_game,battle,include_authored,inferred,ledger-authored-module
0x0042A3F0,authored_game,battle,include_authored,inferred,ledger-authored-module
0x0042A560,authored_game,battle,include_authored,inferred,ledger-authored-module
0x0042A640,unknown,,review,unknown,
0x0042A750,unknown,,review,unknown,
0x0042A7B0,vc8_runtime,runtime,exclude_authored,observed,ledger-library
0x0042A8E0,vc8_runtime,runtime,exclude_authored,observed,ledger-library
0x0042A9CC,unknown,,review,unknown,
0x0042A9E0,unknown,runtime,review,unknown,
0x0042AA00,authored_game,battle,include_authored,inferred,ledger-authored-module
0x0042AAB0,authored_game,battle,include_authored,inferred,ledger-authored-module
0x0042ABF0,authored_game,battle,include_authored,inferred,ledger-authored-module
0x0042AD40,unknown,,review,unknown,
0x0042ADD0,authored_game,battle,include_authored,inferred,ledger-authored-module
0x0042AE50,unknown,runtime,review,unknown,
0x0042AEA0,unknown,runtime,review,unknown,
0x0042AEF0,unknown,runtime,review,unknown,
0x0042AF20,unknown,runtime,review,unknown,
0x0042AF89,unknown,,review,unknown,
0x0042AFD0,unknown,runtime,review,unknown,
0x0042B040,unknown,runtime,review,unknown,
0x0042B070,unknown,runtime,review,unknown,
0x0042B0DB,unknown,,review,unknown,
0x0042B120,vc8_runtime,runtime,exclude_authored,observed,ledger-library
0x0042B160,vc8_runtime,runtime,exclude_authored,observed,ledger-library
0x0042B1A0,vc8_runtime,runtime,exclude_authored,observed,ledger-library
0x0042B1D0,vc8_runtime,runtime,exclude_authored,observed,ledger-library
0x0042B39B,unknown,,review,unknown,
0x0042B445,unknown,,review,unknown,
0x0042B4F0,vc8_runtime,runtime,exclude_authored,observed,ledger-library
0x0042B5D0,authored_game,battle,include_authored,inferred,ledger-authored-module
0x0042B6C0,authored_game,battle,include_authored,inferred,ledger-authored-module
0x0042BA10,unknown,,review,unknown,
0x0042BA30,unknown,,review,unknown,
0x0042BA50,unknown,,review,unknown,
0x0042BA60,unknown,,review,unknown,
0x0042BA80,unknown,,review,unknown,
0x0042BAA0,unknown,,review,unknown,
0x0042BAC0,unknown,,review,unknown,
0x0042BAE0,unknown,,review,unknown,
0x0042BB30,unknown,,review,unknown,
0x0042BB50,unknown,,review,unknown,
0x0042BB70,unknown,,review,unknown,
0x0042BBD0,unknown,,review,unknown,
0x0042BC30,unknown,,review,unknown,
0x0042BC70,unknown,,review,unknown,
0x0042BCC0,unknown,,review,unknown,
0x0042BCE0,unknown,,review,unknown,
0x0042BD30,unknown,,review,unknown,
0x0042BDA0,unknown,,review,unknown,
0x0042BE30,unknown,,review,unknown,
0x0042BEA0,unknown,,review,unknown,
0x0042BF00,unknown,,review,unknown,
0x0042BF50,unknown,,review,unknown,
0x0042BF90,unknown,,review,unknown,
0x0042BFE0,unknown,,review,unknown,
0x0042C010,unknown,,review,unknown,
0x0042C060,authored_game,config,include_authored,inferred,ledger-authored-module
0x0042C100,authored_game,config,include_authored,inferred,ledger-authored-module
0x0042C1C0,unknown,,review,unknown,
0x0042C230,unknown,,review,unknown,
0x0042C270,authored_game,ui,include_authored,inferred,ledger-authored-module
0x0042C330,authored_game,ui,include_authored,inferred,ledger-authored-module
0x0042C400,unknown,,review,unknown,
0x0042C890,unknown,,review,unknown,
0x0042C900,unknown,,review,unknown,
0x0042C930,unknown,,review,unknown,
0x0042C9F0,unknown,,review,unknown,
0x0042CAB0,unknown,,review,unknown,
0x0042CC80,unknown,,review,unknown,
0x0042CD80,unknown,,review,unknown,
0x0042CDE0,unknown,,review,unknown,
0x0042CE90,unknown,,review,unknown,
0x0042CF30,unknown,,review,unknown,
0x0042D240,authored_game,battle,include_authored,inferred,ledger-authored-module
0x0042D2C0,unknown,,review,unknown,
0x0042D620,unknown,,review,unknown,
0x0042D680,unknown,,review,unknown,
0x0042D750,authored_game,ui,include_authored,inferred,ledger-authored-module
0x0042D7D0,authored_game,ui,include_authored,inferred,ledger-authored-module
0x0042D850,unknown,,review,unknown,
0x0042D860,unknown,,review,unknown,
0x0042DC40,unknown,,review,unknown,
0x0042E5C0,unknown,,review,unknown,
0x0042EC50,unknown,,review,unknown,
0x0042EC90,unknown,,review,unknown,
0x0042ECE0,unknown,,review,unknown,
0x0042EDB0,unknown,,review,unknown,
0x0042EE00,unknown,,review,unknown,
0x0042EE50,unknown,,review,unknown,
0x0042EE80,unknown,,review,unknown,
0x0042EEB0,unknown,,review,unknown,
0x0042EF20,unknown,,review,unknown,
0x0042EFE0,unknown,,review,unknown,
0x0042F130,unknown,,review,unknown,
0x0042F1B0,unknown,,review,unknown,
0x0042F230,unknown,,review,unknown,
0x0042F4D0,unknown,,review,unknown,
0x0042FE70,authored_game,ui,include_authored,inferred,ledger-authored-module
0x0042FE90,unknown,,review,unknown,
0x0042FED0,unknown,,review,unknown,
0x0042FEF0,unknown,,review,unknown,
0x0042FF20,authored_game,ui,include_authored,inferred,ledger-authored-module
0x004300F0,unknown,,review,unknown,
0x00430190,unknown,,review,unknown,
0x00430200,unknown,,review,unknown,
0x00430220,unknown,,review,unknown,
0x00430540,authored_game,ui,include_authored,inferred,ledger-authored-module
0x00430820,unknown,,review,unknown,
0x004308D0,unknown,,review,unknown,
0x00430900,unknown,,review,unknown,
0x00430AD0,unknown,,review,unknown,
0x00430C20,unknown,,review,unknown,
0x00430C30,authored_game,battle,include_authored,inferred,ledger-authored-module
0x00430C80,authored_game,battle,include_authored,inferred,ledger-authored-module
0x00430D90,authored_game,battle,include_authored,inferred,ledger-authored-module
0x00430DE0,authored_game,battle,include_authored,inferred,ledger-authored-module
0x00430E30,unknown,,review,unknown,
0x00430EA0,unknown,,review,unknown,
0x00430F70,authored_game,battle,include_authored,inferred,ledger-authored-module
0x00430FA0,authored_game,battle,include_authored,inferred,ledger-authored-module
0x00430FD0,unknown,,review,unknown,
0x00431040,unknown,,review,unknown,
0x00431190,unknown,,review,unknown,
0x004311B0,unknown,,review,unknown,
0x004311D0,unknown,,review,unknown,
0x00431240,unknown,,review,unknown,
0x00431380,unknown,,review,unknown,
0x004313D0,unknown,,review,unknown,
0x00431430,vc8_runtime,runtime,exclude_authored,observed,ledger-library
0x004314C0,unknown,,review,unknown,
0x00431550,unknown,,review,unknown,
0x00431590,authored_game,battle,include_authored,inferred,ledger-authored-module
0x004315D0,unknown,,review,unknown,
0x00431610,unknown,,review,unknown,
0x00431660,unknown,,review,unknown,
0x004316C0,vc8_runtime,runtime,exclude_authored,observed,ledger-library
0x00431730,authored_game,battle,include_authored,inferred,ledger-authored-module
0x004317A0,authored_game,battle,include_authored,inferred,ledger-authored-module
0x00431860,authored_game,battle,include_authored,inferred,ledger-authored-module
0x00431950,authored_game,battle,include_authored,inferred,ledger-authored-module
0x00431A10,unknown,,review,unknown,
0x00431C10,vc8_runtime,runtime,exclude_authored,observed,ledger-library
0x00431ED0,authored_game,battle,include_authored,inferred,ledger-authored-module
0x00431F90,unknown,,review,unknown,
0x00432021,unknown,,review,unknown,
0x00432040,authored_game,battle,include_authored,inferred,ledger-authored-module
0x00432110,unknown,,review,unknown,
0x00432310,vc8_runtime,runtime,exclude_authored,observed,ledger-library
0x004323D0,unknown,,review,unknown,
0x00432410,unknown,,review,unknown,
0x00432500,authored_game,battle,include_authored,inferred,ledger-authored-module
0x004325B0,authored_game,battle,include_authored,inferred,ledger-authored-module
0x00432D80,authored_game,battle,include_authored,inferred,ledger-authored-module
0x00432E20,authored_game,battle,include_authored,inferred,ledger-authored-module
0x00433490,authored_game,battle,include_authored,inferred,ledger-authored-module
0x00433540,unknown,,review,unknown,
0x00433690,unknown,,review,unknown,
0x004336E0,unknown,,review,unknown,
0x00433740,unknown,,review,unknown,
0x00433760,unknown,,review,unknown,
0x00433790,unknown,,review,unknown,
0x004337C0,unknown,,review,unknown,
0x00433860,authored_game,audio,include_authored,inferred,ledger-authored-module
0x00433890,unknown,,review,unknown,
0x004338C0,unknown,,review,unknown,
0x00433910,unknown,,review,unknown,
0x00433960,unknown,,review,unknown,
0x004339B0,unknown,,review,unknown,
0x00433B70,unknown,,review,unknown,
0x00433B90,authored_game,battle,include_authored,inferred,ledger-authored-module
0x00433BE0,authored_game,characters,include_authored,inferred,ledger-authored-module
0x00433C20,unknown,,review,unknown,
0x00433C40,authored_game,characters,include_authored,inferred,ledger-authored-module
0x00433C80,unknown,,review,unknown,
0x00433CA0,unknown,,review,unknown,
0x00433CC0,authored_game,battle,include_authored,inferred,ledger-authored-module
0x00433D00,unknown,,review,unknown,
0x00433DE0,unknown,,review,unknown,
0x00433FA0,unknown,,review,unknown,
0x00433FC0,unknown,,review,unknown,
0x004341C0,unknown,,review,unknown,
0x00434390,authored_game,battle,include_authored,inferred,ledger-authored-module
0x004343D0,authored_game,battle,include_authored,inferred,ledger-authored-module
0x00434450,authored_game,characters,include_authored,inferred,ledger-authored-module
0x00434470,authored_game,characters,include_authored,inferred,ledger-authored-module
0x00434480,unknown,,review,unknown,
0x004344D0,unknown,,review,unknown,
0x004344F0,unknown,,review,unknown,
0x00434510,unknown,,review,unknown,
0x00434570,unknown,,review,unknown,
0x00434590,unknown,,review,unknown,
0x004345B0,unknown,,review,unknown,
0x00434610,unknown,,review,unknown,
0x00434680,unknown,,review,unknown,
0x00434700,unknown,,review,unknown,
0x00434760,unknown,,review,unknown,
0x00434780,authored_game,battle,include_authored,inferred,ledger-authored-module
0x00434800,authored_game,battle,include_authored,inferred,ledger-authored-module
0x00434860,authored_game,battle,include_authored,inferred,ledger-authored-module
0x00434890,unknown,,review,unknown,
0x004348F0,unknown,,review,unknown,
0x00434930,unknown,,review,unknown,
0x004349C0,unknown,,review,unknown,
0x004349F0,unknown,,review,unknown,
0x00434A90,unknown,,review,unknown,
0x00434B00,unknown,,review,unknown,
0x00434C10,unknown,,review,unknown,
0x00434D20,unknown,,review,unknown,
0x00434E30,unknown,,review,unknown,
0x00434E50,unknown,,review,unknown,
0x00434E70,unknown,,review,unknown,
0x00434EE0,unknown,,review,unknown,
0x00434EF0,unknown,,review,unknown,
0x00434F10,unknown,,review,unknown,
0x00435110,unknown,,review,unknown,
0x004351D0,unknown,,review,unknown,
0x00435310,unknown,,review,unknown,
0x004353A0,unknown,,review,unknown,
0x00435430,unknown,,review,unknown,
0x00435790,unknown,,review,unknown,
0x004357E0,unknown,,review,unknown,
0x00435890,unknown,,review,unknown,
0x00435900,unknown,,review,unknown,
0x00435970,unknown,,review,unknown,
0x004359F0,unknown,,review,unknown,
0x00435A70,unknown,,review,unknown,
0x00435D50,unknown,,review,unknown,
0x00435DA0,unknown,,review,unknown,
0x00435E10,unknown,,review,unknown,
0x00435E80,unknown,,review,unknown,
0x00435EF0,unknown,,review,unknown,
0x00435FC0,unknown,,review,unknown,
0x00436070,unknown,,review,unknown,
0x00436080,unknown,,review,unknown,
0x00436250,unknown,,review,unknown,
0x00436270,unknown,,review,unknown,
0x004362D0,unknown,,review,unknown,
0x00436350,unknown,,review,unknown,
0x004363D0,unknown,,review,unknown,
0x004363F0,unknown,,review,unknown,
0x00436400,unknown,,review,unknown,
0x004364B0,unknown,,review,unknown,
0x004364C0,unknown,,review,unknown,
0x004364F0,unknown,,review,unknown,
0x004366C0,unknown,,review,unknown,
0x00436790,unknown,,review,unknown,
0x004367B0,unknown,,review,unknown,
0x00436810,unknown,,review,unknown,
0x00436820,unknown,,review,unknown,
0x004368A0,unknown,,review,unknown,
0x00436920,unknown,,review,unknown,
0x00436940,unknown,,review,unknown,
0x00436A10,unknown,,review,unknown,
0x00436AE0,unknown,,review,unknown,
0x004374C0,unknown,,review,unknown,
0x00437590,unknown,,review,unknown,
0x004375B0,unknown,,review,unknown,
0x004375D0,unknown,,review,unknown,
0x004375F0,unknown,,review,unknown,
0x00437610,unknown,,review,unknown,
0x00437650,unknown,,review,unknown,
0x00437690,unknown,,review,unknown,
0x00437830,unknown,,review,unknown,
0x004378E0,unknown,,review,unknown,
0x00437940,unknown,,review,unknown,
0x004379A0,unknown,,review,unknown,
0x00437A10,unknown,,review,unknown,
0x00437AB0,unknown,,review,unknown,
0x00437B70,unknown,,review,unknown,
0x00437D50,unknown,,review,unknown,
0x00437E00,unknown,,review,unknown,
0x00437E20,unknown,,review,unknown,
0x00437EE0,unknown,,review,unknown,
0x00437F90,unknown,,review,unknown,
0x00437FC0,unknown,,review,unknown,
0x004380A0,unknown,,review,unknown,
0x00438100,unknown,,review,unknown,
0x00438190,unknown,,review,unknown,
0x004381A0,authored_game,ui,include_authored,inferred,ledger-authored-module
0x004381B0,unknown,,review,unknown,
0x00438260,unknown,,review,unknown,
0x00438310,unknown,,review,unknown,
0x004383D0,authored_game,ui,include_authored,inferred,ledger-authored-module
0x00438470,unknown,,review,unknown,
0x004384D0,unknown,,review,unknown,
0x00438560,unknown,,review,unknown,
0x004385F0,unknown,,review,unknown,
0x00438610,authored_game,ui,include_authored,inferred,ledger-authored-module
0x00438680,authored_game,ui,include_authored,inferred,ledger-authored-module
0x004386C0,unknown,,review,unknown,
0x004386E0,unknown,,review,unknown,
0x00438780,unknown,,review,unknown,
0x00438870,unknown,,review,unknown,
0x004389D0,unknown,,review,unknown,
0x00438B30,unknown,,review,unknown,
0x00438BA0,authored_game,ui,include_authored,inferred,ledger-authored-module
0x00438C20,authored_game,ui,include_authored,inferred,ledger-authored-module
0x00438D00,unknown,,review,unknown,
0x00438DB0,unknown,,review,unknown,
0x004391F0,unknown,,review,unknown,
0x00439640,unknown,,review,unknown,
0x00439650,unknown,,review,unknown,
0x00439660,unknown,,review,unknown,
0x00439670,unknown,,review,unknown,
0x004396F0,unknown,,review,unknown,
0x004397B0,authored_game,battle,include_authored,inferred,ledger-authored-module
0x004397C0,unknown,,review,unknown,
0x004397F0,authored_game,input,include_authored,inferred,ledger-authored-module
0x00439810,authored_game,input,include_authored,inferred,ledger-authored-module
0x00439830,unknown,,review,unknown,
0x00439860,authored_game,battle,include_authored,inferred,ledger-authored-module
0x00439870,authored_game,battle,include_authored,inferred,ledger-authored-module
0x00439880,unknown,,review,unknown,
0x00439AB0,authored_game,ui,include_authored,inferred,ledger-authored-module
0x00439B30,authored_game,config,include_authored,inferred,ledger-authored-module
0x00439B40,authored_game,config,include_authored,inferred,ledger-authored-module
0x00439B50,authored_game,ui,include_authored,inferred,ledger-authored-module
0x00439C00,authored_game,input,include_authored,inferred,ledger-authored-module
0x00439C10,authored_game,input,include_authored,inferred,ledger-authored-module
0x00439C30,authored_game,input,include_authored,inferred,ledger-authored-module
0x00439C40,authored_game,input,include_authored,inferred,ledger-authored-module
0x00439C50,authored_game,input,include_authored,inferred,ledger-authored-module
0x00439C60,authored_game,input,include_authored,inferred,ledger-authored-module
0x00439C70,unknown,,review,unknown,
0x00439C80,authored_game,input,include_authored,inferred,ledger-authored-module
0x00439C90,authored_game,input,include_authored,inferred,ledger-authored-module
0x00439CA0,authored_game,input,include_authored,inferred,ledger-authored-module
0x00439CB0,authored_game,network,include_authored,inferred,ledger-authored-module
0x00439CC0,authored_game,network,include_authored,inferred,ledger-authored-module
0x00439D10,authored_game,ui,include_authored,inferred,ledger-authored-module
0x00439D20,authored_game,ui,include_authored,inferred,ledger-authored-module
0x00439D30,authored_game,ui,include_authored,inferred,ledger-authored-module
0x00439D40,unknown,,review,unknown,
0x00439D60,authored_game,ui,include_authored,inferred,ledger-authored-module
0x00439D90,unknown,,review,unknown,
0x00439DC0,authored_game,battle,include_authored,inferred,ledger-authored-module
0x00439DE0,unknown,,review,unknown,
0x00439E10,unknown,,review,unknown,
0x00439E60,unknown,,review,unknown,
0x00439EA0,unknown,,review,unknown,
0x00439EE0,unknown,,review,unknown,
0x00439F00,unknown,,review,unknown,
0x00439F20,unknown,,review,unknown,
0x00439F60,unknown,,review,unknown,
0x00439FC0,unknown,,review,unknown,
0x0043A050,unknown,,review,unknown,
0x0043A1F0,authored_game,input,include_authored,inferred,ledger-authored-module
0x0043A290,authored_game,ui,include_authored,inferred,ledger-authored-module
0x0043A2B0,unknown,,review,unknown,
0x0043A300,unknown,,review,unknown,
0x0043A360,unknown,,review,unknown,
0x0043A3D0,unknown,,review,unknown,
0x0043A440,unknown,,review,unknown,
0x0043A4B0,authored_game,battle,include_authored,inferred,ledger-authored-module
0x0043A560,authored_game,ui,include_authored,inferred,ledger-authored-module
0x0043A680,unknown,,review,unknown,
0x0043A760,unknown,,review,unknown,
0x0043A800,unknown,,review,unknown,
0x0043A830,unknown,,review,unknown,
0x0043A870,unknown,,review,unknown,
0x0043A8D0,unknown,,review,unknown,
0x0043A930,unknown,,review,unknown,
0x0043A9B0,unknown,,review,unknown,
0x0043AA10,unknown,,review,unknown,
0x0043AA80,unknown,,review,unknown,
0x0043AA90,unknown,,review,unknown,
0x0043AAB0,unknown,,review,unknown,
0x0043AAE0,unknown,,review,unknown,
0x0043AB50,unknown,,review,unknown,
0x0043AB80,unknown,,review,unknown,
0x0043ABE0,authored_game,battle,include_authored,inferred,ledger-authored-module
0x0043AC30,authored_game,battle,include_authored,inferred,ledger-authored-module
0x0043AD10,authored_game,battle,include_authored,inferred,ledger-authored-module
0x0043AD60,authored_game,audio,include_authored,inferred,ledger-authored-module
0x0043ADB0,unknown,,review,unknown,
0x0043AE00,unknown,,review,unknown,
0x0043AEE0,unknown,,review,unknown,
0x0043AF30,unknown,,review,unknown,
0x0043AFA0,unknown,,review,unknown,
0x0043AFE0,unknown,,review,unknown,
0x0043B000,unknown,,review,unknown,
0x0043B060,unknown,,review,unknown,
0x0043B090,unknown,,review,unknown,
0x0043B1A0,unknown,,review,unknown,
0x0043B250,unknown,,review,unknown,
0x0043B270,unknown,,review,unknown,
0x0043B2E0,unknown,,review,unknown,
0x0043B2F0,unknown,,review,unknown,
0x0043B300,unknown,,review,unknown,
0x0043B310,unknown,,review,unknown,
0x0043B320,unknown,,review,unknown,
0x0043B360,unknown,,review,unknown,
0x0043B3D0,unknown,,review,unknown,
0x0043B3F0,unknown,,review,unknown,
0x0043B460,unknown,,review,unknown,
0x0043B470,unknown,,review,unknown,
0x0043B480,unknown,,review,unknown,
0x0043B490,unknown,,review,unknown,
0x0043B500,unknown,,review,unknown,
0x0043B520,authored_game,ui,include_authored,inferred,ledger-authored-module
0x0043B550,unknown,,review,unknown,
0x0043B5D0,unknown,,review,unknown,
0x0043B650,unknown,,review,unknown,
0x0043B6D0,authored_game,audio,include_authored,inferred,ledger-authored-module
0x0043B780,unknown,,review,unknown,
0x0043B850,unknown,,review,unknown,
0x0043B8CD,unknown,,review,unknown,
0x0043B8F0,unknown,,review,unknown,
0x0043BAED,unknown,,review,unknown,
0x0043BB97,unknown,,review,unknown,
0x0043BC20,unknown,,review,unknown,
0x0043BD30,unknown,,review,unknown,
0x0043BF30,unknown,,review,unknown,
0x0043C220,unknown,,review,unknown,
0x0043C2C0,unknown,,review,unknown,
0x0043C380,unknown,,review,unknown,
0x0043C480,unknown,,review,unknown,
0x0043C4C0,unknown,,review,unknown,
0x0043C650,unknown,,review,unknown,
0x0043C680,unknown,,review,unknown,
0x0043C750,unknown,,review,unknown,
0x0043C890,unknown,,review,unknown,
0x0043D720,unknown,,review,unknown,
0x0043D760,unknown,,review,unknown,
0x0043D810,unknown,,review,unknown,
0x0043D8E0,authored_game,ui,include_authored,inferred,ledger-authored-module
0x0043D940,authored_game,ui,include_authored,inferred,ledger-authored-module
0x0043DA00,authored_game,ui,include_authored,inferred,ledger-authored-module
0x0043DA70,authored_game,ui,include_authored,inferred,ledger-authored-module
0x0043DAF0,authored_game,ui,include_authored,inferred,ledger-authored-module
0x0043DB10,authored_game,ui,include_authored,inferred,ledger-authored-module
0x0043DB80,authored_game,ui,include_authored,inferred,ledger-authored-module
0x0043DBF0,authored_game,ui,include_authored,inferred,ledger-authored-module
0x0043DC90,authored_game,ui,include_authored,inferred,ledger-authored-module
0x0043DDC0,unknown,,review,unknown,
0x0043DE20,authored_game,ui,include_authored,inferred,ledger-authored-module
0x0043DE80,unknown,,review,unknown,
0x0043DEB0,unknown,,review,unknown,
0x0043DF20,authored_game,ui,include_authored,inferred,ledger-authored-module
0x0043DF80,authored_game,ui,include_authored,inferred,ledger-authored-module
0x0043DFC0,authored_game,ui,include_authored,inferred,ledger-authored-module
0x0043E0A0,unknown,,review,unknown,
0x0043E110,unknown,,review,unknown,
0x0043E1A0,authored_game,ui,include_authored,inferred,ledger-authored-module
0x0043E1F0,unknown,,review,unknown,
0x0043E220,unknown,,review,unknown,
0x0043E4C0,unknown,,review,unknown,
0x0043E530,unknown,,review,unknown,
0x0043E590,unknown,,review,unknown,
0x0043E650,unknown,,review,unknown,
0x0043E6F0,unknown,,review,unknown,
0x0043E72A,unknown,,review,unknown,
0x0043E860,unknown,,review,unknown,
0x0043E8F0,authored_game,ui,include_authored,inferred,ledger-authored-module
0x0043E9D0,unknown,,review,unknown,
0x0043EBD0,authored_game,ui,include_authored,inferred,ledger-authored-module
0x0043EC10,unknown,,review,unknown,
0x0043EC30,unknown,,review,unknown,
0x0043EC60,unknown,,review,unknown,
0x0043ECC0,unknown,,review,unknown,
0x0043F030,authored_game,ui,include_authored,inferred,ledger-authored-module
0x0043F350,unknown,,review,unknown,
0x0043F3E0,unknown,,review,unknown,
0x0043F400,unknown,,review,unknown,
0x0043F4D0,unknown,,review,unknown,
0x0043F690,unknown,,review,unknown,
0x0043F940,unknown,,review,unknown,
0x0043FA00,unknown,,review,unknown,
0x0043FD70,unknown,,review,unknown,
0x0043FD90,unknown,,review,unknown,
0x0043FDB0,unknown,,review,unknown,
0x004400B0,unknown,,review,unknown,
0x004402F0,unknown,,review,unknown,
0x00440670,unknown,,review,unknown,
0x00440690,unknown,,review,unknown,
0x004406B0,unknown,,review,unknown,
0x004406F0,unknown,,review,unknown,
0x00440730,unknown,,review,unknown,
0x00440770,unknown,,review,unknown,
0x004407A0,unknown,,review,unknown,
0x00440800,unknown,,review,unknown,
0x00440810,unknown,,review,unknown,
0x004408B0,unknown,,review,unknown,
0x00440960,unknown,,review,unknown,
0x00440990,unknown,,review,unknown,
0x004409A0,unknown,,review,unknown,
0x004409B0,unknown,,review,unknown,
0x00440A10,unknown,,review,unknown,
0x00440AB0,unknown,,review,unknown,
0x00440BF0,unknown,,review,unknown,
0x00440C70,unknown,,review,unknown,
0x00440DC0,unknown,,review,unknown,
0x00440EE0,unknown,,review,unknown,
0x00440F90,unknown,,review,unknown,
0x004410E0,unknown,,review,unknown,
0x004411C0,unknown,,review,unknown,
0x00441310,unknown,,review,unknown,
0x00441420,unknown,,review,unknown,
0x00441470,unknown,,review,unknown,
0x00441510,unknown,,review,unknown,
0x00441570,unknown,,review,unknown,
0x004418E0,unknown,,review,unknown,
0x00441BB0,unknown,,review,unknown,
0x00441BE0,unknown,,review,unknown,
0x00441E10,unknown,,review,unknown,
0x00441E50,unknown,,review,unknown,
0x00441EC0,unknown,,review,unknown,
0x00441F00,unknown,,review,unknown,
0x00441FD0,unknown,,review,unknown,
0x00442110,unknown,,review,unknown,
0x00442440,unknown,,review,unknown,
0x00442550,unknown,,review,unknown,
0x00442830,unknown,,review,unknown,
0x00442850,unknown,,review,unknown,
0x00442B50,unknown,,review,unknown,
0x00442BF0,unknown,,review,unknown,
0x00442F40,unknown,,review,unknown,
0x00443020,unknown,,review,unknown,
0x00443210,unknown,,review,unknown,
0x00443230,authored_game,battle,include_authored,inferred,ledger-authored-module
0x004432D0,unknown,,review,unknown,
0x00443350,unknown,,review,unknown,
0x00443370,unknown,,review,unknown,
0x00443490,unknown,,review,unknown,
0x004434B0,authored_game,battle,include_authored,inferred,ledger-authored-module
0x00443550,unknown,,review,unknown,
0x004435D0,unknown,,review,unknown,
0x004435F0,unknown,,review,unknown,
0x00443710,unknown,,review,unknown,
0x004438D0,unknown,,review,unknown,
0x00443900,unknown,,review,unknown,
0x00443950,unknown,,review,unknown,
0x00443980,unknown,,review,unknown,
0x004439C0,unknown,,review,unknown,
0x00443A80,unknown,,review,unknown,
0x00443BC0,unknown,,review,unknown,
0x00443BE0,unknown,,review,unknown,
0x00443F50,unknown,,review,unknown,
0x00444030,unknown,,review,unknown,
0x00444140,unknown,,review,unknown,
0x004442C0,unknown,,review,unknown,
0x00444300,unknown,,review,unknown,
0x00444640,unknown,,review,unknown,
0x00444700,unknown,,review,unknown,
0x004447E0,unknown,,review,unknown,
0x004447F0,unknown,,review,unknown,
0x00444910,unknown,,review,unknown,
0x00444E30,unknown,,review,unknown,
0x00444EC0,unknown,,review,unknown,
0x00444F80,unknown,,review,unknown,
0x004450E0,unknown,,review,unknown,
0x00445100,authored_game,ui,include_authored,inferred,ledger-authored-module
0x00445210,authored_game,ui,include_authored,inferred,ledger-authored-module
0x00445370,unknown,,review,unknown,
0x00445380,unknown,,review,unknown,
0x004454E0,vc8_runtime,runtime,exclude_authored,observed,ledger-library
0x00445560,authored_game,ui,include_authored,inferred,ledger-authored-module
0x004455E0,authored_game,ui,include_authored,inferred,ledger-authored-module
0x00445620,authored_game,ui,include_authored,inferred,ledger-authored-module
0x00445890,authored_game,ui,include_authored,inferred,ledger-authored-module
0x004458E0,authored_game,ui,include_authored,inferred,ledger-authored-module
0x00445910,authored_game,ui,include_authored,inferred,ledger-authored-module
0x00445A10,authored_game,ui,include_authored,inferred,ledger-authored-module
0x00445C10,authored_game,ui,include_authored,inferred,ledger-authored-module
0x00445C30,authored_game,ui,include_authored,inferred,ledger-authored-module
0x004460A0,authored_game,ui,include_authored,inferred,ledger-authored-module
0x00446360,authored_game,ui,include_authored,inferred,ledger-authored-module
0x004463E0,authored_game,ui,include_authored,inferred,ledger-authored-module
0x00446580,authored_game,ui,include_authored,inferred,ledger-authored-module
0x004465D0,authored_game,ui,include_authored,inferred,ledger-authored-module
0x00446660,authored_game,ui,include_authored,inferred,ledger-authored-module
0x00446780,authored_game,ui,include_authored,inferred,ledger-authored-module
0x004467A0,unknown,,review,unknown,
0x00446870,unknown,,review,unknown,
0x00446930,unknown,,review,unknown,
0x00446AB0,unknown,,review,unknown,
0x00446B60,authored_game,ui,include_authored,inferred,ledger-authored-module
0x00446DA0,unknown,,review,unknown,
0x00446DC0,unknown,,review,unknown,
0x00446E20,unknown,,review,unknown,
0x00446EB0,unknown,,review,unknown,
0x00446F20,unknown,,review,unknown,
0x00446F30,unknown,,review,unknown,
0x00446F40,unknown,,review,unknown,
0x00447100,unknown,,review,unknown,
0x00447140,unknown,,review,unknown,
0x00447180,unknown,,review,unknown,
0x004471C0,unknown,,review,unknown,
0x00447230,unknown,,review,unknown,
0x004473A0,unknown,,review,unknown,
0x00447D80,unknown,,review,unknown,
0x00448040,unknown,,review,unknown,
0x00448240,unknown,,review,unknown,
0x00448310,unknown,,review,unknown,
0x004483D0,unknown,,review,unknown,
0x00448530,unknown,,review,unknown,
0x004486C0,unknown,,review,unknown,
0x00448740,unknown,,review,unknown,
0x00448780,unknown,,review,unknown,
0x00448820,unknown,,review,unknown,
0x00448DA0,unknown,,review,unknown,
0x004492E0,unknown,,review,unknown,
0x00449450,unknown,,review,unknown,
0x00449CB0,unknown,,review,unknown,
0x00449CD0,unknown,,review,unknown,
0x00449ED0,unknown,,review,unknown,
0x0044A1F0,unknown,,review,unknown,
0x0044A360,unknown,,review,unknown,
0x0044A420,authored_game,ui,include_authored,inferred,ledger-authored-module
0x0044A660,unknown,,review,unknown,
0x0044A680,authored_game,ui,include_authored,inferred,ledger-authored-module
0x0044A7A0,authored_game,ui,include_authored,inferred,ledger-authored-module
0x0044A880,authored_game,ui,include_authored,inferred,ledger-authored-module
0x0044A970,authored_game,ui,include_authored,inferred,ledger-authored-module
0x0044AA70,authored_game,ui,include_authored,inferred,ledger-authored-module
0x0044AAA0,unknown,,review,unknown,
0x0044AD10,unknown,,review,unknown,
0x0044B0A0,unknown,,review,unknown,
0x0044B1F0,authored_game,ui,include_authored,inferred,ledger-authored-module
0x0044B410,authored_game,ui,include_authored,inferred,ledger-authored-module
0x0044B770,authored_game,ui,include_authored,inferred,ledger-authored-module
0x0044B900,authored_game,ui,include_authored,inferred,ledger-authored-module
0x0044BBD0,authored_game,ui,include_authored,inferred,ledger-authored-module
0x0044BCD0,authored_game,ui,include_authored,inferred,ledger-authored-module
0x0044BE80,authored_game,ui,include_authored,inferred,ledger-authored-module
0x0044C070,authored_game,ui,include_authored,inferred,ledger-authored-module
0x0044C090,unknown,,review,unknown,
0x0044C100,unknown,,review,unknown,
0x0044C130,unknown,,review,unknown,
0x0044C150,unknown,,review,unknown,
0x0044C180,unknown,,review,unknown,
0x0044C1C0,unknown,,review,unknown,
0x0044C1E0,unknown,,review,unknown,
0x0044C200,unknown,,review,unknown,
0x0044C270,unknown,,review,unknown,
0x0044C2A0,unknown,,review,unknown,
0x0044C310,unknown,,review,unknown,
0x0044C430,unknown,,review,unknown,
0x0044C440,unknown,,review,unknown,
0x0044C470,unknown,,review,unknown,
0x0044C490,unknown,,review,unknown,
0x0044C630,unknown,,review,unknown,
0x0044C8A0,unknown,,review,unknown,
0x0044C9D0,unknown,,review,unknown,
0x0044CA20,unknown,,review,unknown,
0x0044CAE0,unknown,,review,unknown,
0x0044CB90,unknown,,review,unknown,
0x0044CC40,unknown,,review,unknown,
0x0044CDE0,unknown,,review,unknown,
0x0044D020,unknown,,review,unknown,
0x0044D050,unknown,,review,unknown,
0x0044D0A0,unknown,,review,unknown,
0x0044D0B0,unknown,,review,unknown,
0x0044D0D0,unknown,,review,unknown,
0x0044D140,unknown,,review,unknown,
0x0044D160,unknown,,review,unknown,
0x0044D170,unknown,,review,unknown,
0x0044D1D0,unknown,,review,unknown,
0x0044D1E0,unknown,,review,unknown,
0x0044D200,unknown,,review,unknown,
0x0044D210,unknown,,review,unknown,
0x0044D270,unknown,,review,unknown,
0x0044D320,unknown,,review,unknown,
0x0044D360,unknown,,review,unknown,
0x0044D3B0,unknown,,review,unknown,
0x0044D400,unknown,,review,unknown,
0x0044D450,unknown,,review,unknown,
0x0044D690,unknown,,review,unknown,
0x0044D730,unknown,,review,unknown,
0x0044D800,unknown,,review,unknown,
0x0044DA70,unknown,,review,unknown,
0x0044DB80,unknown,,review,unknown,
0x0044DD10,unknown,,review,unknown,
0x0044DE60,unknown,,review,unknown,
0x0044DEA0,unknown,,review,unknown,
0x0044DED0,unknown,,review,unknown,
0x0044DF80,unknown,,review,unknown,
0x0044E0B0,unknown,,review,unknown,
0x0044E160,unknown,,review,unknown,
0x0044E1B0,unknown,,review,unknown,
0x0044E260,unknown,,review,unknown,
0x0044E2B0,unknown,,review,unknown,
0x0044E320,unknown,,review,unknown,
0x0044E4C0,unknown,,review,unknown,
0x0044E700,unknown,,review,unknown,
0x0044E7B0,unknown,,review,unknown,
0x0044E910,unknown,,review,unknown,
0x0044E960,unknown,,review,unknown,
0x0044EA80,unknown,,review,unknown,
0x0044EB10,unknown,,review,unknown,
0x0044EBF0,unknown,,review,unknown,
0x0044EC50,unknown,,review,unknown,
0x0044ECF0,unknown,,review,unknown,
0x0044ED40,unknown,,review,unknown,
0x0044EDE0,unknown,,review,unknown,
0x0044EE80,unknown,,review,unknown,
0x0044EEA0,unknown,,review,unknown,
0x0044EED0,unknown,,review,unknown,
0x0044EF60,unknown,,review,unknown,
0x0044EFA0,unknown,,review,unknown,
0x0044F000,unknown,,review,unknown,
0x0044F080,unknown,,review,unknown,
0x0044F0B0,unknown,,review,unknown,
0x0044F0E0,unknown,,review,unknown,
0x0044F110,unknown,,review,unknown,
0x0044F140,unknown,,review,unknown,
0x0044F170,unknown,,review,unknown,
0x0044F1D0,unknown,,review,unknown,
0x0044F360,unknown,,review,unknown,
0x0044F390,unknown,,review,unknown,
0x0044F3F0,unknown,,review,unknown,
0x0044F4A0,unknown,,review,unknown,
0x0044F550,unknown,,review,unknown,
0x0044F5B0,unknown,,review,unknown,
0x0044F5F0,unknown,,review,unknown,
0x0044F630,unknown,,review,unknown,
0x0044F670,unknown,,review,unknown,
0x0044F730,unknown,,review,unknown,
0x0044F7F0,unknown,,review,unknown,
0x0044F860,unknown,,review,unknown,
0x0044F980,unknown,,review,unknown,
0x0044FA20,unknown,,review,unknown,
0x0044FAA0,unknown,,review,unknown,
0x0044FB20,unknown,,review,unknown,
0x0044FBC0,unknown,,review,unknown,
0x0044FDC0,unknown,,review,unknown,
0x00450110,unknown,,review,unknown,
0x00450170,unknown,,review,unknown,
0x00450240,unknown,,review,unknown,
0x004503A0,unknown,,review,unknown,
0x00450410,unknown,,review,unknown,
0x0045048D,unknown,,review,unknown,
0x004504B0,unknown,,review,unknown,
0x00450530,unknown,,review,unknown,
0x00450590,unknown,,review,unknown,
0x004505F0,unknown,,review,unknown,
0x004507F0,unknown,,review,unknown,
0x00450A68,unknown,,review,unknown,
0x00450DAF,unknown,,review,unknown,
0x00450F10,unknown,,review,unknown,
0x004511B1,unknown,,review,unknown,
0x004514D7,unknown,,review,unknown,
0x00451630,unknown,,review,unknown,
0x00451760,unknown,,review,unknown,
0x004517C0,unknown,,review,unknown,
0x00451820,unknown,,review,unknown,
0x00451890,unknown,,review,unknown,
0x00451A20,unknown,,review,unknown,
0x00451BB0,unknown,,review,unknown,
0x00451D40,unknown,,review,unknown,
0x00451ED0,unknown,,review,unknown,
0x00452060,unknown,,review,unknown,
0x004521F0,unknown,,review,unknown,
0x00452380,unknown,,review,unknown,
0x0045246C,unknown,,review,unknown,
0x00452480,unknown,,review,unknown,
0x0045256C,unknown,,review,unknown,
0x00452580,unknown,,review,unknown,
0x00452860,unknown,,review,unknown,
0x00452970,unknown,,review,unknown,
0x004529D0,unknown,,review,unknown,
0x00452A4F,unknown,,review,unknown,
0x00452A70,unknown,,review,unknown,
0x00452AB0,unknown,,review,unknown,
0x00453140,unknown,,review,unknown,
0x00453190,unknown,,review,unknown,
0x004531A0,authored_game,battle,include_authored,inferred,ledger-authored-module
0x00453200,unknown,,review,unknown,
0x00453250,unknown,,review,unknown,
0x00453310,unknown,,review,unknown,
0x004533A0,unknown,,review,unknown,
0x00453410,unknown,,review,unknown,
0x004535B0,unknown,,review,unknown,
0x00453630,unknown,,review,unknown,
0x00453760,unknown,,review,unknown,
0x00453810,unknown,,review,unknown,
0x00453880,unknown,,review,unknown,
0x004538D0,unknown,,review,unknown,
0x00453910,unknown,,review,unknown,
0x00453980,unknown,,review,unknown,
0x004539A0,unknown,,review,unknown,
0x00453A00,unknown,,review,unknown,
0x00453AA0,unknown,,review,unknown,
0x00453B20,unknown,,review,unknown,
0x00453B40,unknown,,review,unknown,
0x00453B70,authored_game,battle,include_authored,inferred,ledger-authored-module
0x00453BF0,unknown,,review,unknown,
0x00453C10,unknown,,review,unknown,
0x00453C50,unknown,,review,unknown,
0x00453C80,unknown,,review,unknown,
0x00453D20,unknown,,review,unknown,
0x00453D70,unknown,,review,unknown,
0x00453DD0,unknown,,review,unknown,
0x00453E30,unknown,,review,unknown,
0x00453F50,unknown,,review,unknown,
0x00453FC0,unknown,,review,unknown,
0x00454000,unknown,,review,unknown,
0x00454050,unknown,,review,unknown,
0x00454090,unknown,,review,unknown,
0x004540D0,unknown,,review,unknown,
0x00454110,unknown,,review,unknown,
0x00454150,unknown,,review,unknown,
0x00454190,unknown,,review,unknown,
0x004541B0,unknown,,review,unknown,
0x004541F0,unknown,,review,unknown,
0x004543A0,unknown,,review,unknown,
0x00454420,unknown,,review,unknown,
0x00454580,unknown,,review,unknown,
0x004545F0,unknown,,review,unknown,
0x00454670,unknown,,review,unknown,
0x00454770,unknown,,review,unknown,
0x004547F0,unknown,,review,unknown,
0x00454890,vc8_runtime,runtime,exclude_authored,observed,ledger-library
0x00454930,unknown,,review,unknown,
0x00454B30,unknown,,review,unknown,
0x00454BD0,unknown,,review,unknown,
0x00454C50,unknown,,review,unknown,
0x00454D00,unknown,,review,unknown,
0x00454DA0,unknown,,review,unknown,
0x00454E30,unknown,,review,unknown,
0x00454EE0,unknown,,review,unknown,
0x00454F72,unknown,,review,unknown,
0x00454F90,unknown,,review,unknown,
0x004551A0,unknown,,review,unknown,
0x004553D0,unknown,,review,unknown,
0x00455460,unknown,,review,unknown,
0x004555A0,unknown,,review,unknown,
0x004557A0,unknown,,review,unknown,
0x00455870,unknown,,review,unknown,
0x004558E0,unknown,,review,unknown,
0x00455B40,unknown,,review,unknown,
0x00455BA0,unknown,,review,unknown,
0x00455D30,unknown,,review,unknown,
0x00455EC0,unknown,,review,unknown,
0x00456050,unknown,,review,unknown,
0x004561E0,unknown,,review,unknown,
0x00456370,unknown,,review,unknown,
0x00456500,unknown,,review,unknown,
0x00456690,unknown,,review,unknown,
0x00456820,unknown,,review,unknown,
0x00456870,authored_game,battle,include_authored,inferred,ledger-authored-module
0x004569C0,unknown,,review,unknown,
0x00456D70,unknown,,review,unknown,
0x00456DF0,unknown,,review,unknown,
0x00456E10,unknown,,review,unknown,
0x00456E70,unknown,,review,unknown,
0x004586C0,unknown,,review,unknown,
0x00458CC0,authored_game,battle,include_authored,inferred,ledger-authored-module
0x00458CD0,authored_game,battle,include_authored,inferred,ledger-authored-module
0x00458CE0,unknown,,review,unknown,
0x00458D10,authored_game,battle,include_authored,inferred,ledger-authored-module
0x00458D90,authored_game,battle,include_authored,inferred,ledger-authored-module
0x00458DD0,unknown,,review,unknown,
0x00458E80,authored_game,battle,include_authored,inferred,ledger-authored-module
0x00458F10,authored_game,battle,include_authored,inferred,ledger-authored-module
0x00459050,unknown,,review,unknown,
0x004590FA,unknown,,review,unknown,
0x00459170,authored_game,battle,include_authored,inferred,ledger-authored-module
0x004591D0,authored_game,battle,include_authored,inferred,ledger-authored-module
0x004593F0,unknown,,review,unknown,
0x00459400,unknown,,review,unknown,
0x00459410,unknown,,review,unknown,
0x00459430,unknown,,review,unknown,
0x00459580,unknown,,review,unknown,
0x004595C0,unknown,,review,unknown,
0x00459630,unknown,,review,unknown,
0x00459660,unknown,,review,unknown,
0x00459680,unknown,,review,unknown,
0x004596D0,unknown,,review,unknown,
0x00459770,unknown,,review,unknown,
0x00459860,authored_game,battle,include_authored,inferred,ledger-authored-module
0x00459970,authored_game,characters,include_authored,inferred,ledger-authored-module
0x00459990,unknown,,review,unknown,
0x00459B20,authored_game,battle,include_authored,inferred,ledger-authored-module
0x00459C80,authored_game,characters,include_authored,inferred,ledger-authored-module
0x00459C90,authored_game,battle,include_authored,inferred,ledger-authored-module
0x00459D30,authored_game,battle,include_authored,inferred,ledger-authored-module
0x00459E50,authored_game,battle,include_authored,inferred,ledger-authored-module
0x00459ED0,authored_game,battle,include_authored,inferred,ledger-authored-module
0x0045A030,authored_game,battle,include_authored,inferred,ledger-authored-module
0x0045A190,authored_game,battle,include_authored,inferred,ledger-authored-module
0x0045A2E0,authored_game,battle,include_authored,inferred,ledger-authored-module
0x0045A4A0,authored_game,battle,include_authored,inferred,ledger-authored-module
0x0045AA10,authored_game,battle,include_authored,inferred,ledger-authored-module
0x0045AA30,authored_game,battle,include_authored,inferred,ledger-authored-module
0x0045AA60,authored_game,battle,include_authored,inferred,ledger-authored-module
0x0045AA90,authored_game,battle,include_authored,inferred,ledger-authored-module
0x0045AAC0,authored_game,battle,include_authored,inferred,ledger-authored-module
0x0045AAE0,authored_game,battle,include_authored,inferred,ledger-authored-module
0x0045AB10,authored_game,battle,include_authored,inferred,ledger-authored-module
0x0045AB40,unknown,,review,unknown,
0x0045ABB0,unknown,,review,unknown,
0x0045ABD0,unknown,,review,unknown,
0x0045AC20,unknown,,review,unknown,
0x0045AC50,unknown,,review,unknown,
0x0045ACE0,unknown,,review,unknown,
0x0045AD50,unknown,,review,unknown,
0x0045AE20,unknown,,review,unknown,
0x0045AEC0,authored_game,battle,include_authored,inferred,ledger-authored-module
0x0045B730,unknown,,review,unknown,
0x0045B870,authored_game,battle,include_authored,inferred,ledger-authored-module
0x0045B8F0,authored_game,battle,include_authored,inferred,ledger-authored-module
0x0045B900,authored_game,battle,include_authored,inferred,ledger-authored-module
0x0045B950,unknown,,review,unknown,
0x0045B9E0,authored_game,battle,include_authored,inferred,ledger-authored-module
0x0045BA40,authored_game,battle,include_authored,inferred,ledger-authored-module
0x0045BB10,authored_game,battle,include_authored,inferred,ledger-authored-module
0x0045BBB0,authored_game,battle,include_authored,inferred,ledger-authored-module
0x0045BC30,authored_game,battle,include_authored,inferred,ledger-authored-module
0x0045BD90,unknown,,review,unknown,
0x0045BE50,unknown,,review,unknown,
0x0045BF10,authored_game,battle,include_authored,inferred,ledger-authored-module
0x0045BFB0,unknown,,review,unknown,
0x0045C070,unknown,,review,unknown,
0x0045C130,unknown,,review,unknown,
0x0045C1B0,unknown,,review,unknown,
0x0045C230,unknown,,review,unknown,
0x0045C440,vc8_runtime,runtime,exclude_authored,observed,ledger-library
0x0045C5A0,authored_game,battle,include_authored,inferred,ledger-authored-module
0x0045C620,vc8_runtime,runtime,exclude_authored,observed,ledger-library
0x0045C690,authored_game,battle,include_authored,inferred,ledger-authored-module
0x0045C7A0,authored_game,battle,include_authored,inferred,ledger-authored-module
0x0045C8B0,authored_game,characters,include_authored,inferred,ledger-authored-module
0x0045CA70,authored_game,battle,include_authored,inferred,ledger-authored-module
0x0045CAD0,authored_game,battle,include_authored,inferred,ledger-authored-module
0x0045CAE0,authored_game,battle,include_authored,inferred,ledger-authored-module
0x0045CB00,authored_game,battle,include_authored,inferred,ledger-authored-module
0x0045CB20,authored_game,battle,include_authored,inferred,ledger-authored-module
0x0045CD90,authored_game,battle,include_authored,inferred,ledger-authored-module
0x0045CDD0,authored_game,battle,include_authored,inferred,ledger-authored-module
0x0045CF00,authored_game,battle,include_authored,inferred,ledger-authored-module
0x0045D0E0,unknown,,review,unknown,
0x0045D320,unknown,,review,unknown,
0x0045D350,unknown,,review,unknown,
0x0045DF60,authored_game,characters,include_authored,inferred,ledger-authored-module
0x0045E010,authored_game,battle,include_authored,inferred,ledger-authored-module
0x0045E040,authored_game,battle,include_authored,inferred,ledger-authored-module
0x0045E080,authored_game,battle,include_authored,inferred,ledger-authored-module
0x0045E110,unknown,,review,unknown,
0x0045E170,unknown,,review,unknown,
0x0045E1C0,unknown,,review,unknown,
0x0045E200,unknown,,review,unknown,
0x0045E250,unknown,,review,unknown,
0x0045E2A0,unknown,,review,unknown,
0x0045E2C0,unknown,,review,unknown,
0x0045E300,unknown,,review,unknown,
0x0045E330,unknown,,review,unknown,
0x0045E370,unknown,,review,unknown,
0x0045E3A0,authored_game,battle,include_authored,inferred,ledger-authored-module
0x0045E470,unknown,,review,unknown,
0x0045E4A0,unknown,,review,unknown,
0x0045E4D0,unknown,,review,unknown,
0x0045E510,unknown,,review,unknown,
0x0045E540,unknown,,review,unknown,
0x0045E5A0,unknown,,review,unknown,
0x0045E5F0,authored_game,battle,include_authored,inferred,ledger-authored-module
0x0045E680,unknown,,review,unknown,
0x0045E6C0,unknown,,review,unknown,
0x0045E6D0,unknown,,review,unknown,
0x0045E990,unknown,,review,unknown,
0x0045E9A0,unknown,,review,unknown,
0x0045EA20,unknown,,review,unknown,
0x0045EAF0,unknown,,review,unknown,
0x0045EC73,unknown,,review,unknown,
0x0045ED50,authored_game,battle,include_authored,inferred,ledger-authored-module
0x0045EF10,authored_game,battle,include_authored,inferred,ledger-authored-module
0x0045F120,unknown,,review,unknown,
0x0045F140,authored_game,battle,include_authored,inferred,ledger-authored-module
0x0045F620,unknown,,review,unknown,
0x0045F670,authored_game,battle,include_authored,inferred,ledger-authored-module
0x0045F7D0,unknown,,review,unknown,
0x0045F8A5,unknown,,review,unknown,
0x0045F8C0,unknown,,review,unknown,
0x0045F960,unknown,,review,unknown,
0x0045FA90,unknown,,review,unknown,
0x0045FAB0,authored_game,battle,include_authored,inferred,ledger-authored-module
0x0045FBF0,authored_game,battle,include_authored,inferred,ledger-authored-module
0x0045FC70,unknown,,review,unknown,
0x0045FDB0,unknown,,review,unknown,
0x0045FEF0,unknown,,review,unknown,
0x0045FF30,unknown,,review,unknown,
0x0045FF70,authored_game,battle,include_authored,inferred,ledger-authored-module
0x004600A0,unknown,,review,unknown,
0x00460100,unknown,,review,unknown,
0x00460160,unknown,,review,unknown,
0x004601CF,unknown,,review,unknown,
0x00460220,unknown,,review,unknown,
0x00460250,unknown,,review,unknown,
0x004602BD,unknown,,review,unknown,
0x00460300,unknown,,review,unknown,
0x00460390,unknown,,review,unknown,
0x004603C0,unknown,,review,unknown,
0x00460400,unknown,,review,unknown,
0x004604E8,unknown,,review,unknown,
0x00460500,authored_game,battle,include_authored,inferred,ledger-authored-module
0x00460570,authored_game,battle,include_authored,inferred,ledger-authored-module
0x004605F0,unknown,,review,unknown,
0x00460620,unknown,,review,unknown,
0x004607EE,unknown,,review,unknown,
0x004608A0,unknown,,review,unknown,
0x00460920,authored_game,battle,include_authored,inferred,ledger-authored-module
0x004609A0,unknown,,review,unknown,
0x00460A10,authored_game,battle,include_authored,inferred,ledger-authored-module
0x00460AD0,unknown,,review,unknown,
0x00460B50,authored_game,battle,include_authored,inferred,ledger-authored-module
0x00461A80,unknown,,review,unknown,
0x00461A90,authored_game,battle,include_authored,inferred,ledger-authored-module
0x00461CC0,authored_game,battle,include_authored,inferred,ledger-authored-module
0x00462050,authored_game,battle,include_authored,inferred,ledger-authored-module
0x004621A0,unknown,,review,unknown,
0x00462380,authored_game,battle,include_authored,inferred,ledger-authored-module
0x004623C0,unknown,,review,unknown,
0x00462480,unknown,,review,unknown,
0x004624E0,unknown,,review,unknown,
0x004628A0,unknown,,review,unknown,
0x00462A54,unknown,,review,unknown,
0x00462CD8,unknown,,review,unknown,
0x00462E20,authored_game,battle,include_authored,inferred,ledger-authored-module
0x00463120,vc8_runtime,runtime,exclude_authored,observed,ledger-library
0x004631E0,authored_game,battle,include_authored,inferred,ledger-authored-module
0x00463270,authored_game,battle,include_authored,inferred,ledger-authored-module
0x00463280,authored_game,battle,include_authored,inferred,ledger-authored-module
0x00463290,authored_game,battle,include_authored,inferred,ledger-authored-module
0x004632D0,authored_game,battle,include_authored,inferred,ledger-authored-module
0x00463610,authored_game,battle,include_authored,inferred,ledger-authored-module
0x00463760,authored_game,battle,include_authored,inferred,ledger-authored-module
0x00463820,authored_game,battle,include_authored,inferred,ledger-authored-module
0x00463970,authored_game,battle,include_authored,inferred,ledger-authored-module
0x00463A00,authored_game,battle,include_authored,inferred,ledger-authored-module
0x00463A60,authored_game,battle,include_authored,inferred,ledger-authored-module
0x00463AB0,authored_game,battle,include_authored,inferred,ledger-authored-module
0x00463B00,unknown,,review,unknown,
0x00463B40,unknown,,review,unknown,
0x00463BA0,unknown,,review,unknown,
0x00463D40,unknown,,review,unknown,
0x00463DD0,unknown,,review,unknown,
0x00463E90,unknown,,review,unknown,
0x00463ED0,unknown,,review,unknown,
0x00463F60,unknown,,review,unknown,
0x00464060,unknown,,review,unknown,
0x00464110,unknown,runtime,review,unknown,
0x00464180,unknown,,review,unknown,
0x004641F0,authored_game,battle,include_authored,inferred,ledger-authored-module
0x00464240,authored_game,battle,include_authored,inferred,ledger-authored-module
0x00464270,authored_game,battle,include_authored,inferred,ledger-authored-module
0x004642D0,authored_game,characters,include_authored,inferred,ledger-authored-module
0x00464320,authored_game,battle,include_authored,inferred,ledger-authored-module
0x004643F0,authored_game,battle,include_authored,inferred,ledger-authored-module
0x00464430,unknown,,review,unknown,
0x00464530,unknown,,review,unknown,
0x00464560,unknown,,review,unknown,
0x004645C0,unknown,,review,unknown,
0x004645F0,unknown,,review,unknown,
0x00464630,unknown,,review,unknown,
0x004647E0,unknown,,review,unknown,
0x00464B20,unknown,,review,unknown,
0x00464C90,unknown,,review,unknown,
0x00464CD0,unknown,,review,unknown,
0x00464D10,unknown,,review,unknown,
0x00464D70,unknown,,review,unknown,
0x00464DD0,unknown,,review,unknown,
0x00464E20,unknown,,review,unknown,
0x00464E50,unknown,,review,unknown,
0x00464E90,unknown,,review,unknown,
0x00464F20,unknown,,review,unknown,
0x00464F50,unknown,,review,unknown,
0x004650D0,unknown,,review,unknown,
0x00465110,unknown,,review,unknown,
0x00465130,unknown,,review,unknown,
0x00465160,unknown,,review,unknown,
0x004651E0,unknown,,review,unknown,
0x004653DD,unknown,,review,unknown,
0x004654A3,unknown,,review,unknown,
0x00465520,unknown,,review,unknown,
0x004655E0,unknown,,review,unknown,
0x004657E0,unknown,,review,unknown,
0x00465A80,unknown,,review,unknown,
0x00465AA0,unknown,,review,unknown,
0x00465B00,authored_game,battle,include_authored,inferred,ledger-authored-module
0x00465B70,authored_game,battle,include_authored,inferred,ledger-authored-module
0x00465BD0,authored_game,battle,include_authored,inferred,ledger-authored-module
0x00465C30,unknown,,review,unknown,
0x00465C70,unknown,,review,unknown,
0x00465DF0,unknown,,review,unknown,
0x00465E90,unknown,,review,unknown,
0x00465F30,unknown,,review,unknown,
0x00465F70,authored_game,battle,include_authored,inferred,ledger-authored-module
0x004660C0,unknown,,review,unknown,
0x00466500,unknown,,review,unknown,
0x00466930,unknown,,review,unknown,
0x004669D0,unknown,,review,unknown,
0x00466A70,unknown,,review,unknown,
0x00466B90,unknown,,review,unknown,
0x00467110,unknown,,review,unknown,
0x004674A0,unknown,,review,unknown,
0x004674D0,unknown,,review,unknown,
0x004676E0,unknown,,review,unknown,
0x00467830,unknown,,review,unknown,
0x00467860,unknown,,review,unknown,
0x00467870,unknown,,review,unknown,
0x00467880,unknown,,review,unknown,
0x004678F0,unknown,,review,unknown,
0x00467EF0,unknown,,review,unknown,
0x00468270,unknown,,review,unknown,
0x004685E0,unknown,,review,unknown,
0x00468610,unknown,,review,unknown,
0x00468680,unknown,,review,unknown,
0x004686B0,authored_game,ui,include_authored,inferred,ledger-authored-module
0x004686C0,unknown,,review,unknown,
0x00468730,unknown,,review,unknown,
0x00468770,unknown,,review,unknown,
0x00468780,unknown,,review,unknown,
0x00468810,unknown,,review,unknown,
0x004688E0,unknown,,review,unknown,
0x00468900,unknown,,review,unknown,
0x00468930,unknown,,review,unknown,
0x00468B30,unknown,,review,unknown,
0x00468BB0,unknown,,review,unknown,
0x00468C70,unknown,,review,unknown,
0x00468CA0,unknown,,review,unknown,
0x00468CD0,unknown,,review,unknown,
0x00468D50,unknown,,review,unknown,
0x00468D80,unknown,,review,unknown,
0x00468F60,unknown,,review,unknown,
0x00469110,unknown,,review,unknown,
0x00469260,unknown,,review,unknown,
0x004692F0,unknown,,review,unknown,
0x00469390,unknown,,review,unknown,
0x004693B0,unknown,,review,unknown,
0x00469441,unknown,,review,unknown,
0x00469460,unknown,,review,unknown,
0x004694E0,authored_game,battle,include_authored,inferred,ledger-authored-module
0x00469540,unknown,,review,unknown,
0x00469740,unknown,,review,unknown,
0x00469800,unknown,,review,unknown,
0x00469BB0,unknown,,review,unknown,
0x00469BC0,unknown,,review,unknown,
0x00469BE0,unknown,,review,unknown,
0x00469BF0,unknown,,review,unknown,
0x00469C00,unknown,,review,unknown,
0x00469DA0,unknown,,review,unknown,
0x00469E40,authored_game,battle,include_authored,inferred,ledger-authored-module
0x00469E60,unknown,,review,unknown,
0x0046A000,unknown,,review,unknown,
0x0046A080,unknown,,review,unknown,
0x0046A1E0,unknown,,review,unknown,
0x0046A250,unknown,,review,unknown,
0x0046A490,authored_game,battle,include_authored,inferred,ledger-authored-module
0x0046A5B0,authored_game,battle,include_authored,inferred,ledger-authored-module
0x0046A5C0,authored_game,battle,include_authored,inferred,ledger-authored-module
0x0046A5D0,authored_game,battle,include_authored,inferred,ledger-authored-module
0x0046A610,authored_game,battle,include_authored,inferred,ledger-authored-module
0x0046A6A0,authored_game,battle,include_authored,inferred,ledger-authored-module
0x0046A780,unknown,,review,unknown,
0x0046A7F0,authored_game,battle,include_authored,inferred,ledger-authored-module
0x0046A810,unknown,,review,unknown,
0x0046A8B0,unknown,,review,unknown,
0x0046A940,authored_game,battle,include_authored,inferred,ledger-authored-module
0x0046A9A0,authored_game,battle,include_authored,inferred,ledger-authored-module
0x0046AA30,authored_game,battle,include_authored,inferred,ledger-authored-module
0x0046AB80,authored_game,battle,include_authored,inferred,ledger-authored-module
0x0046ABD0,authored_game,battle,include_authored,inferred,ledger-authored-module
0x0046AC40,authored_game,battle,include_authored,inferred,ledger-authored-module
0x0046ACB0,authored_game,battle,include_authored,inferred,ledger-authored-module
0x0046ACD0,authored_game,battle,include_authored,inferred,ledger-authored-module
0x0046AD30,authored_game,battle,include_authored,inferred,ledger-authored-module
0x0046ADA0,authored_game,battle,include_authored,inferred,ledger-authored-module
0x0046AEA0,authored_game,battle,include_authored,inferred,ledger-authored-module
0x0046AF30,authored_game,battle,include_authored,inferred,ledger-authored-module
0x0046B000,authored_game,battle,include_authored,inferred,ledger-authored-module
0x0046B100,authored_game,battle,include_authored,inferred,ledger-authored-module
0x0046B290,authored_game,battle,include_authored,inferred,ledger-authored-module
0x0046B420,authored_game,battle,include_authored,inferred,ledger-authored-module
0x0046B4F0,authored_game,battle,include_authored,inferred,ledger-authored-module
0x0046B520,authored_game,battle,include_authored,inferred,ledger-authored-module
0x0046B570,authored_game,battle,include_authored,inferred,ledger-authored-module
0x0046BBA0,authored_game,battle,include_authored,inferred,ledger-authored-module
0x0046BCD0,authored_game,battle,include_authored,inferred,ledger-authored-module
0x0046BDE0,authored_game,battle,include_authored,inferred,ledger-authored-module
0x0046BE90,authored_game,battle,include_authored,inferred,ledger-authored-module
0x0046BF20,authored_game,battle,include_authored,inferred,ledger-authored-module
0x0046BFD0,authored_game,battle,include_authored,inferred,ledger-authored-module
0x0046C070,authored_game,battle,include_authored,inferred,ledger-authored-module
0x0046C290,authored_game,battle,include_authored,inferred,ledger-authored-module
0x0046C9E0,authored_game,battle,include_authored,inferred,ledger-authored-module
0x0046CC00,authored_game,battle,include_authored,inferred,ledger-authored-module
0x0046CE20,authored_game,battle,include_authored,inferred,ledger-authored-module
0x0046D000,authored_game,battle,include_authored,inferred,ledger-authored-module
0x0046D040,authored_game,battle,include_authored,inferred,ledger-authored-module
0x0046D160,authored_game,battle,include_authored,inferred,ledger-authored-module
0x0046D370,authored_game,battle,include_authored,inferred,ledger-authored-module
0x0046D620,authored_game,battle,include_authored,inferred,ledger-authored-module
0x0046DBD0,unknown,,review,unknown,
0x0046DC80,unknown,,review,unknown,
0x0046DF90,unknown,,review,unknown,
0x0046DFC0,unknown,,review,unknown,
0x0046E000,unknown,,review,unknown,
0x0046E040,authored_game,battle,include_authored,inferred,ledger-authored-module
0x0046E090,unknown,,review,unknown,
0x0046E130,authored_game,battle,include_authored,inferred,ledger-authored-module
0x0046E1C0,unknown,,review,unknown,
0x0046E2B0,unknown,,review,unknown,
0x0046E3C0,unknown,,review,unknown,
0x0046E3E0,unknown,,review,unknown,
0x0046E470,unknown,,review,unknown,
0x0046E4E0,unknown,,review,unknown,
0x0046E4F0,unknown,,review,unknown,
0x0046E5D0,unknown,,review,unknown,
0x0046E640,unknown,,review,unknown,
0x0046E6F0,unknown,,review,unknown,
0x0046E700,unknown,,review,unknown,
0x0046E740,unknown,,review,unknown,
0x0046E900,unknown,,review,unknown,
0x0046E960,unknown,,review,unknown,
0x0046E9E0,unknown,,review,unknown,
0x0046EA60,unknown,,review,unknown,
0x0046EA80,unknown,,review,unknown,
0x0046EB50,unknown,,review,unknown,
0x0046EC20,unknown,,review,unknown,
0x0046ECE0,unknown,,review,unknown,
0x0046ED00,unknown,,review,unknown,
0x0046ED20,unknown,,review,unknown,
0x0046EDA0,unknown,,review,unknown,
0x0046EDD0,unknown,,review,unknown,
0x0046EE80,unknown,,review,unknown,
0x0046EEA0,unknown,,review,unknown,
0x0046EEC0,unknown,,review,unknown,
0x0046EEF0,unknown,,review,unknown,
0x0046EF70,unknown,,review,unknown,
0x0046EFD0,unknown,,review,unknown,
0x0046EFF0,unknown,,review,unknown,
0x0046F010,unknown,,review,unknown,
0x0046F2A0,authored_game,ui,include_authored,inferred,ledger-authored-module
0x0046F320,unknown,,review,unknown,
0x0046F530,unknown,,review,unknown,
0x0046FD10,unknown,,review,unknown,
0x0046FE80,authored_game,battle,include_authored,inferred,ledger-authored-module
0x00470060,authored_game,battle,include_authored,inferred,ledger-authored-module
0x004701C0,authored_game,battle,include_authored,inferred,ledger-authored-module
0x00470300,authored_game,battle,include_authored,inferred,ledger-authored-module
0x00470360,authored_game,battle,include_authored,inferred,ledger-authored-module
0x004704D0,authored_game,battle,include_authored,inferred,ledger-authored-module
0x00470500,authored_game,battle,include_authored,inferred,ledger-authored-module
0x00470780,authored_game,battle,include_authored,inferred,ledger-authored-module
0x004708B0,authored_game,battle,include_authored,inferred,ledger-authored-module
0x00470940,authored_game,battle,include_authored,inferred,ledger-authored-module
0x00470B80,unknown,,review,unknown,
0x00470B90,unknown,,review,unknown,
0x00470BD0,unknown,,review,unknown,
0x00470C30,unknown,,review,unknown,
0x00470D00,unknown,,review,unknown,
0x00470DA0,unknown,,review,unknown,
0x00470EE0,unknown,,review,unknown,
0x00471030,unknown,,review,unknown,
0x00471190,unknown,,review,unknown,
0x004711C0,unknown,,review,unknown,
0x00471240,unknown,,review,unknown,
0x004712B0,authored_game,battle,include_authored,inferred,ledger-authored-module
0x004712C0,unknown,,review,unknown,
0x00471400,unknown,,review,unknown,
0x00471470,authored_game,battle,include_authored,inferred,ledger-authored-module
0x004714C0,unknown,,review,unknown,
0x004715A0,unknown,,review,unknown,
0x00471610,unknown,,review,unknown,
0x00471630,unknown,,review,unknown,
0x004716A0,unknown,,review,unknown,
0x004716C0,unknown,,review,unknown,
0x004717E0,unknown,,review,unknown,
0x00471920,unknown,,review,unknown,
0x00471A40,unknown,,review,unknown,
0x00471A60,unknown,,review,unknown,
0x00471A90,unknown,,review,unknown,
0x00471E70,unknown,,review,unknown,
0x00472020,unknown,,review,unknown,
0x004720D0,unknown,,review,unknown,
0x00472330,unknown,,review,unknown,
0x00472370,unknown,,review,unknown,
0x004723C0,unknown,,review,unknown,
0x00472400,unknown,,review,unknown,
0x00472490,unknown,,review,unknown,
0x00472500,unknown,,review,unknown,
0x00472570,unknown,,review,unknown,
0x00472640,unknown,,review,unknown,
0x00472710,unknown,,review,unknown,
0x004727D0,unknown,,review,unknown,
0x00472890,unknown,,review,unknown,
0x004729D0,unknown,,review,unknown,
0x00472AC0,unknown,,review,unknown,
0x00472B40,unknown,,review,unknown,
0x00472D20,unknown,,review,unknown,
0x00473070,unknown,,review,unknown,
0x00473080,unknown,,review,unknown,
0x00473160,unknown,,review,unknown,
0x004731E0,unknown,,review,unknown,
0x00473200,unknown,,review,unknown,
0x00473250,unknown,,review,unknown,
0x00473280,unknown,,review,unknown,
0x00473310,unknown,,review,unknown,
0x00473390,unknown,,review,unknown,
0x00473460,unknown,,review,unknown,
0x00473500,unknown,,review,unknown,
0x004735E0,unknown,,review,unknown,
0x004737A0,authored_game,characters,include_authored,inferred,ledger-authored-module
0x004738D0,unknown,,review,unknown,
0x004762C0,unknown,,review,unknown,
0x004762E0,unknown,,review,unknown,
0x00476300,unknown,,review,unknown,
0x00476320,unknown,,review,unknown,
0x00476520,unknown,,review,unknown,
0x00476BB0,unknown,,review,unknown,
0x00476ED0,unknown,,review,unknown,
0x00476EE0,unknown,,review,unknown,
0x00477040,authored_game,characters,include_authored,inferred,ledger-authored-module
0x004785E0,unknown,,review,unknown,
0x00478600,unknown,,review,unknown,
0x00478670,authored_game,characters,include_authored,inferred,ledger-authored-module
0x004786F0,unknown,,review,unknown,
0x004787B0,authored_game,characters,include_authored,observed,fighter-vslot28-roster
0x0048CBA0,authored_game,characters,include_authored,inferred,ledger-authored-module
0x00490C60,authored_game,characters,include_authored,inferred,ledger-authored-module
0x004913A0,unknown,,review,unknown,
0x004913B0,unknown,,review,unknown,
0x004913D0,unknown,,review,unknown,
0x004913E0,unknown,,review,unknown,
0x00491410,unknown,,review,unknown,
0x00491480,authored_game,characters,include_authored,inferred,ledger-authored-module
0x00492710,unknown,,review,unknown,
0x004927B0,unknown,,review,unknown,
0x004927D0,authored_game,characters,include_authored,inferred,ledger-authored-module
0x00492820,unknown,,review,unknown,
0x00492930,unknown,,review,unknown,
0x00492950,unknown,,review,unknown,
0x00492AF0,unknown,,review,unknown,
0x00492B10,authored_game,characters,include_authored,inferred,ledger-authored-module
0x00492BA0,authored_game,characters,include_authored,inferred,ledger-authored-module
0x00492DB0,authored_game,characters,include_authored,inferred,ledger-authored-module
0x00492E20,authored_game,characters,include_authored,inferred,ledger-authored-module
0x00492E80,authored_game,characters,include_authored,inferred,ledger-authored-module
0x00492EF0,unknown,,review,unknown,
0x00492F10,authored_game,characters,include_authored,inferred,ledger-authored-module
0x00492F90,authored_game,characters,include_authored,inferred,ledger-authored-module
0x00493010,unknown,,review,unknown,
0x00493100,unknown,,review,unknown,
0x00493110,authored_game,characters,include_authored,inferred,ledger-authored-module
0x00493200,unknown,,review,unknown,
0x00493260,unknown,,review,unknown,
0x00493280,unknown,,review,unknown,
0x00493300,authored_game,characters,include_authored,inferred,ledger-authored-module
0x00493380,authored_game,characters,include_authored,inferred,ledger-authored-module
0x00493490,authored_game,characters,include_authored,inferred,ledger-authored-module
0x00493540,authored_game,characters,include_authored,inferred,ledger-authored-module
0x00493580,authored_game,characters,include_authored,inferred,ledger-authored-module
0x004935D0,authored_game,characters,include_authored,inferred,ledger-authored-module
0x004937D0,authored_game,characters,include_authored,inferred,ledger-authored-module
0x00493920,authored_game,characters,include_authored,inferred,ledger-authored-module
0x00493A10,authored_game,characters,include_authored,inferred,ledger-authored-module
0x00493B00,authored_game,characters,include_authored,inferred,ledger-authored-module
0x00493C90,authored_game,characters,include_authored,inferred,ledger-authored-module
0x00494050,authored_game,characters,include_authored,inferred,ledger-authored-module
0x00495BB0,unknown,,review,unknown,
0x00495BE0,authored_game,characters,include_authored,inferred,ledger-authored-module
0x00495C20,unknown,,review,unknown,
0x00495C50,unknown,,review,unknown,
0x00495D70,unknown,,review,unknown,
0x004A1510,unknown,,review,unknown,
0x004A2A50,authored_game,characters,include_authored,inferred,ledger-authored-module
0x004A2F40,authored_game,characters,include_authored,observed,fighter-vslot28-roster
0x004B38A0,authored_game,characters,include_authored,inferred,ledger-authored-module
0x004B7AB0,authored_game,characters,include_authored,inferred,ledger-authored-module
0x004B81B0,unknown,,review,unknown,
0x004B81F0,authored_game,characters,include_authored,inferred,ledger-authored-module
0x004B8DD0,unknown,,review,unknown,
0x004B8E00,unknown,,review,unknown,
0x004B8F10,unknown,,review,unknown,
0x004B8F30,unknown,,review,unknown,
0x004B8FB0,unknown,runtime,review,unknown,
0x004B9010,unknown,,review,unknown,
0x004B91B0,authored_game,characters,include_authored,inferred,ledger-authored-module
0x004B9240,authored_game,characters,include_authored,inferred,ledger-authored-module
0x004B9450,unknown,,review,unknown,
0x004B9470,authored_game,characters,include_authored,inferred,ledger-authored-module
0x004B94E0,authored_game,characters,include_authored,inferred,ledger-authored-module
0x004B9540,authored_game,characters,include_authored,inferred,ledger-authored-module
0x004B95C0,authored_game,characters,include_authored,inferred,ledger-authored-module
0x004B9630,unknown,,review,unknown,
0x004B9650,authored_game,characters,include_authored,inferred,ledger-authored-module
0x004B96D0,authored_game,characters,include_authored,inferred,ledger-authored-module
0x004B9750,unknown,,review,unknown,
0x004B9760,unknown,,review,unknown,
0x004B9830,unknown,,review,unknown,
0x004B9860,authored_game,characters,include_authored,inferred,ledger-authored-module
0x004B9950,unknown,,review,unknown,
0x004B9960,unknown,,review,unknown,
0x004B99C0,unknown,,review,unknown,
0x004B99E0,unknown,,review,unknown,
0x004B9A60,authored_game,characters,include_authored,inferred,ledger-authored-module
0x004BB8C0,unknown,,review,unknown,
0x004C7B10,unknown,,review,unknown,
0x004CA440,authored_game,characters,include_authored,inferred,ledger-authored-module
0x004CA870,authored_game,characters,include_authored,observed,fighter-vslot28-roster
0x004DD2A0,authored_game,characters,include_authored,inferred,ledger-authored-module
0x004DDAF0,unknown,,review,unknown,
0x004DDB20,authored_game,characters,include_authored,inferred,ledger-authored-module
0x004DE580,unknown,,review,unknown,
0x004DE690,unknown,,review,unknown,
0x004DE6B0,unknown,,review,unknown,
0x004DE850,authored_game,characters,include_authored,inferred,ledger-authored-module
0x004DE8E0,authored_game,characters,include_authored,inferred,ledger-authored-module
0x004DEAF0,unknown,,review,unknown,
0x004DEB10,authored_game,characters,include_authored,inferred,ledger-authored-module
0x004DEB80,authored_game,characters,include_authored,inferred,ledger-authored-module
0x004DEBE0,authored_game,characters,include_authored,inferred,ledger-authored-module
0x004DEC50,unknown,,review,unknown,
0x004DEC70,authored_game,characters,include_authored,inferred,ledger-authored-module
0x004DECF0,authored_game,characters,include_authored,inferred,ledger-authored-module
0x004DED70,unknown,,review,unknown,
0x004DED80,authored_game,characters,include_authored,inferred,ledger-authored-module
0x004DEE70,unknown,,review,unknown,
0x004DEED0,unknown,,review,unknown,
0x004DEEF0,authored_game,characters,include_authored,inferred,ledger-authored-module
0x004DEF70,authored_game,characters,include_authored,inferred,ledger-authored-module
0x004E06B0,unknown,,review,unknown,
0x004E79E0,unknown,,review,unknown,
0x004E7B30,unknown,,review,unknown,
0x004E9610,authored_game,characters,include_authored,inferred,ledger-authored-module
0x004E9A20,authored_game,characters,include_authored,observed,fighter-vslot28-roster
0x004F4650,authored_game,characters,include_authored,inferred,ledger-authored-module
0x004F88D0,authored_game,characters,include_authored,inferred,ledger-authored-module
0x004F92D0,unknown,,review,unknown,
0x004F9320,authored_game,characters,include_authored,inferred,ledger-authored-module
0x004F9B90,unknown,,review,unknown,
0x004F9BC0,unknown,,review,unknown,
0x004F9CD0,unknown,,review,unknown,
0x004F9CF0,unknown,,review,unknown,
0x004F9E90,unknown,,review,unknown,
0x004F9EB0,authored_game,characters,include_authored,inferred,ledger-authored-module
0x004F9F40,authored_game,characters,include_authored,inferred,ledger-authored-module
0x004FA150,authored_game,characters,include_authored,inferred,ledger-authored-module
0x004FA1C0,authored_game,characters,include_authored,inferred,ledger-authored-module
0x004FA220,authored_game,characters,include_authored,inferred,ledger-authored-module
0x004FA290,unknown,,review,unknown,
0x004FA2B0,authored_game,characters,include_authored,inferred,ledger-authored-module
0x004FA330,authored_game,characters,include_authored,inferred,ledger-authored-module
0x004FA3B0,unknown,,review,unknown,
0x004FA3C0,authored_game,characters,include_authored,inferred,ledger-authored-module
0x004FA4B0,unknown,,review,unknown,
0x004FA510,unknown,,review,unknown,
0x004FA530,authored_game,characters,include_authored,inferred,ledger-authored-module
0x004FA5C0,authored_game,characters,include_authored,inferred,ledger-authored-module
0x004FC000,unknown,,review,unknown,
0x004FC0B0,authored_game,characters,include_authored,inferred,ledger-authored-module
0x004FC1F0,unknown,,review,unknown,
0x004FC350,authored_game,characters,include_authored,inferred,ledger-authored-module
0x004FC3A0,authored_game,characters,include_authored,inferred,ledger-authored-module
0x004FC4E0,authored_game,characters,include_authored,inferred,ledger-authored-module
0x004FC530,unknown,,review,unknown,
0x0050BC40,unknown,,review,unknown,
0x0050E780,authored_game,characters,include_authored,inferred,ledger-authored-module
0x0050EC80,authored_game,characters,include_authored,observed,fighter-vslot28-roster
0x0051C5C0,authored_game,characters,include_authored,inferred,ledger-authored-module
0x0051D070,unknown,,review,unknown,
0x0051D0D0,vc8_runtime,runtime,exclude_authored,observed,ledger-library
0x0051D140,authored_game,characters,include_authored,inferred,ledger-authored-module
0x0051E060,unknown,,review,unknown,
0x0051E170,unknown,,review,unknown,
0x0051E190,unknown,,review,unknown,
0x0051E330,authored_game,characters,include_authored,inferred,ledger-authored-module
0x0051E3C0,authored_game,characters,include_authored,inferred,ledger-authored-module
0x0051E5D0,unknown,,review,unknown,
0x0051E5F0,authored_game,characters,include_authored,inferred,ledger-authored-module
0x0051E660,authored_game,characters,include_authored,inferred,ledger-authored-module
0x0051E6C0,authored_game,characters,include_authored,inferred,ledger-authored-module
0x0051E730,unknown,,review,unknown,
0x0051E750,authored_game,characters,include_authored,inferred,ledger-authored-module
0x0051E7D0,authored_game,characters,include_authored,inferred,ledger-authored-module
0x0051E850,unknown,,review,unknown,
0x0051E860,unknown,,review,unknown,
0x0051E870,authored_game,characters,include_authored,inferred,ledger-authored-module
0x0051E960,unknown,,review,unknown,
0x0051E9C0,unknown,,review,unknown,
0x0051E9E0,unknown,,review,unknown,
0x0051EA60,authored_game,characters,include_authored,inferred,ledger-authored-module
0x00520360,authored_game,characters,include_authored,inferred,ledger-authored-module
0x005203B0,authored_game,characters,include_authored,inferred,ledger-authored-module
0x00520400,unknown,,review,unknown,
0x00520430,unknown,,review,unknown,
0x0052CDA0,unknown,,review,unknown,
0x0052F950,authored_game,characters,include_authored,inferred,ledger-authored-module
0x0052FDA0,authored_game,characters,include_authored,observed,fighter-vslot28-roster
0x00539540,unknown,,review,unknown,
0x005396A0,unknown,,review,unknown,
0x00539710,unknown,,review,unknown,
0x005397E0,authored_game,characters,include_authored,inferred,ledger-authored-module
0x00539D00,unknown,,review,unknown,
0x00539D70,authored_game,characters,include_authored,inferred,ledger-authored-module
0x0053A4D0,unknown,,review,unknown,
0x0053A4F0,unknown,,review,unknown,
0x0053A600,unknown,,review,unknown,
0x0053A620,unknown,,review,unknown,
0x0053A690,unknown,,review,unknown,
0x0053A830,authored_game,characters,include_authored,inferred,ledger-authored-module
0x0053A8C0,authored_game,characters,include_authored,inferred,ledger-authored-module
0x0053AAD0,unknown,,review,unknown,
0x0053AAF0,authored_game,characters,include_authored,inferred,ledger-authored-module
0x0053AB60,authored_game,characters,include_authored,inferred,ledger-authored-module
0x0053ABC0,authored_game,characters,include_authored,inferred,ledger-authored-module
0x0053AC30,unknown,,review,unknown,
0x0053AC50,authored_game,characters,include_authored,inferred,ledger-authored-module
0x0053ACD0,authored_game,characters,include_authored,inferred,ledger-authored-module
0x0053AD50,unknown,,review,unknown,
0x0053AD60,unknown,,review,unknown,
0x0053ADB0,unknown,,review,unknown,
0x0053ADD0,unknown,,review,unknown,
0x0053ADF0,authored_game,characters,include_authored,inferred,ledger-authored-module
0x0053AEE0,unknown,,review,unknown,
0x0053AF40,unknown,,review,unknown,
0x0053AF60,unknown,,review,unknown,
0x0053B000,unknown,,review,unknown,
0x0053B040,authored_game,characters,include_authored,inferred,ledger-authored-module
0x0053C7F0,authored_game,characters,include_authored,inferred,ledger-authored-module
0x0053C9C0,vc8_runtime,runtime,exclude_authored,observed,ledger-library
0x0053CA40,vc8_runtime,runtime,exclude_authored,observed,ledger-library
0x0053CAA0,authored_game,characters,include_authored,inferred,ledger-authored-module
0x0053CB50,unknown,,review,unknown,
0x00543320,unknown,,review,unknown,
0x005448A0,authored_game,characters,include_authored,inferred,ledger-authored-module
0x00544D40,authored_game,characters,include_authored,observed,fighter-vslot28-roster
0x005544A0,authored_game,characters,include_authored,inferred,ledger-authored-module
0x00554A00,authored_game,characters,include_authored,inferred,ledger-authored-module
0x00555330,unknown,,review,unknown,
0x00555440,unknown,,review,unknown,
0x00555460,unknown,,review,unknown,
0x00555600,authored_game,characters,include_authored,inferred,ledger-authored-module
0x00555690,authored_game,characters,include_authored,inferred,ledger-authored-module
0x005558A0,unknown,,review,unknown,
0x005558C0,authored_game,characters,include_authored,inferred,ledger-authored-module
0x00555930,authored_game,characters,include_authored,inferred,ledger-authored-module
0x00555990,authored_game,characters,include_authored,inferred,ledger-authored-module
0x00555A00,unknown,,review,unknown,
0x00555A20,authored_game,characters,include_authored,inferred,ledger-authored-module
0x00555AA0,authored_game,characters,include_authored,inferred,ledger-authored-module
0x00555B20,unknown,,review,unknown,
0x00555B30,unknown,,review,unknown,
0x00555B80,unknown,,review,unknown,
0x00555BA0,authored_game,characters,include_authored,inferred,ledger-authored-module
0x00555C90,unknown,,review,unknown,
0x00555CF0,unknown,,review,unknown,
0x00555D10,unknown,,review,unknown,
0x00555D90,authored_game,characters,include_authored,inferred,ledger-authored-module
0x005572E0,unknown,,review,unknown,
0x0055BAC0,unknown,,review,unknown,
0x0055CFD0,authored_game,characters,include_authored,inferred,ledger-authored-module
0x0055D4A0,authored_game,characters,include_authored,observed,fighter-vslot28-roster
0x0056BDC0,authored_game,characters,include_authored,inferred,ledger-authored-module
0x0056C460,unknown,,review,unknown,
0x0056C490,authored_game,characters,include_authored,inferred,ledger-authored-module
0x0056CEF0,unknown,,review,unknown,
0x0056D000,unknown,,review,unknown,
0x0056D020,unknown,,review,unknown,
0x0056D1C0,authored_game,characters,include_authored,inferred,ledger-authored-module
0x0056D250,authored_game,characters,include_authored,inferred,ledger-authored-module
0x0056D460,unknown,,review,unknown,
0x0056D480,authored_game,characters,include_authored,inferred,ledger-authored-module
0x0056D4F0,authored_game,characters,include_authored,inferred,ledger-authored-module
0x0056D550,authored_game,characters,include_authored,inferred,ledger-authored-module
0x0056D5C0,unknown,,review,unknown,
0x0056D5E0,authored_game,characters,include_authored,inferred,ledger-authored-module
0x0056D660,authored_game,characters,include_authored,inferred,ledger-authored-module
0x0056D6E0,unknown,,review,unknown,
0x0056D6F0,authored_game,characters,include_authored,inferred,ledger-authored-module
0x0056D7E0,unknown,,review,unknown,
0x0056D840,unknown,,review,unknown,
0x0056D860,unknown,,review,unknown,
0x0056D8E0,authored_game,characters,include_authored,inferred,ledger-authored-module
0x0056F130,unknown,,review,unknown,
0x00577A30,unknown,,review,unknown,
0x0057A5C0,authored_game,characters,include_authored,inferred,ledger-authored-module
0x0057AA60,authored_game,characters,include_authored,observed,fighter-vslot28-roster
0x00588DF0,authored_game,characters,include_authored,inferred,ledger-authored-module
0x00589EA0,unknown,,review,unknown,
0x00589F20,authored_game,characters,include_authored,inferred,ledger-authored-module
0x0058B040,unknown,,review,unknown,
0x0058B150,unknown,,review,unknown,
0x0058B170,unknown,,review,unknown,
0x0058B310,authored_game,characters,include_authored,inferred,ledger-authored-module
0x0058B3A0,authored_game,characters,include_authored,inferred,ledger-authored-module
0x0058B5B0,unknown,,review,unknown,
0x0058B5D0,authored_game,characters,include_authored,inferred,ledger-authored-module
0x0058B640,authored_game,characters,include_authored,inferred,ledger-authored-module
0x0058B6A0,authored_game,characters,include_authored,inferred,ledger-authored-module
0x0058B710,unknown,,review,unknown,
0x0058B730,authored_game,characters,include_authored,inferred,ledger-authored-module
0x0058B7B0,authored_game,characters,include_authored,inferred,ledger-authored-module
0x0058B830,unknown,,review,unknown,
0x0058B840,authored_game,characters,include_authored,inferred,ledger-authored-module
0x0058B930,unknown,,review,unknown,
0x0058B990,unknown,,review,unknown,
0x0058B9B0,unknown,,review,unknown,
0x0058BA30,authored_game,characters,include_authored,inferred,ledger-authored-module
0x0058BBA0,authored_game,characters,include_authored,inferred,ledger-authored-module
0x0058D440,unknown,,review,unknown,
0x00595C30,unknown,,review,unknown,
0x00597B20,authored_game,characters,include_authored,inferred,ledger-authored-module
0x00598100,authored_game,characters,include_authored,observed,fighter-vslot28-roster
0x005ABDF0,authored_game,characters,include_authored,inferred,ledger-authored-module
0x005ACBE0,unknown,,review,unknown,
0x005ACC10,authored_game,characters,include_authored,inferred,ledger-authored-module
0x005AD880,unknown,,review,unknown,
0x005AD940,unknown,,review,unknown,
0x005ADA00,unknown,,review,unknown,
0x005ADB10,unknown,,review,unknown,
0x005ADB30,unknown,,review,unknown,
0x005ADBB0,unknown,,review,unknown,
0x005ADD50,authored_game,characters,include_authored,inferred,ledger-authored-module
0x005ADDE0,authored_game,characters,include_authored,inferred,ledger-authored-module
0x005ADFF0,unknown,,review,unknown,
0x005AE010,authored_game,characters,include_authored,inferred,ledger-authored-module
0x005AE080,authored_game,characters,include_authored,inferred,ledger-authored-module
0x005AE0E0,authored_game,characters,include_authored,inferred,ledger-authored-module
0x005AE150,unknown,,review,unknown,
0x005AE170,authored_game,characters,include_authored,inferred,ledger-authored-module
0x005AE1F0,authored_game,characters,include_authored,inferred,ledger-authored-module
0x005AE270,unknown,,review,unknown,
0x005AE280,authored_game,characters,include_authored,inferred,ledger-authored-module
0x005AE370,unknown,,review,unknown,
0x005AE3D0,unknown,,review,unknown,
0x005AE3F0,unknown,,review,unknown,
0x005AE470,authored_game,characters,include_authored,inferred,ledger-authored-module
0x005AFB70,unknown,,review,unknown,
0x005BCA90,unknown,,review,unknown,
0x005BEEE0,authored_game,characters,include_authored,inferred,ledger-authored-module
0x005BF460,authored_game,characters,include_authored,observed,fighter-vslot28-roster
0x005CFDE0,authored_game,characters,include_authored,inferred,ledger-authored-module
0x005CFE00,authored_game,characters,include_authored,inferred,ledger-authored-module
0x005D3EA0,authored_game,characters,include_authored,inferred,ledger-authored-module
0x005D45C0,unknown,,review,unknown,
0x005D4610,authored_game,characters,include_authored,inferred,ledger-authored-module
0x005D59E0,unknown,,review,unknown,
0x005D5AF0,unknown,,review,unknown,
0x005D5B10,unknown,,review,unknown,
0x005D5CB0,unknown,,review,unknown,
0x005D5CD0,authored_game,characters,include_authored,inferred,ledger-authored-module
0x005D5D60,authored_game,characters,include_authored,inferred,ledger-authored-module
0x005D5F70,authored_game,characters,include_authored,inferred,ledger-authored-module
0x005D5FE0,authored_game,characters,include_authored,inferred,ledger-authored-module
0x005D6040,authored_game,characters,include_authored,inferred,ledger-authored-module
0x005D60B0,unknown,,review,unknown,
0x005D60D0,authored_game,characters,include_authored,inferred,ledger-authored-module
0x005D6150,authored_game,characters,include_authored,inferred,ledger-authored-module
0x005D61D0,unknown,,review,unknown,
0x005D61E0,unknown,,review,unknown,
0x005D6200,authored_game,characters,include_authored,inferred,ledger-authored-module
0x005D62F0,unknown,,review,unknown,
0x005D6350,unknown,,review,unknown,
0x005D6370,unknown,,review,unknown,
0x005D63F0,authored_game,characters,include_authored,inferred,ledger-authored-module
0x005D7E40,unknown,,review,unknown,
0x005E2860,unknown,,review,unknown,
0x005E53D0,authored_game,characters,include_authored,inferred,ledger-authored-module
0x005E5860,authored_game,characters,include_authored,observed,fighter-vslot28-roster
0x005F5700,authored_game,characters,include_authored,inferred,ledger-authored-module
0x005F5DB0,unknown,,review,unknown,
0x005F5DE0,authored_game,characters,include_authored,inferred,ledger-authored-module
0x005F67A0,unknown,,review,unknown,
0x005F68B0,unknown,,review,unknown,
0x005F68D0,unknown,,review,unknown,
0x005F6A70,unknown,,review,unknown,
0x005F6A90,authored_game,characters,include_authored,inferred,ledger-authored-module
0x005F6B20,authored_game,characters,include_authored,inferred,ledger-authored-module
0x005F6D30,authored_game,characters,include_authored,inferred,ledger-authored-module
0x005F6DA0,authored_game,characters,include_authored,inferred,ledger-authored-module
0x005F6E00,authored_game,characters,include_authored,inferred,ledger-authored-module
0x005F6E70,unknown,,review,unknown,
0x005F6E90,authored_game,characters,include_authored,inferred,ledger-authored-module
0x005F6F10,authored_game,characters,include_authored,inferred,ledger-authored-module
0x005F6F90,unknown,,review,unknown,
0x005F6FA0,authored_game,characters,include_authored,inferred,ledger-authored-module
0x005F7090,unknown,,review,unknown,
0x005F70F0,unknown,,review,unknown,
0x005F7110,unknown,,review,unknown,
0x005F7190,authored_game,characters,include_authored,inferred,ledger-authored-module
0x005F89F0,unknown,,review,unknown,
0x005F8AC0,unknown,,review,unknown,
0x005FFA30,unknown,,review,unknown,
0x006013C0,authored_game,characters,include_authored,inferred,ledger-authored-module
0x006018F0,authored_game,characters,include_authored,observed,fighter-vslot28-roster
0x00611D80,authored_game,characters,include_authored,inferred,ledger-authored-module
0x00615EA0,authored_game,characters,include_authored,inferred,ledger-authored-module
0x00616680,unknown,,review,unknown,
0x006166A0,authored_game,characters,include_authored,inferred,ledger-authored-module
0x006170C0,unknown,,review,unknown,
0x006171D0,unknown,,review,unknown,
0x006171F0,unknown,,review,unknown,
0x00617390,authored_game,characters,include_authored,inferred,ledger-authored-module
0x00617420,authored_game,characters,include_authored,inferred,ledger-authored-module
0x00617630,unknown,,review,unknown,
0x00617650,authored_game,characters,include_authored,inferred,ledger-authored-module
0x006176C0,authored_game,characters,include_authored,inferred,ledger-authored-module
0x00617720,authored_game,characters,include_authored,inferred,ledger-authored-module
0x00617790,unknown,,review,unknown,
0x006177B0,authored_game,characters,include_authored,inferred,ledger-authored-module
0x00617830,authored_game,characters,include_authored,inferred,ledger-authored-module
0x006178B0,unknown,,review,unknown,
0x006178C0,unknown,,review,unknown,
0x00617910,unknown,,review,unknown,
0x00617930,authored_game,characters,include_authored,inferred,ledger-authored-module
0x00617A20,unknown,,review,unknown,
0x00617A80,unknown,,review,unknown,
0x00617AA0,unknown,,review,unknown,
0x00617B20,authored_game,characters,include_authored,inferred,ledger-authored-module
0x00619750,unknown,,review,unknown,
0x0061E570,unknown,,review,unknown,
0x0061F870,authored_game,characters,include_authored,inferred,ledger-authored-module
0x0061FDE0,authored_game,characters,include_authored,observed,fighter-vslot28-roster
0x0062E910,authored_game,characters,include_authored,inferred,ledger-authored-module
0x0062F480,unknown,,review,unknown,
0x0062F4B0,authored_game,characters,include_authored,inferred,ledger-authored-module
0x0062FE00,unknown,,review,unknown,
0x0062FF10,unknown,,review,unknown,
0x0062FF30,unknown,,review,unknown,
0x006300D0,unknown,,review,unknown,
0x006300F0,authored_game,characters,include_authored,inferred,ledger-authored-module
0x00630180,authored_game,characters,include_authored,inferred,ledger-authored-module
0x00630390,authored_game,characters,include_authored,inferred,ledger-authored-module
0x00630400,authored_game,characters,include_authored,inferred,ledger-authored-module
0x00630460,authored_game,characters,include_authored,inferred,ledger-authored-module
0x006304D0,unknown,,review,unknown,
0x006304F0,authored_game,characters,include_authored,inferred,ledger-authored-module
0x00630570,authored_game,characters,include_authored,inferred,ledger-authored-module
0x006305F0,unknown,,review,unknown,
0x00630600,authored_game,characters,include_authored,inferred,ledger-authored-module
0x006306F0,unknown,,review,unknown,
0x00630750,unknown,,review,unknown,
0x00630770,unknown,,review,unknown,
0x00630800,authored_game,characters,include_authored,inferred,ledger-authored-module
0x006320D0,unknown,,review,unknown,
0x006320F0,unknown,,review,unknown,
0x00632150,unknown,,review,unknown,
0x0063A830,unknown,,review,unknown,
0x0063C1D0,authored_game,characters,include_authored,inferred,ledger-authored-module
0x0063C8E0,unknown,,review,unknown,
0x0063C900,authored_game,characters,include_authored,observed,fighter-vslot28-roster
0x00648850,authored_game,characters,include_authored,inferred,ledger-authored-module
0x00649520,unknown,,review,unknown,
0x006495C0,authored_game,characters,include_authored,inferred,ledger-authored-module
0x0064A190,unknown,,review,unknown,
0x0064A2A0,unknown,,review,unknown,
0x0064A2C0,unknown,,review,unknown,
0x0064A460,unknown,,review,unknown,
0x0064A480,authored_game,characters,include_authored,inferred,ledger-authored-module
0x0064A510,authored_game,characters,include_authored,inferred,ledger-authored-module
0x0064A720,authored_game,characters,include_authored,inferred,ledger-authored-module
0x0064A790,authored_game,characters,include_authored,inferred,ledger-authored-module
0x0064A7F0,authored_game,characters,include_authored,inferred,ledger-authored-module
0x0064A860,unknown,,review,unknown,
0x0064A880,authored_game,characters,include_authored,inferred,ledger-authored-module
0x0064A900,authored_game,characters,include_authored,inferred,ledger-authored-module
0x0064A980,unknown,,review,unknown,
0x0064A990,authored_game,characters,include_authored,inferred,ledger-authored-module
0x0064AA80,unknown,,review,unknown,
0x0064AAE0,unknown,,review,unknown,
0x0064AB00,unknown,,review,unknown,
0x0064AB80,authored_game,characters,include_authored,inferred,ledger-authored-module
0x0064C090,authored_game,characters,include_authored,inferred,ledger-authored-module
0x0064C160,unknown,,review,unknown,
0x00656560,unknown,,review,unknown,
0x00658830,authored_game,characters,include_authored,inferred,ledger-authored-module
0x00658EB0,unknown,,review,unknown,
0x0065B3A0,unknown,,review,unknown,
0x0065BF50,unknown,,review,unknown,
0x0065FB40,unknown,,review,unknown,
0x0065FB90,unknown,,review,unknown,
0x0065FDD0,unknown,,review,unknown,
0x0065FE00,unknown,,review,unknown,
0x0065FE10,unknown,,review,unknown,
0x0065FF10,unknown,,review,unknown,
0x0065FF40,unknown,,review,unknown,
0x00662F80,unknown,,review,unknown,
0x00664220,unknown,,review,unknown,
0x00664880,unknown,,review,unknown,
0x006648B0,unknown,,review,unknown,
0x006648D0,unknown,,review,unknown,
0x006648E0,unknown,,review,unknown,
0x006649B0,unknown,,review,unknown,
0x00664A60,unknown,,review,unknown,
0x00664AF0,unknown,,review,unknown,
0x00664C20,unknown,,review,unknown,
0x00664ED7,unknown,,review,unknown,
0x00664EE2,unknown,,review,unknown,
0x00664F04,vc8_runtime,runtime,exclude_authored,observed,vc8-string-range-errors
0x00664F43,vc8_runtime,runtime,exclude_authored,observed,vc8-string-range-errors
0x00664F9A,vc8_runtime,runtime,exclude_authored,observed,ledger-library
0x00664FA0,third_party,assets,exclude_authored,observed,zlib-1.2.3
0x00665000,third_party,assets,exclude_authored,observed,zlib-1.2.3
0x006650D0,third_party,assets,exclude_authored,observed,zlib-1.2.3
0x006650F0,third_party,assets,exclude_authored,observed,zlib-1.2.3
0x006651E0,third_party,assets,exclude_authored,observed,zlib-1.2.3
0x006667E0,third_party,assets,exclude_authored,observed,zlib-1.2.3
0x00666830,third_party,assets,exclude_authored,observed,zlib-1.2.3
0x00666860,third_party,assets,exclude_authored,observed,zlib-1.2.3
0x006668B0,third_party,assets,exclude_authored,observed,zlib-1.2.3
0x00667090,third_party,assets,exclude_authored,observed,zlib-1.2.3
0x00667170,third_party,assets,exclude_authored,observed,zlib-1.2.3
0x00667200,third_party,assets,exclude_authored,observed,zlib-1.2.3
0x00667380,third_party,assets,exclude_authored,observed,zlib-1.2.3
0x00667450,third_party,assets,exclude_authored,observed,zlib-1.2.3
0x00667780,third_party,assets,exclude_authored,observed,zlib-1.2.3
0x00667F80,third_party,assets,exclude_authored,observed,zlib-1.2.3
0x00668010,third_party,assets,exclude_authored,observed,zlib-1.2.3
0x00668230,third_party,assets,exclude_authored,observed,zlib-1.2.3
0x00668260,third_party,assets,exclude_authored,observed,zlib-1.2.3
0x00668270,third_party,assets,exclude_authored,observed,zlib-1.2.3
0x00668510,third_party,assets,exclude_authored,observed,zlib-1.2.3
0x00668530,third_party,assets,exclude_authored,observed,zlib-1.2.3
0x00668550,third_party,assets,exclude_authored,observed,zlib-1.2.3
0x00668560,third_party,assets,exclude_authored,observed,zlib-1.2.3
0x00668A20,third_party,assets,exclude_authored,observed,zlib-1.2.3
0x00668F10,third_party,assets,exclude_authored,observed,zlib-1.2.3
0x00669190,third_party,assets,exclude_authored,observed,zlib-1.2.3
0x00669200,third_party,assets,exclude_authored,observed,zlib-1.2.3
0x006692D0,third_party,assets,exclude_authored,observed,zlib-1.2.3
0x006694F0,third_party,assets,exclude_authored,observed,zlib-1.2.3
0x006695E0,third_party,assets,exclude_authored,observed,zlib-1.2.3
0x00669AF0,third_party,assets,exclude_authored,observed,zlib-1.2.3
0x00669D50,third_party,assets,exclude_authored,observed,zlib-1.2.3
0x0066A160,third_party,assets,exclude_authored,observed,zlib-1.2.3
0x0066A230,third_party,assets,exclude_authored,observed,zlib-1.2.3
0x0066A2B0,third_party,assets,exclude_authored,observed,zlib-1.2.3
0x0066A330,third_party,assets,exclude_authored,observed,zlib-1.2.3
0x0066A3C0,third_party,assets,exclude_authored,observed,zlib-1.2.3
0x0066A430,third_party,assets,exclude_authored,observed,zlib-1.2.3
0x0066A4C0,third_party,assets,exclude_authored,observed,zlib-1.2.3
0x0066A6C0,third_party,assets,exclude_authored,observed,zlib-1.2.3
0x0066A790,third_party,assets,exclude_authored,observed,zlib-1.2.3
0x0066A830,third_party,assets,exclude_authored,observed,zlib-1.2.3
0x0066AA20,third_party,assets,exclude_authored,observed,zlib-1.2.3
0x0066AC2E,import_thunk,input,exclude_authored,observed,imm32-import-thunks
0x0066AC34,import_thunk,input,exclude_authored,observed,imm32-import-thunks
0x0066AC3A,import_thunk,input,exclude_authored,observed,imm32-import-thunks
0x0066AC40,import_thunk,input,exclude_authored,observed,imm32-import-thunks
0x0066AC46,import_thunk,input,exclude_authored,observed,imm32-import-thunks
0x0066BC50,import_thunk,input,exclude_authored,observed,dinput8-import-thunk
0x0066BFD0,third_party,audio,exclude_authored,observed,xiph-ogg-vorbis
0x0066C0D0,third_party,audio,exclude_authored,observed,xiph-ogg-vorbis
0x0066C120,third_party,audio,exclude_authored,observed,xiph-ogg-vorbis
0x0066C240,third_party,audio,exclude_authored,observed,xiph-ogg-vorbis
0x0066C390,third_party,audio,exclude_authored,observed,xiph-ogg-vorbis
0x0066C450,third_party,audio,exclude_authored,observed,xiph-ogg-vorbis
0x0066C4C0,third_party,audio,exclude_authored,observed,xiph-ogg-vorbis
0x0066C510,third_party,audio,exclude_authored,observed,xiph-ogg-vorbis
0x0066C610,third_party,audio,exclude_authored,observed,xiph-ogg-vorbis
0x0066C730,third_party,audio,exclude_authored,observed,xiph-ogg-vorbis
0x0066C770,third_party,audio,exclude_authored,observed,xiph-ogg-vorbis
0x0066C990,third_party,audio,exclude_authored,observed,xiph-ogg-vorbis
0x0066CC70,third_party,audio,exclude_authored,observed,xiph-ogg-vorbis
0x0066CCA0,third_party,audio,exclude_authored,observed,xiph-ogg-vorbis
0x0066CD10,third_party,audio,exclude_authored,observed,xiph-ogg-vorbis
0x0066CDA0,third_party,audio,exclude_authored,observed,xiph-ogg-vorbis
0x0066D0C0,third_party,audio,exclude_authored,observed,xiph-ogg-vorbis
0x0066D6B0,third_party,audio,exclude_authored,observed,xiph-ogg-vorbis
0x0066D9B0,third_party,audio,exclude_authored,observed,xiph-ogg-vorbis
0x0066DA30,third_party,audio,exclude_authored,observed,xiph-ogg-vorbis
0x0066DD00,third_party,audio,exclude_authored,observed,xiph-ogg-vorbis
0x0066DE00,third_party,audio,exclude_authored,observed,xiph-ogg-vorbis
0x0066DEF0,third_party,audio,exclude_authored,observed,xiph-ogg-vorbis
0x0066DF30,third_party,audio,exclude_authored,observed,xiph-ogg-vorbis
0x0066E290,third_party,audio,exclude_authored,observed,xiph-ogg-vorbis
0x0066E2A0,third_party,audio,exclude_authored,observed,xiph-ogg-vorbis
0x0066E2C0,third_party,audio,exclude_authored,observed,xiph-ogg-vorbis
0x0066E330,third_party,audio,exclude_authored,observed,xiph-ogg-vorbis
0x0066E350,third_party,audio,exclude_authored,observed,xiph-ogg-vorbis
0x0066E380,third_party,audio,exclude_authored,observed,xiph-ogg-vorbis
0x0066E4F0,third_party,audio,exclude_authored,observed,xiph-ogg-vorbis
0x0066E5F0,third_party,audio,exclude_authored,observed,xiph-ogg-vorbis
0x0066E620,third_party,audio,exclude_authored,observed,xiph-ogg-vorbis
0x0066E700,third_party,audio,exclude_authored,observed,xiph-ogg-vorbis
0x0066E7E0,third_party,audio,exclude_authored,observed,xiph-ogg-vorbis
0x0066EA60,third_party,audio,exclude_authored,observed,xiph-ogg-vorbis
0x0066EAB0,third_party,audio,exclude_authored,observed,xiph-ogg-vorbis
0x0066EB20,third_party,audio,exclude_authored,observed,xiph-ogg-vorbis
0x0066EB90,third_party,audio,exclude_authored,observed,xiph-ogg-vorbis
0x0066EBF0,third_party,audio,exclude_authored,observed,xiph-ogg-vorbis
0x0066EF90,third_party,audio,exclude_authored,observed,xiph-ogg-vorbis
0x0066F1C0,third_party,audio,exclude_authored,observed,xiph-ogg-vorbis
0x0066F230,third_party,audio,exclude_authored,observed,xiph-ogg-vorbis
0x0066F260,third_party,audio,exclude_authored,observed,xiph-ogg-vorbis
0x0066F8B0,third_party,audio,exclude_authored,observed,xiph-ogg-vorbis
0x0066F910,third_party,audio,exclude_authored,observed,xiph-ogg-vorbis
0x0066F940,third_party,audio,exclude_authored,observed,xiph-ogg-vorbis
0x0066FA90,third_party,audio,exclude_authored,observed,xiph-ogg-vorbis
0x0066FB70,third_party,audio,exclude_authored,observed,xiph-ogg-vorbis
0x0066FBF0,third_party,audio,exclude_authored,observed,xiph-ogg-vorbis
0x0066FC10,third_party,audio,exclude_authored,observed,xiph-ogg-vorbis
0x0066FC30,third_party,audio,exclude_authored,observed,xiph-ogg-vorbis
0x00670180,third_party,audio,exclude_authored,observed,xiph-ogg-vorbis
0x00670900,third_party,audio,exclude_authored,observed,xiph-ogg-vorbis
0x00670930,third_party,audio,exclude_authored,observed,xiph-ogg-vorbis
0x00670960,third_party,audio,exclude_authored,observed,xiph-ogg-vorbis
0x00670980,third_party,audio,exclude_authored,observed,xiph-ogg-vorbis
0x00670A40,third_party,audio,exclude_authored,observed,xiph-ogg-vorbis
0x00670AA0,third_party,audio,exclude_authored,observed,xiph-ogg-vorbis
0x00670B90,third_party,audio,exclude_authored,observed,xiph-ogg-vorbis
0x00671160,third_party,audio,exclude_authored,observed,xiph-ogg-vorbis
0x00671200,third_party,audio,exclude_authored,observed,xiph-ogg-vorbis
0x006712E0,third_party,audio,exclude_authored,observed,xiph-ogg-vorbis
0x006713B0,third_party,audio,exclude_authored,observed,xiph-ogg-vorbis
0x006714F0,third_party,audio,exclude_authored,observed,xiph-ogg-vorbis
0x00671650,third_party,audio,exclude_authored,observed,xiph-ogg-vorbis
0x006716E0,third_party,audio,exclude_authored,observed,xiph-ogg-vorbis
0x00671830,third_party,audio,exclude_authored,observed,xiph-ogg-vorbis
0x00671900,third_party,audio,exclude_authored,observed,xiph-ogg-vorbis
0x00671990,third_party,audio,exclude_authored,observed,xiph-ogg-vorbis
0x00671B40,third_party,audio,exclude_authored,observed,xiph-ogg-vorbis
0x00671C10,third_party,audio,exclude_authored,observed,xiph-ogg-vorbis
0x00671E60,third_party,audio,exclude_authored,observed,xiph-ogg-vorbis
0x00671E80,third_party,audio,exclude_authored,observed,xiph-ogg-vorbis
0x00672270,third_party,audio,exclude_authored,observed,xiph-ogg-vorbis
0x00672340,third_party,audio,exclude_authored,observed,xiph-ogg-vorbis
0x006723B0,third_party,audio,exclude_authored,observed,xiph-ogg-vorbis
0x006723C0,third_party,audio,exclude_authored,observed,xiph-ogg-vorbis
0x00672410,third_party,audio,exclude_authored,observed,xiph-ogg-vorbis
0x00672590,third_party,audio,exclude_authored,observed,xiph-ogg-vorbis
0x00672600,third_party,audio,exclude_authored,observed,xiph-ogg-vorbis
0x006727F0,third_party,audio,exclude_authored,observed,xiph-ogg-vorbis
0x006728C0,third_party,audio,exclude_authored,observed,xiph-ogg-vorbis
0x006728E0,third_party,audio,exclude_authored,observed,xiph-ogg-vorbis
0x00672940,third_party,audio,exclude_authored,observed,xiph-ogg-vorbis
0x006729A0,third_party,audio,exclude_authored,observed,xiph-ogg-vorbis
0x00672D70,third_party,audio,exclude_authored,observed,xiph-ogg-vorbis
0x00672DF0,third_party,audio,exclude_authored,observed,xiph-ogg-vorbis
0x00673030,third_party,audio,exclude_authored,observed,xiph-ogg-vorbis
0x00673070,third_party,audio,exclude_authored,observed,xiph-ogg-vorbis
0x006731A0,third_party,audio,exclude_authored,observed,xiph-ogg-vorbis
0x00673730,third_party,audio,exclude_authored,observed,xiph-ogg-vorbis
0x006738B0,third_party,audio,exclude_authored,observed,xiph-ogg-vorbis
0x00673A70,third_party,audio,exclude_authored,observed,xiph-ogg-vorbis
0x00673B50,third_party,audio,exclude_authored,observed,xiph-ogg-vorbis
0x00673B70,third_party,audio,exclude_authored,observed,xiph-ogg-vorbis
0x00673BD0,third_party,audio,exclude_authored,observed,xiph-ogg-vorbis
0x00673C00,third_party,audio,exclude_authored,observed,xiph-ogg-vorbis
0x00673DB0,third_party,audio,exclude_authored,observed,xiph-ogg-vorbis
0x00673F70,third_party,audio,exclude_authored,observed,xiph-ogg-vorbis
0x006743E0,third_party,audio,exclude_authored,observed,xiph-ogg-vorbis
0x00674F90,third_party,audio,exclude_authored,observed,xiph-ogg-vorbis
0x00674FD0,third_party,audio,exclude_authored,observed,xiph-ogg-vorbis
0x00674FF0,third_party,audio,exclude_authored,observed,xiph-ogg-vorbis
0x00675180,third_party,audio,exclude_authored,observed,xiph-ogg-vorbis
0x006751C0,third_party,audio,exclude_authored,observed,xiph-ogg-vorbis
0x006753A0,third_party,audio,exclude_authored,observed,xiph-ogg-vorbis
0x006753E0,third_party,audio,exclude_authored,observed,xiph-ogg-vorbis
0x006758F0,third_party,audio,exclude_authored,observed,xiph-ogg-vorbis
0x00675DF0,third_party,audio,exclude_authored,observed,xiph-ogg-vorbis
0x00675E80,third_party,audio,exclude_authored,observed,xiph-ogg-vorbis
0x00675FA0,third_party,audio,exclude_authored,observed,xiph-ogg-vorbis
0x00676420,third_party,audio,exclude_authored,observed,xiph-ogg-vorbis
0x00676430,third_party,audio,exclude_authored,observed,xiph-ogg-vorbis
0x00676560,third_party,audio,exclude_authored,observed,xiph-ogg-vorbis
0x00676580,third_party,audio,exclude_authored,observed,xiph-ogg-vorbis
0x006766D0,third_party,audio,exclude_authored,observed,xiph-ogg-vorbis
0x006768C0,third_party,audio,exclude_authored,observed,xiph-ogg-vorbis
0x00677240,third_party,audio,exclude_authored,observed,xiph-ogg-vorbis
0x00677270,third_party,audio,exclude_authored,observed,xiph-ogg-vorbis
0x006775E0,third_party,audio,exclude_authored,observed,xiph-ogg-vorbis
0x00677600,third_party,audio,exclude_authored,observed,xiph-ogg-vorbis
0x00677770,third_party,audio,exclude_authored,observed,xiph-ogg-vorbis
0x00677B10,third_party,audio,exclude_authored,observed,xiph-ogg-vorbis
0x00677EB0,third_party,audio,exclude_authored,observed,xiph-ogg-vorbis
0x00678070,third_party,audio,exclude_authored,observed,xiph-ogg-vorbis
0x00678340,third_party,audio,exclude_authored,observed,xiph-ogg-vorbis
0x006785D0,third_party,audio,exclude_authored,observed,xiph-ogg-vorbis
0x00678610,third_party,audio,exclude_authored,observed,xiph-ogg-vorbis
0x00678AB0,third_party,audio,exclude_authored,observed,xiph-ogg-vorbis
0x00679100,third_party,audio,exclude_authored,observed,xiph-ogg-vorbis
0x00679120,third_party,audio,exclude_authored,observed,xiph-ogg-vorbis
0x006795E0,third_party,audio,exclude_authored,observed,xiph-ogg-vorbis
0x00679630,third_party,audio,exclude_authored,observed,xiph-ogg-vorbis
0x00679820,third_party,audio,exclude_authored,observed,xiph-ogg-vorbis
0x00679850,third_party,audio,exclude_authored,observed,xiph-ogg-vorbis
0x00679A60,third_party,audio,exclude_authored,observed,xiph-ogg-vorbis
0x00679C90,third_party,audio,exclude_authored,observed,xiph-ogg-vorbis
0x00679CC0,third_party,audio,exclude_authored,observed,xiph-ogg-vorbis
0x00679D70,third_party,audio,exclude_authored,observed,xiph-ogg-vorbis
0x0067A360,third_party,audio,exclude_authored,observed,xiph-ogg-vorbis
0x0067A7F0,third_party,audio,exclude_authored,observed,xiph-ogg-vorbis
0x0067A8B0,third_party,audio,exclude_authored,observed,xiph-ogg-vorbis
0x0067A8D0,third_party,audio,exclude_authored,observed,xiph-ogg-vorbis
0x0067AB60,third_party,audio,exclude_authored,observed,xiph-ogg-vorbis
0x0067ABE0,third_party,audio,exclude_authored,observed,xiph-ogg-vorbis
0x0067AD40,third_party,audio,exclude_authored,observed,xiph-ogg-vorbis
0x0067AEC0,third_party,audio,exclude_authored,observed,xiph-ogg-vorbis
0x0067AF10,third_party,audio,exclude_authored,observed,xiph-ogg-vorbis
0x0067AF60,third_party,audio,exclude_authored,observed,xiph-ogg-vorbis
0x0067AF70,third_party,audio,exclude_authored,observed,xiph-ogg-vorbis
0x0067AFD0,import_thunk,platform,exclude_authored,observed,late-external-import-thunks
0x0067AFD6,import_thunk,platform,exclude_authored,observed,late-external-import-thunks
0x0067AFDC,import_thunk,platform,exclude_authored,observed,late-external-import-thunks
0x0067AFE2,import_thunk,platform,exclude_authored,observed,late-external-import-thunks
0x0067AFE8,import_thunk,platform,exclude_authored,observed,late-external-import-thunks
0x0067AFEE,import_thunk,platform,exclude_authored,observed,late-external-import-thunks
0x0067AFF4,import_thunk,platform,exclude_authored,observed,late-external-import-thunks
0x0067AFFA,import_thunk,platform,exclude_authored,observed,late-external-import-thunks
0x0067B000,import_thunk,platform,exclude_authored,observed,late-external-import-thunks
0x0067B006,import_thunk,platform,exclude_authored,observed,late-external-import-thunks
0x0067B00C,import_thunk,platform,exclude_authored,observed,late-external-import-thunks
0x0067B012,import_thunk,platform,exclude_authored,observed,late-external-import-thunks
0x0067B018,import_thunk,platform,exclude_authored,observed,late-external-import-thunks
0x0067B01E,import_thunk,platform,exclude_authored,observed,late-external-import-thunks
0x0067B024,import_thunk,platform,exclude_authored,observed,late-external-import-thunks
0x0067B02A,vc8_runtime,runtime,exclude_authored,observed,ledger-library
0x0067B02F,vc8_runtime,runtime,exclude_authored,observed,vc8-type-info-destructors
0x0067B03D,vc8_runtime,runtime,exclude_authored,observed,vc8-type-info-destructors
0x0067B059,vc8_runtime,runtime,exclude_authored,inferred,vc8-static-runtime-core
0x0067B074,vc8_runtime,runtime,exclude_authored,inferred,vc8-static-runtime-core
0x0067B09E,vc8_runtime,runtime,exclude_authored,inferred,vc8-static-runtime-core
0x0067B0CE,vc8_runtime,runtime,exclude_authored,inferred,vc8-static-runtime-core
0x0067B0D5,vc8_runtime,runtime,exclude_authored,inferred,vc8-static-runtime-core
0x0067B127,vc8_runtime,runtime,exclude_authored,inferred,vc8-static-runtime-core
0x0067B18D,vc8_runtime,runtime,exclude_authored,inferred,vc8-static-runtime-core
0x0067B262,vc8_runtime,runtime,exclude_authored,inferred,vc8-static-runtime-core
0x0067B2FF,vc8_runtime,runtime,exclude_authored,inferred,vc8-static-runtime-core
0x0067B372,vc8_runtime,runtime,exclude_authored,inferred,vc8-static-runtime-core
0x0067B39A,vc8_runtime,runtime,exclude_authored,inferred,vc8-static-runtime-core
0x0067B3BB,vc8_runtime,runtime,exclude_authored,inferred,vc8-static-runtime-core
0x0067B407,vc8_runtime,runtime,exclude_authored,inferred,vc8-static-runtime-core
0x0067B465,vc8_runtime,runtime,exclude_authored,inferred,vc8-static-runtime-core
0x0067B474,vc8_runtime,runtime,exclude_authored,inferred,vc8-static-runtime-core
0x0067B475,vc8_runtime,runtime,exclude_authored,inferred,vc8-static-runtime-core
0x0067B4D5,vc8_runtime,runtime,exclude_authored,inferred,vc8-static-runtime-core
0x0067B4F3,vc8_runtime,runtime,exclude_authored,inferred,vc8-static-runtime-core
0x0067B50C,vc8_runtime,runtime,exclude_authored,inferred,vc8-static-runtime-core
0x0067B576,vc8_runtime,runtime,exclude_authored,inferred,vc8-static-runtime-core
0x0067B5F1,vc8_runtime,runtime,exclude_authored,inferred,vc8-static-runtime-core
0x0067B64C,vc8_runtime,runtime,exclude_authored,inferred,vc8-static-runtime-core
0x0067B65D,vc8_runtime,runtime,exclude_authored,inferred,vc8-static-runtime-core
0x0067B6AB,vc8_runtime,runtime,exclude_authored,inferred,vc8-static-runtime-core
0x0067B6C3,vc8_runtime,runtime,exclude_authored,inferred,vc8-static-runtime-core
0x0067B71B,vc8_runtime,runtime,exclude_authored,inferred,vc8-static-runtime-core
0x0067B731,vc8_runtime,runtime,exclude_authored,inferred,vc8-static-runtime-core
0x0067B73E,vc8_runtime,runtime,exclude_authored,inferred,vc8-static-runtime-core
0x0067B75A,vc8_runtime,runtime,exclude_authored,inferred,vc8-static-runtime-core
0x0067B764,vc8_runtime,runtime,exclude_authored,inferred,vc8-static-runtime-core
0x0067B860,vc8_runtime,runtime,exclude_authored,inferred,vc8-static-runtime-core
0x0067B884,vc8_runtime,runtime,exclude_authored,inferred,vc8-static-runtime-core
0x0067B894,vc8_runtime,runtime,exclude_authored,inferred,vc8-static-runtime-core
0x0067B8E0,vc8_runtime,runtime,exclude_authored,inferred,vc8-static-runtime-core
0x0067B98B,vc8_runtime,runtime,exclude_authored,inferred,vc8-static-runtime-core
0x0067B9E9,vc8_runtime,runtime,exclude_authored,inferred,vc8-static-runtime-core
0x0067BA34,vc8_runtime,runtime,exclude_authored,inferred,vc8-static-runtime-core
0x0067BA4C,vc8_runtime,runtime,exclude_authored,inferred,vc8-static-runtime-core
0x0067BA99,vc8_runtime,runtime,exclude_authored,inferred,vc8-static-runtime-core
0x0067BAC0,vc8_runtime,runtime,exclude_authored,inferred,vc8-static-runtime-core
0x0067BADD,vc8_runtime,runtime,exclude_authored,inferred,vc8-static-runtime-core
0x0067BB80,vc8_runtime,runtime,exclude_authored,inferred,vc8-static-runtime-core
0x0067BC00,vc8_runtime,runtime,exclude_authored,inferred,vc8-static-runtime-core
0x0067BCAD,vc8_runtime,runtime,exclude_authored,inferred,vc8-static-runtime-core
0x0067BD2F,vc8_runtime,runtime,exclude_authored,inferred,vc8-static-runtime-core
0x0067BDE9,vc8_runtime,runtime,exclude_authored,inferred,vc8-static-runtime-core
0x0067BDFC,vc8_runtime,runtime,exclude_authored,inferred,vc8-static-runtime-core
0x0067C0C1,vc8_runtime,runtime,exclude_authored,inferred,vc8-static-runtime-core
0x0067C0FD,vc8_runtime,runtime,exclude_authored,inferred,vc8-static-runtime-core
0x0067C14E,vc8_runtime,runtime,exclude_authored,inferred,vc8-static-runtime-core
0x0067C166,vc8_runtime,runtime,exclude_authored,inferred,vc8-static-runtime-core
0x0067C170,vc8_runtime,runtime,exclude_authored,inferred,vc8-static-runtime-core
0x0067C4D5,vc8_runtime,runtime,exclude_authored,inferred,vc8-static-runtime-core
0x0067C53A,vc8_runtime,runtime,exclude_authored,inferred,vc8-static-runtime-core
0x0067C622,vc8_runtime,runtime,exclude_authored,inferred,vc8-static-runtime-core
0x0067C658,vc8_runtime,runtime,exclude_authored,inferred,vc8-static-runtime-core
0x0067C65E,vc8_runtime,runtime,exclude_authored,inferred,vc8-static-runtime-core
0x0067C670,vc8_runtime,runtime,exclude_authored,inferred,vc8-static-runtime-core
0x0067C6A5,vc8_runtime,runtime,exclude_authored,inferred,vc8-static-runtime-core
0x0067C778,vc8_runtime,runtime,exclude_authored,inferred,vc8-static-runtime-core
0x0067C7C8,vc8_runtime,runtime,exclude_authored,inferred,vc8-static-runtime-core
0x0067C8BE,vc8_runtime,runtime,exclude_authored,inferred,vc8-static-runtime-core
0x0067C8E6,vc8_runtime,runtime,exclude_authored,inferred,vc8-static-runtime-core
0x0067C8F7,vc8_runtime,runtime,exclude_authored,inferred,vc8-static-runtime-core
0x0067C8FC,vc8_runtime,runtime,exclude_authored,inferred,vc8-static-runtime-core
0x0067C9E8,vc8_runtime,runtime,exclude_authored,inferred,vc8-static-runtime-core
0x0067CA9B,vc8_runtime,runtime,exclude_authored,inferred,vc8-static-runtime-core
0x0067CAB7,vc8_runtime,runtime,exclude_authored,inferred,vc8-static-runtime-core
0x0067CB60,vc8_runtime,runtime,exclude_authored,inferred,vc8-static-runtime-core
0x0067CB6E,vc8_runtime,runtime,exclude_authored,inferred,vc8-static-runtime-core
0x0067CC2E,vc8_runtime,runtime,exclude_authored,inferred,vc8-static-runtime-core
0x0067CC50,vc8_runtime,runtime,exclude_authored,inferred,vc8-static-runtime-core
0x0067CDB0,vc8_runtime,runtime,exclude_authored,inferred,vc8-static-runtime-core
0x0067CDFF,vc8_runtime,runtime,exclude_authored,inferred,vc8-static-runtime-core
0x0067CE08,vc8_runtime,runtime,exclude_authored,inferred,vc8-static-runtime-core
0x0067CEA0,vc8_runtime,runtime,exclude_authored,inferred,vc8-static-runtime-core
0x0067CECD,vc8_runtime,runtime,exclude_authored,inferred,vc8-static-runtime-core
0x0067CEF1,vc8_runtime,runtime,exclude_authored,inferred,vc8-static-runtime-core
0x0067CF32,vc8_runtime,runtime,exclude_authored,inferred,vc8-static-runtime-core
0x0067D112,vc8_runtime,runtime,exclude_authored,inferred,vc8-static-runtime-core
0x0067D130,vc8_runtime,runtime,exclude_authored,inferred,vc8-static-runtime-core
0x0067D1EE,vc8_runtime,runtime,exclude_authored,inferred,vc8-static-runtime-core
0x0067D2B0,vc8_runtime,runtime,exclude_authored,inferred,vc8-static-runtime-core
0x0067D2D0,vc8_runtime,runtime,exclude_authored,inferred,vc8-static-runtime-core
0x0067D35F,vc8_runtime,runtime,exclude_authored,inferred,vc8-static-runtime-core
0x0067D3F9,vc8_runtime,runtime,exclude_authored,inferred,vc8-static-runtime-core
0x0067D463,vc8_runtime,runtime,exclude_authored,inferred,vc8-static-runtime-core
0x0067D4D4,vc8_runtime,runtime,exclude_authored,inferred,vc8-static-runtime-core
0x0067D6E0,vc8_runtime,runtime,exclude_authored,inferred,vc8-static-runtime-core
0x0067D760,vc8_runtime,runtime,exclude_authored,inferred,vc8-static-runtime-core
0x0067D7BD,vc8_runtime,runtime,exclude_authored,inferred,vc8-static-runtime-core
0x0067D982,vc8_runtime,runtime,exclude_authored,inferred,vc8-static-runtime-core
0x0067D9B0,vc8_runtime,runtime,exclude_authored,inferred,vc8-static-runtime-core
0x0067DB00,vc8_runtime,runtime,exclude_authored,inferred,vc8-static-runtime-core
0x0067DB20,vc8_runtime,runtime,exclude_authored,inferred,vc8-static-runtime-core
0x0067DBAB,vc8_runtime,runtime,exclude_authored,inferred,vc8-static-runtime-core
0x0067DBDE,vc8_runtime,runtime,exclude_authored,inferred,vc8-static-runtime-core
0x0067DC14,vc8_runtime,runtime,exclude_authored,inferred,vc8-static-runtime-core
0x0067DC5A,vc8_runtime,runtime,exclude_authored,inferred,vc8-static-runtime-core
0x0067DC63,vc8_runtime,runtime,exclude_authored,inferred,vc8-static-runtime-core
0x0067DD26,vc8_runtime,runtime,exclude_authored,inferred,vc8-static-runtime-core
0x0067DD7C,vc8_runtime,runtime,exclude_authored,inferred,vc8-static-runtime-core
0x0067DDB4,vc8_runtime,runtime,exclude_authored,inferred,vc8-static-runtime-core
0x0067DEB0,vc8_runtime,runtime,exclude_authored,inferred,vc8-static-runtime-core
0x0067DED2,vc8_runtime,runtime,exclude_authored,inferred,vc8-static-runtime-core
0x0067DF11,vc8_runtime,runtime,exclude_authored,inferred,vc8-static-runtime-core
0x0067DF4C,vc8_runtime,runtime,exclude_authored,inferred,vc8-static-runtime-core
0x0067DF5F,vc8_runtime,runtime,exclude_authored,inferred,vc8-static-runtime-core
0x0067DF72,vc8_runtime,runtime,exclude_authored,inferred,vc8-static-runtime-core
0x0067DF90,vc8_runtime,runtime,exclude_authored,inferred,vc8-static-runtime-core
0x0067E03A,vc8_runtime,runtime,exclude_authored,inferred,vc8-static-runtime-core
0x0067E17E,vc8_runtime,runtime,exclude_authored,inferred,vc8-static-runtime-core
0x0067E255,vc8_runtime,runtime,exclude_authored,inferred,vc8-static-runtime-core
0x0067E3C0,vc8_runtime,runtime,exclude_authored,inferred,vc8-static-runtime-core
0x0067E4F0,vc8_runtime,runtime,exclude_authored,inferred,vc8-static-runtime-core
0x0067E520,vc8_runtime,runtime,exclude_authored,inferred,vc8-static-runtime-core
0x0067E560,vc8_runtime,runtime,exclude_authored,inferred,vc8-static-runtime-core
0x0067E590,vc8_runtime,runtime,exclude_authored,inferred,vc8-static-runtime-core
0x0067E900,vc8_runtime,runtime,exclude_authored,inferred,vc8-static-runtime-core
0x0067E930,vc8_runtime,runtime,exclude_authored,inferred,vc8-static-runtime-core
0x0067E960,vc8_runtime,runtime,exclude_authored,inferred,vc8-static-runtime-core
0x0067E9F0,vc8_runtime,runtime,exclude_authored,inferred,vc8-static-runtime-core
0x0067EC97,vc8_runtime,runtime,exclude_authored,inferred,vc8-static-runtime-core
0x0067EE45,vc8_runtime,runtime,exclude_authored,inferred,vc8-static-runtime-core
0x0067EE69,vc8_runtime,runtime,exclude_authored,inferred,vc8-static-runtime-core
0x0067EE8F,vc8_runtime,runtime,exclude_authored,inferred,vc8-static-runtime-core
0x0067EEA4,vc8_runtime,runtime,exclude_authored,inferred,vc8-static-runtime-core
0x0067EEAD,vc8_runtime,runtime,exclude_authored,inferred,vc8-static-runtime-core
0x0067EEB6,vc8_runtime,runtime,exclude_authored,inferred,vc8-static-runtime-core
0x0067EECE,vc8_runtime,runtime,exclude_authored,inferred,vc8-static-runtime-core
0x0067EEEE,vc8_runtime,runtime,exclude_authored,inferred,vc8-static-runtime-core
0x0067EF25,vc8_runtime,runtime,exclude_authored,inferred,vc8-static-runtime-core
0x0067EF61,vc8_runtime,runtime,exclude_authored,inferred,vc8-static-runtime-core
0x0067EFF3,vc8_runtime,runtime,exclude_authored,inferred,vc8-static-runtime-core
0x0067F0C0,vc8_runtime,runtime,exclude_authored,inferred,vc8-static-runtime-core
0x0067F0D5,vc8_runtime,runtime,exclude_authored,inferred,vc8-static-runtime-core
0x0067F0E6,vc8_runtime,runtime,exclude_authored,inferred,vc8-static-runtime-core
0x0067F0F7,vc8_runtime,runtime,exclude_authored,inferred,vc8-static-runtime-core
0x0067F115,vc8_runtime,runtime,exclude_authored,inferred,vc8-static-runtime-core
0x0067F161,vc8_runtime,runtime,exclude_authored,inferred,vc8-static-runtime-core
0x0067F386,vc8_runtime,runtime,exclude_authored,inferred,vc8-static-runtime-core
0x0067F3ED,vc8_runtime,runtime,exclude_authored,inferred,vc8-static-runtime-core
0x0067F400,vc8_runtime,runtime,exclude_authored,inferred,vc8-static-runtime-core
0x0067F488,vc8_runtime,runtime,exclude_authored,inferred,vc8-static-runtime-core
0x0067F57B,vc8_runtime,runtime,exclude_authored,inferred,vc8-static-runtime-core
0x0067F599,vc8_runtime,runtime,exclude_authored,inferred,vc8-static-runtime-core
0x0067F739,vc8_runtime,runtime,exclude_authored,inferred,vc8-static-runtime-core
0x0067F772,vc8_runtime,runtime,exclude_authored,inferred,vc8-static-runtime-core
0x0067F7DE,vc8_runtime,runtime,exclude_authored,inferred,vc8-static-runtime-core
0x0067F84C,vc8_runtime,runtime,exclude_authored,inferred,vc8-static-runtime-core
0x0067F855,vc8_runtime,runtime,exclude_authored,inferred,vc8-static-runtime-core
0x0067F8CC,vc8_runtime,runtime,exclude_authored,inferred,vc8-static-runtime-core
0x0067F8FE,vc8_runtime,runtime,exclude_authored,inferred,vc8-static-runtime-core
0x0067F93B,vc8_runtime,runtime,exclude_authored,inferred,vc8-static-runtime-core
0x0067F9F1,vc8_runtime,runtime,exclude_authored,inferred,vc8-static-runtime-core
0x0067F9FA,vc8_runtime,runtime,exclude_authored,inferred,vc8-static-runtime-core
0x0067FA71,vc8_runtime,runtime,exclude_authored,inferred,vc8-static-runtime-core
0x0067FB95,vc8_runtime,runtime,exclude_authored,inferred,vc8-static-runtime-core
0x0067FBA1,vc8_runtime,runtime,exclude_authored,inferred,vc8-static-runtime-core
0x0067FBAA,vc8_runtime,runtime,exclude_authored,inferred,vc8-static-runtime-core
0x0067FD2E,vc8_runtime,runtime,exclude_authored,inferred,vc8-static-runtime-core
0x0067FD43,vc8_runtime,runtime,exclude_authored,inferred,vc8-static-runtime-core
0x0067FD65,vc8_runtime,runtime,exclude_authored,inferred,vc8-static-runtime-core
0x0067FE05,vc8_runtime,runtime,exclude_authored,inferred,vc8-static-runtime-core
0x0067FECB,vc8_runtime,runtime,exclude_authored,inferred,vc8-static-runtime-core
0x0067FF2B,vc8_runtime,runtime,exclude_authored,inferred,vc8-static-runtime-core
0x0067FF7F,vc8_runtime,runtime,exclude_authored,inferred,vc8-static-runtime-core
0x0067FFA4,vc8_runtime,runtime,exclude_authored,inferred,vc8-static-runtime-core
0x0068001D,vc8_runtime,runtime,exclude_authored,inferred,vc8-static-runtime-core
0x0068004E,vc8_runtime,runtime,exclude_authored,inferred,vc8-static-runtime-core
0x00680066,vc8_runtime,runtime,exclude_authored,inferred,vc8-static-runtime-core
0x0068018C,vc8_runtime,runtime,exclude_authored,inferred,vc8-static-runtime-core
0x00680202,vc8_runtime,runtime,exclude_authored,inferred,vc8-static-runtime-core
0x00680381,vc8_runtime,runtime,exclude_authored,inferred,vc8-static-runtime-core
0x00680412,vc8_runtime,runtime,exclude_authored,inferred,vc8-static-runtime-core
0x0068047E,vc8_runtime,runtime,exclude_authored,inferred,vc8-static-runtime-core
0x00680570,vc8_runtime,runtime,exclude_authored,inferred,vc8-static-runtime-core
0x006808DE,vc8_runtime,runtime,exclude_authored,inferred,vc8-static-runtime-core
0x006809C2,vc8_runtime,runtime,exclude_authored,inferred,vc8-static-runtime-core
0x006809FB,vc8_runtime,runtime,exclude_authored,inferred,vc8-static-runtime-core
0x00680A0E,vc8_runtime,runtime,exclude_authored,inferred,vc8-static-runtime-core
0x00680A45,vc8_runtime,runtime,exclude_authored,inferred,vc8-static-runtime-core
0x00680A60,vc8_runtime,runtime,exclude_authored,inferred,vc8-static-runtime-core
0x00680AAC,vc8_runtime,runtime,exclude_authored,inferred,vc8-static-runtime-core
0x00680BB0,vc8_runtime,runtime,exclude_authored,inferred,vc8-static-runtime-core
0x00680C21,vc8_runtime,runtime,exclude_authored,inferred,vc8-static-runtime-core
0x00680CB7,vc8_runtime,runtime,exclude_authored,inferred,vc8-static-runtime-core
0x00680D0E,vc8_runtime,runtime,exclude_authored,inferred,vc8-static-runtime-core
0x00680D47,vc8_runtime,runtime,exclude_authored,inferred,vc8-static-runtime-core
0x00680EB4,vc8_runtime,runtime,exclude_authored,inferred,vc8-static-runtime-core
0x00680F82,vc8_runtime,runtime,exclude_authored,inferred,vc8-static-runtime-core
0x00680FA0,vc8_runtime,runtime,exclude_authored,inferred,vc8-static-runtime-core
0x00681311,vc8_runtime,runtime,exclude_authored,inferred,vc8-static-runtime-core
0x00681406,vc8_runtime,runtime,exclude_authored,inferred,vc8-static-runtime-core
0x006814BF,vc8_runtime,runtime,exclude_authored,inferred,vc8-static-runtime-core
0x006815B7,vc8_runtime,runtime,exclude_authored,inferred,vc8-static-runtime-core
0x0068163D,vc8_runtime,runtime,exclude_authored,inferred,vc8-static-runtime-core
0x0068165E,vc8_runtime,runtime,exclude_authored,inferred,vc8-static-runtime-core
0x0068167D,vc8_runtime,runtime,exclude_authored,inferred,vc8-static-runtime-core
0x006816A6,vc8_runtime,runtime,exclude_authored,inferred,vc8-static-runtime-core
0x006816E2,vc8_runtime,runtime,exclude_authored,inferred,vc8-static-runtime-core
0x0068170B,vc8_runtime,runtime,exclude_authored,inferred,vc8-static-runtime-core
0x00681715,vc8_runtime,runtime,exclude_authored,inferred,vc8-static-runtime-core
0x00681737,vc8_runtime,runtime,exclude_authored,inferred,vc8-static-runtime-core
0x00681754,vc8_runtime,runtime,exclude_authored,inferred,vc8-static-runtime-core
0x00681799,vc8_runtime,runtime,exclude_authored,inferred,vc8-static-runtime-core
0x006817B0,vc8_runtime,runtime,exclude_authored,inferred,vc8-static-runtime-core
0x00681950,vc8_runtime,runtime,exclude_authored,inferred,vc8-static-runtime-core
0x006819B7,vc8_runtime,runtime,exclude_authored,inferred,vc8-static-runtime-core
0x00681B13,vc8_runtime,runtime,exclude_authored,inferred,vc8-static-runtime-core
0x00681B20,vc8_runtime,runtime,exclude_authored,inferred,vc8-static-runtime-core
0x00681B37,vc8_runtime,runtime,exclude_authored,inferred,vc8-static-runtime-core
0x00681B80,vc8_runtime,runtime,exclude_authored,inferred,vc8-static-runtime-core
0x00681B95,vc8_runtime,runtime,exclude_authored,inferred,vc8-static-runtime-core
0x00681BAC,vc8_runtime,runtime,exclude_authored,inferred,vc8-static-runtime-core
0x00681BC5,vc8_runtime,runtime,exclude_authored,inferred,vc8-static-runtime-core
0x00681C08,vc8_runtime,runtime,exclude_authored,inferred,vc8-static-runtime-core
0x00681C1E,vc8_runtime,runtime,exclude_authored,inferred,vc8-static-runtime-core
0x00681C2B,vc8_runtime,runtime,exclude_authored,inferred,vc8-static-runtime-core
0x00681C69,vc8_runtime,runtime,exclude_authored,inferred,vc8-static-runtime-core
0x00681D0C,vc8_runtime,runtime,exclude_authored,inferred,vc8-static-runtime-core
0x00681D63,vc8_runtime,runtime,exclude_authored,inferred,vc8-static-runtime-core
0x00681DF2,vc8_runtime,runtime,exclude_authored,inferred,vc8-static-runtime-core
0x00681E21,vc8_runtime,runtime,exclude_authored,inferred,vc8-static-runtime-core
0x00681E76,vc8_runtime,runtime,exclude_authored,inferred,vc8-static-runtime-core
0x00682000,vc8_runtime,runtime,exclude_authored,inferred,vc8-static-runtime-core
0x0068209B,vc8_runtime,runtime,exclude_authored,inferred,vc8-static-runtime-core
0x006820A4,vc8_runtime,runtime,exclude_authored,inferred,vc8-static-runtime-core
0x0068211E,vc8_runtime,runtime,exclude_authored,inferred,vc8-static-runtime-core
0x006822F7,vc8_runtime,runtime,exclude_authored,inferred,vc8-static-runtime-core
0x00682458,vc8_runtime,runtime,exclude_authored,inferred,vc8-static-runtime-core
0x00682491,vc8_runtime,runtime,exclude_authored,inferred,vc8-static-runtime-core
0x006824AF,vc8_runtime,runtime,exclude_authored,inferred,vc8-static-runtime-core
0x006825EF,vc8_runtime,runtime,exclude_authored,inferred,vc8-static-runtime-core
0x00682675,vc8_runtime,runtime,exclude_authored,inferred,vc8-static-runtime-core
0x00682701,vc8_runtime,runtime,exclude_authored,inferred,vc8-static-runtime-core
0x0068273F,vc8_runtime,runtime,exclude_authored,inferred,vc8-static-runtime-core
0x006827A9,vc8_runtime,runtime,exclude_authored,inferred,vc8-static-runtime-core
0x006827B5,vc8_runtime,runtime,exclude_authored,inferred,vc8-static-runtime-core
0x00682A64,vc8_runtime,runtime,exclude_authored,inferred,vc8-static-runtime-core
0x00682AFE,vc8_runtime,runtime,exclude_authored,inferred,vc8-static-runtime-core
0x00682CF3,vc8_runtime,runtime,exclude_authored,inferred,vc8-static-runtime-core
0x00682EA1,vc8_runtime,runtime,exclude_authored,inferred,vc8-static-runtime-core
0x00682EE7,vc8_runtime,runtime,exclude_authored,inferred,vc8-static-runtime-core
0x00682EF0,vc8_runtime,runtime,exclude_authored,inferred,vc8-static-runtime-core
0x00682F28,vc8_runtime,runtime,exclude_authored,inferred,vc8-static-runtime-core
0x00682F31,vc8_runtime,runtime,exclude_authored,inferred,vc8-static-runtime-core
0x0068316D,vc8_runtime,runtime,exclude_authored,inferred,vc8-static-runtime-core
0x006831A1,vc8_runtime,runtime,exclude_authored,inferred,vc8-static-runtime-core
0x006831D5,vc8_runtime,runtime,exclude_authored,inferred,vc8-static-runtime-core
0x00683209,vc8_runtime,runtime,exclude_authored,inferred,vc8-static-runtime-core
0x0068320F,vc8_runtime,runtime,exclude_authored,inferred,vc8-static-runtime-core
0x00683215,vc8_runtime,runtime,exclude_authored,inferred,vc8-static-runtime-core
0x0068321B,vc8_runtime,runtime,exclude_authored,inferred,vc8-static-runtime-core
0x00683230,vc8_runtime,runtime,exclude_authored,inferred,vc8-static-runtime-core
0x006832F0,vc8_runtime,runtime,exclude_authored,inferred,vc8-static-runtime-core
0x00683358,vc8_runtime,runtime,exclude_authored,inferred,vc8-static-runtime-core
0x006833DF,vc8_runtime,runtime,exclude_authored,inferred,vc8-static-runtime-core
0x006834C2,vc8_runtime,runtime,exclude_authored,inferred,vc8-static-runtime-core
0x00683502,vc8_runtime,runtime,exclude_authored,inferred,vc8-static-runtime-core
0x0068354A,vc8_runtime,runtime,exclude_authored,inferred,vc8-static-runtime-core
0x00683595,vc8_runtime,runtime,exclude_authored,inferred,vc8-static-runtime-core
0x006835E5,vc8_runtime,runtime,exclude_authored,inferred,vc8-static-runtime-core
0x0068367F,vc8_runtime,runtime,exclude_authored,inferred,vc8-static-runtime-core
0x00683688,vc8_runtime,runtime,exclude_authored,inferred,vc8-static-runtime-core
0x0068379F,vc8_runtime,runtime,exclude_authored,inferred,vc8-static-runtime-core
0x006837C6,vc8_runtime,runtime,exclude_authored,inferred,vc8-static-runtime-core
0x00683926,vc8_runtime,runtime,exclude_authored,inferred,vc8-static-runtime-core
0x0068394B,vc8_runtime,runtime,exclude_authored,inferred,vc8-static-runtime-core
0x00683970,vc8_runtime,runtime,exclude_authored,inferred,vc8-static-runtime-core
0x006842CF,vc8_runtime,runtime,exclude_authored,inferred,vc8-static-runtime-core
0x006844FA,vc8_runtime,runtime,exclude_authored,inferred,vc8-static-runtime-core
0x00684523,vc8_runtime,runtime,exclude_authored,inferred,vc8-static-runtime-core
0x006845ED,vc8_runtime,runtime,exclude_authored,inferred,vc8-static-runtime-core
0x00684673,vc8_runtime,runtime,exclude_authored,inferred,vc8-static-runtime-core
0x00684718,vc8_runtime,runtime,exclude_authored,inferred,vc8-static-runtime-core
0x006847CE,vc8_runtime,runtime,exclude_authored,inferred,vc8-static-runtime-core
0x00684E8E,vc8_runtime,runtime,exclude_authored,inferred,vc8-static-runtime-core
0x00685210,vc8_runtime,runtime,exclude_authored,inferred,vc8-static-runtime-core
0x0068522E,vc8_runtime,runtime,exclude_authored,inferred,vc8-static-runtime-core
0x006853D8,vc8_runtime,runtime,exclude_authored,inferred,vc8-static-runtime-core
0x00685423,vc8_runtime,runtime,exclude_authored,inferred,vc8-static-runtime-core
0x00685581,vc8_runtime,runtime,exclude_authored,inferred,vc8-static-runtime-core
0x006855DE,vc8_runtime,runtime,exclude_authored,inferred,vc8-static-runtime-core
0x006856B9,vc8_runtime,runtime,exclude_authored,inferred,vc8-static-runtime-core
0x00685851,vc8_runtime,runtime,exclude_authored,inferred,vc8-static-runtime-core
0x0068590A,vc8_runtime,runtime,exclude_authored,inferred,vc8-static-runtime-core
0x00685A3F,vc8_runtime,runtime,exclude_authored,inferred,vc8-static-runtime-core
0x00685C7F,vc8_runtime,runtime,exclude_authored,inferred,vc8-static-runtime-core
0x00685CC7,vc8_runtime,runtime,exclude_authored,inferred,vc8-static-runtime-core
0x00685D22,vc8_runtime,runtime,exclude_authored,inferred,vc8-static-runtime-core
0x00685D7C,vc8_runtime,runtime,exclude_authored,inferred,vc8-static-runtime-core
0x00685E10,vc8_runtime,runtime,exclude_authored,inferred,vc8-static-runtime-core
0x006860EA,vc8_runtime,runtime,exclude_authored,inferred,vc8-static-runtime-core
0x0068610B,vc8_runtime,runtime,exclude_authored,inferred,vc8-static-runtime-core
0x006862EC,vc8_runtime,runtime,exclude_authored,inferred,vc8-static-runtime-core
0x00686314,vc8_runtime,runtime,exclude_authored,inferred,vc8-static-runtime-core
0x00686341,vc8_runtime,runtime,exclude_authored,inferred,vc8-static-runtime-core
0x006863DF,vc8_runtime,runtime,exclude_authored,inferred,vc8-static-runtime-core
0x00686432,vc8_runtime,runtime,exclude_authored,inferred,vc8-static-runtime-core
0x00686491,vc8_runtime,runtime,exclude_authored,inferred,vc8-static-runtime-core
0x0068654B,vc8_runtime,runtime,exclude_authored,inferred,vc8-static-runtime-core
0x00686617,vc8_runtime,runtime,exclude_authored,inferred,vc8-static-runtime-core
0x00686641,vc8_runtime,runtime,exclude_authored,inferred,vc8-static-runtime-core
0x0068669C,vc8_runtime,runtime,exclude_authored,inferred,vc8-static-runtime-core
0x0068674B,vc8_runtime,runtime,exclude_authored,inferred,vc8-static-runtime-core
0x00686756,vc8_runtime,runtime,exclude_authored,inferred,vc8-static-runtime-core
0x00686762,vc8_runtime,runtime,exclude_authored,inferred,vc8-static-runtime-core
0x00686789,vc8_runtime,runtime,exclude_authored,inferred,vc8-static-runtime-core
0x006867DF,vc8_runtime,runtime,exclude_authored,inferred,vc8-static-runtime-core
0x006868CC,vc8_runtime,runtime,exclude_authored,inferred,vc8-static-runtime-core
0x00686910,vc8_runtime,runtime,exclude_authored,inferred,vc8-static-runtime-core
0x0068694E,vc8_runtime,runtime,exclude_authored,inferred,vc8-static-runtime-core
0x0068698B,vc8_runtime,runtime,exclude_authored,inferred,vc8-static-runtime-core
0x006869D3,vc8_runtime,runtime,exclude_authored,inferred,vc8-static-runtime-core
0x006869DA,vc8_runtime,runtime,exclude_authored,inferred,vc8-static-runtime-core
0x00686B21,vc8_runtime,runtime,exclude_authored,inferred,vc8-static-runtime-core
0x00686B54,vc8_runtime,runtime,exclude_authored,inferred,vc8-static-runtime-core
0x00686B90,vc8_runtime,runtime,exclude_authored,inferred,vc8-static-runtime-core
0x00686BA8,vc8_runtime,runtime,exclude_authored,inferred,vc8-static-runtime-core
0x00686BAE,vc8_runtime,runtime,exclude_authored,inferred,vc8-static-runtime-core
0x00686D3C,vc8_runtime,runtime,exclude_authored,inferred,vc8-static-runtime-core
0x00686DCA,vc8_runtime,runtime,exclude_authored,inferred,vc8-static-runtime-core
0x00686E6A,vc8_runtime,runtime,exclude_authored,inferred,vc8-static-runtime-core
0x0068716D,vc8_runtime,runtime,exclude_authored,inferred,vc8-static-runtime-core
0x006871BE,vc8_runtime,runtime,exclude_authored,inferred,vc8-static-runtime-core
0x006879E6,vc8_runtime,runtime,exclude_authored,inferred,vc8-static-runtime-core
0x00687BEC,vc8_runtime,runtime,exclude_authored,inferred,vc8-static-runtime-core
0x00687F70,vc8_runtime,runtime,exclude_authored,inferred,vc8-static-runtime-core
0x00687F89,vc8_runtime,runtime,exclude_authored,inferred,vc8-static-runtime-core
0x00688CD7,vc8_runtime,runtime,exclude_authored,inferred,vc8-static-runtime-core
0x00688D3B,vc8_runtime,runtime,exclude_authored,inferred,vc8-static-runtime-core
0x00688E80,vc8_runtime,runtime,exclude_authored,inferred,vc8-static-runtime-core
0x00688E98,vc8_runtime,runtime,exclude_authored,inferred,vc8-static-runtime-core
0x00688E9E,vc8_runtime,runtime,exclude_authored,inferred,vc8-static-runtime-core
0x00689110,vc8_runtime,runtime,exclude_authored,inferred,vc8-static-runtime-core
0x006892B1,vc8_runtime,runtime,exclude_authored,inferred,vc8-static-runtime-core
0x006892FA,vc8_runtime,runtime,exclude_authored,inferred,vc8-static-runtime-core
0x0068934F,vc8_runtime,runtime,exclude_authored,inferred,vc8-static-runtime-core
0x00689364,vc8_runtime,runtime,exclude_authored,inferred,vc8-static-runtime-core
0x0068941E,vc8_runtime,runtime,exclude_authored,inferred,vc8-static-runtime-core
0x00689427,vc8_runtime,runtime,exclude_authored,inferred,vc8-static-runtime-core
0x00689458,vc8_runtime,runtime,exclude_authored,inferred,vc8-static-runtime-core
0x006894A0,vc8_runtime,runtime,exclude_authored,inferred,vc8-static-runtime-core
0x006894C4,vc8_runtime,runtime,exclude_authored,inferred,vc8-static-runtime-core
0x006894CB,vc8_runtime,runtime,exclude_authored,inferred,vc8-static-runtime-core
0x006897DF,vc8_runtime,runtime,exclude_authored,inferred,vc8-static-runtime-core
0x0068988F,vc8_runtime,runtime,exclude_authored,inferred,vc8-static-runtime-core
0x00689995,vc8_runtime,runtime,exclude_authored,inferred,vc8-static-runtime-core
0x00689C74,vc8_runtime,runtime,exclude_authored,inferred,vc8-static-runtime-core
0x00689F57,vc8_runtime,runtime,exclude_authored,inferred,vc8-static-runtime-core
0x00689F84,vc8_runtime,runtime,exclude_authored,inferred,vc8-static-runtime-core
0x0068A298,vc8_runtime,runtime,exclude_authored,inferred,vc8-static-runtime-core
0x0068A369,vc8_runtime,runtime,exclude_authored,inferred,vc8-static-runtime-core
0x0068A384,vc8_runtime,runtime,exclude_authored,inferred,vc8-static-runtime-core
0x0068A726,vc8_runtime,runtime,exclude_authored,inferred,vc8-static-runtime-core
0x0068A769,vc8_runtime,runtime,exclude_authored,inferred,vc8-static-runtime-core
0x0068A79F,vc8_runtime,runtime,exclude_authored,inferred,vc8-static-runtime-core
0x0068A7AD,vc8_runtime,runtime,exclude_authored,inferred,vc8-static-runtime-core
0x0068A82E,vc8_runtime,runtime,exclude_authored,inferred,vc8-static-runtime-core
0x0068A89F,vc8_runtime,runtime,exclude_authored,inferred,vc8-static-runtime-core
0x0068A936,vc8_runtime,runtime,exclude_authored,inferred,vc8-static-runtime-core
0x0068A93F,vc8_runtime,runtime,exclude_authored,inferred,vc8-static-runtime-core
0x0068A961,vc8_runtime,runtime,exclude_authored,inferred,vc8-static-runtime-core
0x0068AF27,vc8_runtime,runtime,exclude_authored,inferred,vc8-static-runtime-core
0x0068AFF9,vc8_runtime,runtime,exclude_authored,inferred,vc8-static-runtime-core
0x0068B004,vc8_runtime,runtime,exclude_authored,inferred,vc8-static-runtime-core
0x0068B0DA,vc8_runtime,runtime,exclude_authored,inferred,vc8-static-runtime-core
0x0068B0F6,vc8_runtime,runtime,exclude_authored,inferred,vc8-static-runtime-core
0x0068B10D,vc8_runtime,runtime,exclude_authored,inferred,vc8-static-runtime-core
0x0068B126,vc8_runtime,runtime,exclude_authored,inferred,vc8-static-runtime-core
0x0068B140,vc8_runtime,runtime,exclude_authored,inferred,vc8-static-runtime-core
0x0068B157,vc8_runtime,runtime,exclude_authored,inferred,vc8-static-runtime-core
0x0068B17D,vc8_runtime,runtime,exclude_authored,inferred,vc8-static-runtime-core
0x0068B220,vc8_runtime,runtime,exclude_authored,inferred,vc8-static-runtime-core
0x0068B250,vc8_runtime,runtime,exclude_authored,inferred,vc8-static-runtime-core
0x0068B2A0,vc8_runtime,runtime,exclude_authored,inferred,vc8-static-runtime-core
0x0068B35B,vc8_runtime,runtime,exclude_authored,inferred,vc8-static-runtime-core
0x0068B374,vc8_runtime,runtime,exclude_authored,inferred,vc8-static-runtime-core
0x0068B3A8,vc8_runtime,runtime,exclude_authored,inferred,vc8-static-runtime-core
0x0068B3B5,vc8_runtime,runtime,exclude_authored,inferred,vc8-static-runtime-core
0x0068B529,vc8_runtime,runtime,exclude_authored,inferred,vc8-static-runtime-core
0x0068B565,vc8_runtime,runtime,exclude_authored,inferred,vc8-static-runtime-core
0x0068B56F,vc8_runtime,runtime,exclude_authored,inferred,vc8-static-runtime-core
0x0068B579,vc8_runtime,runtime,exclude_authored,inferred,vc8-static-runtime-core
0x0068B589,vc8_runtime,runtime,exclude_authored,inferred,vc8-static-runtime-core
0x0068B650,vc8_runtime,runtime,exclude_authored,inferred,vc8-static-runtime-core
0x0068B66E,vc8_runtime,runtime,exclude_authored,inferred,vc8-static-runtime-core
0x0068BBA4,vc8_runtime,runtime,exclude_authored,inferred,vc8-static-runtime-core
0x0068BD61,vc8_runtime,runtime,exclude_authored,inferred,vc8-static-runtime-core
0x0068BDA7,vc8_runtime,runtime,exclude_authored,inferred,vc8-static-runtime-core
0x0068BDF6,vc8_runtime,runtime,exclude_authored,inferred,vc8-static-runtime-core
0x0068BE1F,vc8_runtime,runtime,exclude_authored,inferred,vc8-static-runtime-core
0x0068BE2C,vc8_runtime,runtime,exclude_authored,inferred,vc8-static-runtime-core
0x0068BE91,vc8_runtime,runtime,exclude_authored,inferred,vc8-static-runtime-core
0x0068BF38,vc8_runtime,runtime,exclude_authored,inferred,vc8-static-runtime-core
0x0068BF41,vc8_runtime,runtime,exclude_authored,inferred,vc8-static-runtime-core
0x0068BF60,vc8_runtime,runtime,exclude_authored,inferred,vc8-static-runtime-core
0x0068BF63,vc8_runtime,runtime,exclude_authored,inferred,vc8-static-runtime-core
0x0068C009,vc8_runtime,runtime,exclude_authored,inferred,vc8-static-runtime-core
0x0068C0AF,vc8_runtime,runtime,exclude_authored,inferred,vc8-static-runtime-core
0x0068C16C,vc8_runtime,runtime,exclude_authored,inferred,vc8-static-runtime-core
0x0068C227,vc8_runtime,runtime,exclude_authored,inferred,vc8-static-runtime-core
0x0068C2C0,vc8_runtime,runtime,exclude_authored,inferred,vc8-static-runtime-core
0x0068C3A0,vc8_runtime,runtime,exclude_authored,inferred,vc8-static-runtime-core
0x0068C3C8,vc8_runtime,runtime,exclude_authored,inferred,vc8-static-runtime-core
0x0068C418,vc8_runtime,runtime,exclude_authored,inferred,vc8-static-runtime-core
0x0068C485,vc8_runtime,runtime,exclude_authored,inferred,vc8-static-runtime-core
0x0068C581,vc8_runtime,runtime,exclude_authored,inferred,vc8-static-runtime-core
0x0068C739,vc8_runtime,runtime,exclude_authored,inferred,vc8-static-runtime-core
0x0068C779,vc8_runtime,runtime,exclude_authored,inferred,vc8-static-runtime-core
0x0068C909,vc8_runtime,runtime,exclude_authored,inferred,vc8-static-runtime-core
0x0068C949,vc8_runtime,runtime,exclude_authored,inferred,vc8-static-runtime-core
0x0068C9D2,vc8_runtime,runtime,exclude_authored,inferred,vc8-static-runtime-core
0x0068CA00,vc8_runtime,runtime,exclude_authored,inferred,vc8-static-runtime-core
0x0068CA50,vc8_runtime,runtime,exclude_authored,inferred,vc8-static-runtime-core
0x0068CA90,vc8_runtime,runtime,exclude_authored,inferred,vc8-static-runtime-core
0x0068CB11,vc8_runtime,runtime,exclude_authored,inferred,vc8-static-runtime-core
0x0068CB94,vc8_runtime,runtime,exclude_authored,inferred,vc8-static-runtime-core
0x0068CCA3,vc8_runtime,runtime,exclude_authored,inferred,vc8-static-runtime-core
0x0068CCAD,vc8_runtime,runtime,exclude_authored,inferred,vc8-static-runtime-core
0x0068CCF1,vc8_runtime,runtime,exclude_authored,inferred,vc8-static-runtime-core
0x0068CD4F,vc8_runtime,runtime,exclude_authored,inferred,vc8-static-runtime-core
0x0068CF2D,vc8_runtime,runtime,exclude_authored,inferred,vc8-static-runtime-core
0x0068D040,vc8_runtime,runtime,exclude_authored,inferred,vc8-static-runtime-core
0x0068D060,vc8_runtime,runtime,exclude_authored,inferred,vc8-static-runtime-core
0x0068D0F5,vc8_runtime,runtime,exclude_authored,inferred,vc8-static-runtime-core
0x0068D128,vc8_runtime,runtime,exclude_authored,inferred,vc8-static-runtime-core
0x0068DB46,vc8_runtime,runtime,exclude_authored,inferred,vc8-static-runtime-core
0x0068DCA5,vc8_runtime,runtime,exclude_authored,inferred,vc8-static-runtime-core
0x0068DCC0,vc8_runtime,runtime,exclude_authored,inferred,vc8-static-runtime-core
0x0068E202,vc8_runtime,runtime,exclude_authored,inferred,vc8-static-runtime-core
0x0068E744,vc8_runtime,runtime,exclude_authored,inferred,vc8-static-runtime-core
0x0068E910,vc8_runtime,runtime,exclude_authored,inferred,vc8-static-runtime-core
0x0068E913,vc8_runtime,runtime,exclude_authored,inferred,vc8-static-runtime-core
0x0068EAA4,vc8_runtime,runtime,exclude_authored,inferred,vc8-static-runtime-core
0x0068EAEB,vc8_runtime,runtime,exclude_authored,inferred,vc8-static-runtime-core
0x0068ECA0,vc8_runtime,runtime,exclude_authored,inferred,vc8-static-runtime-core
0x0068ECB6,vc8_runtime,runtime,exclude_authored,inferred,vc8-static-runtime-core
0x0068ECCC,vc8_runtime,runtime,exclude_authored,inferred,vc8-static-runtime-core
0x0068ED8E,vc8_runtime,runtime,exclude_authored,inferred,vc8-static-runtime-core
0x0068F654,vc8_runtime,runtime,exclude_authored,inferred,vc8-static-runtime-core
0x0068F744,vc8_runtime,runtime,exclude_authored,inferred,vc8-static-runtime-core
0x0068F830,vc8_runtime,runtime,exclude_authored,inferred,vc8-static-runtime-core
0x0068F847,vc8_runtime,runtime,exclude_authored,inferred,vc8-static-runtime-core
0x0068F8DC,vc8_runtime,runtime,exclude_authored,inferred,vc8-static-runtime-core
0x0068FA4C,vc8_runtime,runtime,exclude_authored,inferred,vc8-static-runtime-core
0x0068FAA0,vc8_runtime,runtime,exclude_authored,inferred,vc8-static-runtime-core
0x0068FB01,vc8_runtime,runtime,exclude_authored,inferred,vc8-static-runtime-core
0x0068FE8A,vc8_runtime,runtime,exclude_authored,inferred,vc8-static-runtime-core
0x0068FECA,vc8_runtime,runtime,exclude_authored,inferred,vc8-static-runtime-core
0x0068FFC2,vc8_runtime,runtime,exclude_authored,inferred,vc8-static-runtime-core
0x0069000F,vc8_runtime,runtime,exclude_authored,inferred,vc8-static-runtime-core
0x0069006C,vc8_runtime,runtime,exclude_authored,inferred,vc8-static-runtime-core
0x006902B8,vc8_runtime,runtime,exclude_authored,inferred,vc8-static-runtime-core
0x00690310,unknown,,review,unknown,
0x006903C0,unknown,,review,unknown,
0x006903D0,unknown,,review,unknown,
0x006903F0,unknown,,review,unknown,
0x006904C0,unknown,,review,unknown,
0x00690500,unknown,,review,unknown,
0x00690550,unknown,,review,unknown,
0x006905D0,unknown,,review,unknown,
0x00690610,unknown,,review,unknown,
0x00690650,unknown,,review,unknown,
0x006906B0,unknown,,review,unknown,
0x006906D0,unknown,,review,unknown,
0x006906F0,unknown,,review,unknown,
0x00690730,unknown,,review,unknown,
0x00690740,unknown,,review,unknown,
0x006907D0,unknown,,review,unknown,
0x00690850,unknown,,review,unknown,
0x006908C0,unknown,,review,unknown,
0x00690900,unknown,,review,unknown,
0x00690930,unknown,,review,unknown,
0x00690950,unknown,,review,unknown,
0x00690970,unknown,,review,unknown,
0x00690A00,unknown,,review,unknown,
0x00690A70,unknown,,review,unknown,
0x00690AC0,unknown,,review,unknown,
0x00690B10,unknown,,review,unknown,
0x00690B50,unknown,,review,unknown,
0x00690BD0,unknown,,review,unknown,
0x00690C30,unknown,,review,unknown,
0x00690C90,unknown,,review,unknown,
0x00690CB0,unknown,,review,unknown,
0x00690CD0,unknown,,review,unknown,
0x00690D20,unknown,,review,unknown,
0x00690D40,unknown,,review,unknown,
0x00690D60,unknown,,review,unknown,
0x00690DC0,unknown,,review,unknown,
0x00690E30,unknown,,review,unknown,
0x00690E80,unknown,,review,unknown,
0x00690EE0,unknown,,review,unknown,
0x00690F40,unknown,,review,unknown,
0x00690F80,unknown,,review,unknown,
0x006910D0,unknown,,review,unknown,
0x00691240,unknown,,review,unknown,
0x00691420,unknown,,review,unknown,
0x00691480,unknown,,review,unknown,
0x006914D0,unknown,,review,unknown,
0x00691710,unknown,,review,unknown,
0x006917E0,unknown,,review,unknown,
0x006919B0,unknown,,review,unknown,
0x00691AB0,unknown,,review,unknown,
0x00691D00,unknown,,review,unknown,
0x00691F10,unknown,,review,unknown,
0x00691FB0,unknown,,review,unknown,
0x00692160,unknown,,review,unknown,
0x00692210,unknown,,review,unknown,
0x00692330,unknown,,review,unknown,
0x00692360,unknown,,review,unknown,
0x006923A0,unknown,,review,unknown,
0x006923E0,unknown,,review,unknown,
0x00692440,unknown,,review,unknown,
0x00692480,unknown,,review,unknown,
0x006924D0,unknown,,review,unknown,
0x00692530,unknown,,review,unknown,
0x006925B0,unknown,,review,unknown,
0x006926B0,unknown,,review,unknown,
0x00692710,unknown,,review,unknown,
0x00692760,unknown,,review,unknown,
0x00692790,unknown,,review,unknown,
0x006927C0,unknown,,review,unknown,
0x00693130,unknown,,review,unknown,
0x00693190,unknown,,review,unknown,
0x006931D0,unknown,,review,unknown,
0x00693270,unknown,,review,unknown,
0x00693340,unknown,,review,unknown,
0x00693360,unknown,,review,unknown,
0x006933B0,unknown,,review,unknown,
0x006933F0,unknown,,review,unknown,
0x00693430,unknown,,review,unknown,
0x006934F0,unknown,,review,unknown,
0x00693520,unknown,,review,unknown,
0x00693560,unknown,,review,unknown,
0x006935A0,unknown,,review,unknown,
0x006935E0,unknown,,review,unknown,
0x00693610,unknown,,review,unknown,
0x00693630,unknown,,review,unknown,
0x00693660,unknown,,review,unknown,
0x006936E0,unknown,,review,unknown,
0x00693820,unknown,,review,unknown,
0x006938A0,unknown,,review,unknown,
0x006938D0,unknown,,review,unknown,
0x00693910,unknown,,review,unknown,
0x006939A0,unknown,,review,unknown,
0x006939D0,unknown,,review,unknown,
0x00693A40,unknown,,review,unknown,
0x00693A70,unknown,,review,unknown,
0x00693AC0,unknown,,review,unknown,
0x00693AE0,unknown,,review,unknown,
0x00693B40,unknown,,review,unknown,
0x00693BD0,unknown,,review,unknown,
0x00693C10,unknown,,review,unknown,
0x00693C60,unknown,,review,unknown,
0x00693F50,unknown,,review,unknown,
0x00693F90,unknown,,review,unknown,
0x00694010,unknown,,review,unknown,
0x006940A0,unknown,,review,unknown,
0x00694100,unknown,,review,unknown,
0x00694140,unknown,,review,unknown,
0x00694150,unknown,,review,unknown,
0x006941A0,unknown,,review,unknown,
0x00694200,unknown,,review,unknown,
0x00694240,unknown,,review,unknown,
0x00694270,unknown,,review,unknown,
0x006942C0,unknown,,review,unknown,
0x00694320,unknown,,review,unknown,
0x00694370,unknown,,review,unknown,
0x006943E0,unknown,,review,unknown,
0x00694420,unknown,,review,unknown,
0x00694490,unknown,,review,unknown,
0x006944F0,unknown,,review,unknown,
0x00694530,unknown,,review,unknown,
0x006945A0,unknown,,review,unknown,
0x006946AE,compiler_generated,runtime,exclude_authored,observed,boost-island-catch-funclets
0x00694700,unknown,,review,unknown,
0x00694740,unknown,,review,unknown,
0x00694770,unknown,,review,unknown,
0x006947E9,compiler_generated,runtime,exclude_authored,observed,boost-island-catch-funclets
0x00694800,unknown,,review,unknown,
0x00694879,compiler_generated,runtime,exclude_authored,observed,boost-island-catch-funclets
0x00694890,unknown,,review,unknown,
0x006948A0,unknown,,review,unknown,
0x006948F0,unknown,,review,unknown,
0x00694A60,unknown,,review,unknown,
0x00694AE0,unknown,,review,unknown,
0x00694B80,unknown,,review,unknown,
0x00694BE0,unknown,,review,unknown,
0x00694C10,unknown,,review,unknown,
0x00694CB0,unknown,,review,unknown,
0x00694CE0,unknown,,review,unknown,
0x00694D60,unknown,,review,unknown,
0x00694DD0,unknown,,review,unknown,
0x00694E50,unknown,,review,unknown,
0x00694FB0,unknown,,review,unknown,
0x00695050,unknown,,review,unknown,
0x00695170,unknown,,review,unknown,
0x006951A0,unknown,,review,unknown,
0x006951C0,unknown,,review,unknown,
0x006953C0,unknown,,review,unknown,
0x0069551B,compiler_generated,runtime,exclude_authored,observed,boost-island-catch-funclets
0x006955F0,unknown,,review,unknown,
0x00695690,unknown,,review,unknown,
0x00695950,unknown,,review,unknown,
0x006959D0,unknown,,review,unknown,
0x00695B44,compiler_generated,runtime,exclude_authored,observed,boost-island-catch-funclets
0x00695C20,unknown,,review,unknown,
0x00695C80,unknown,,review,unknown,
0x00695CE0,unknown,,review,unknown,
0x00695FE0,unknown,,review,unknown,
0x006961AA,compiler_generated,runtime,exclude_authored,observed,boost-island-catch-funclets
0x006962A0,unknown,,review,unknown,
0x006962D0,unknown,,review,unknown,
0x00696300,unknown,,review,unknown,
0x00696660,unknown,,review,unknown,
0x00696730,unknown,,review,unknown,
0x00696880,unknown,,review,unknown,
0x00696A90,unknown,,review,unknown,
0x00696C30,unknown,,review,unknown,
0x00696ED0,unknown,,review,unknown,
0x00696F30,unknown,,review,unknown,
0x00696FF0,unknown,,review,unknown,
0x00697080,unknown,,review,unknown,
0x00697150,unknown,,review,unknown,
0x006972CA,compiler_generated,runtime,exclude_authored,observed,boost-island-catch-funclets
0x006973B0,unknown,,review,unknown,
0x00697450,unknown,,review,unknown,
0x00697480,unknown,,review,unknown,
0x00697510,unknown,,review,unknown,
0x00697800,unknown,,review,unknown,
0x0069787D,compiler_generated,runtime,exclude_authored,observed,boost-island-catch-funclets
0x006978A0,unknown,,review,unknown,
0x00697B90,unknown,,review,unknown,
0x00697C0D,compiler_generated,runtime,exclude_authored,observed,boost-island-catch-funclets
0x00697C30,unknown,,review,unknown,
0x00697C90,unknown,,review,unknown,
0x00697CF0,unknown,,review,unknown,
0x00697E00,unknown,,review,unknown,
0x00697F50,unknown,,review,unknown,
0x00697F90,unknown,,review,unknown,
0x00698070,unknown,,review,unknown,
0x006980A0,unknown,,review,unknown,
0x00698110,unknown,,review,unknown,
0x00698180,unknown,,review,unknown,
0x00698210,unknown,,review,unknown,
0x00698710,unknown,,review,unknown,
0x00698A70,unknown,,review,unknown,
0x00698FC0,unknown,,review,unknown,
0x00699000,unknown,,review,unknown,
0x006990D0,unknown,,review,unknown,
0x00699140,unknown,,review,unknown,
0x00699340,unknown,,review,unknown,
0x00699540,unknown,,review,unknown,
0x00699810,unknown,,review,unknown,
0x00699850,unknown,,review,unknown,
0x00699AC0,unknown,,review,unknown,
0x0069A290,unknown,,review,unknown,
0x0069B000,unknown,,review,unknown,
0x0069B190,unknown,,review,unknown,
0x0069B620,unknown,,review,unknown,
0x0069B7E0,unknown,,review,unknown,
0x0069B8D0,unknown,,review,unknown,
0x0069B930,unknown,,review,unknown,
0x0069B990,unknown,,review,unknown,
0x0069B9F0,unknown,,review,unknown,
0x0069BA40,unknown,,review,unknown,
0x0069BAA0,unknown,,review,unknown,
0x0069BB00,unknown,,review,unknown,
0x0069BB50,unknown,,review,unknown,
0x0069C3B0,unknown,,review,unknown,
0x0069C470,unknown,,review,unknown,
0x0069C600,unknown,,review,unknown,
0x0069C6E0,unknown,,review,unknown,
0x0069CAE0,unknown,,review,unknown,
0x0069CB40,unknown,,review,unknown,
0x0069CBD0,unknown,,review,unknown,
0x0069CC70,unknown,,review,unknown,
0x0069CDA0,unknown,,review,unknown,
0x0069D0B0,unknown,,review,unknown,
0x0069D0D0,unknown,,review,unknown,
0x0069D190,unknown,,review,unknown,
0x0069D260,unknown,,review,unknown,
0x0069D390,unknown,,review,unknown,
0x0069D460,unknown,,review,unknown,
0x0069D5D0,unknown,,review,unknown,
0x0069D670,unknown,,review,unknown,
0x0069D760,unknown,,review,unknown,
0x0069D970,unknown,,review,unknown,
0x0069DBC0,unknown,,review,unknown,
0x0069DE20,unknown,,review,unknown,
0x0069E080,unknown,,review,unknown,
0x0069E1B0,unknown,,review,unknown,
0x0069E400,unknown,,review,unknown,
0x0069E770,unknown,,review,unknown,
0x0069E980,unknown,,review,unknown,
0x0069EC00,unknown,,review,unknown,
0x0069EC80,unknown,,review,unknown,
0x0069ED10,unknown,,review,unknown,
0x0069EDD0,unknown,,review,unknown,
0x0069F150,unknown,,review,unknown,
0x0069F310,unknown,,review,unknown,
0x0069F510,unknown,,review,unknown,
0x0069F5E0,unknown,,review,unknown,
0x0069F770,unknown,,review,unknown,
0x0069F7B0,unknown,,review,unknown,
0x0069F980,unknown,,review,unknown,
0x0069FA80,unknown,,review,unknown,
0x0069FF10,unknown,,review,unknown,
0x006A0040,unknown,,review,unknown,
0x006A0140,unknown,,review,unknown,
0x006A0330,unknown,,review,unknown,
0x006A0450,unknown,,review,unknown,
0x006A0490,unknown,,review,unknown,
0x006A04D0,unknown,,review,unknown,
0x006A0560,unknown,,review,unknown,
0x006A0B40,unknown,,review,unknown,
0x006A0B80,unknown,,review,unknown,
0x006A0C70,unknown,,review,unknown,
0x006A0CB0,unknown,,review,unknown,
0x006A0DA0,unknown,,review,unknown,
0x006A1008,compiler_generated,runtime,exclude_authored,observed,boost-island-catch-funclets
0x006A1030,unknown,,review,unknown,
0x006A10D0,unknown,,review,unknown,
0x006A1610,unknown,,review,unknown,
0x006A1620,unknown,,review,unknown,
0x006A1640,unknown,,review,unknown,
0x006A16B9,compiler_generated,runtime,exclude_authored,observed,boost-island-catch-funclets
0x006A16D0,unknown,,review,unknown,
0x006A16F0,unknown,,review,unknown,
0x006A1B70,unknown,,review,unknown,
0x006A1C50,unknown,,review,unknown,
0x006A1C80,unknown,,review,unknown,
0x006A1D30,unknown,,review,unknown,
0x006A1EC0,unknown,,review,unknown,
0x006A20D0,unknown,,review,unknown,
0x006A20F0,unknown,,review,unknown,
0x006A22C0,unknown,,review,unknown,
0x006A2330,unknown,,review,unknown,
0x006A2380,unknown,,review,unknown,
0x006A2430,unknown,,review,unknown,
0x006A2490,unknown,,review,unknown,
0x006A24A0,unknown,,review,unknown,
0x006A24B0,unknown,,review,unknown,
0x006A24E0,unknown,,review,unknown,
0x006A2540,unknown,,review,unknown,
0x006A2550,unknown,,review,unknown,
0x006A2620,unknown,,review,unknown,
0x006A2660,unknown,,review,unknown,
0x006A2670,unknown,,review,unknown,
0x006A2690,unknown,,review,unknown,
0x006A26A0,unknown,,review,unknown,
0x006A26D0,unknown,,review,unknown,
0x006A274F,compiler_generated,runtime,exclude_authored,observed,boost-island-catch-funclets
0x006A2770,unknown,,review,unknown,
0x006A2790,unknown,,review,unknown,
0x006A27E0,unknown,,review,unknown,
0x006A2880,unknown,,review,unknown,
0x006A2AA0,unknown,,review,unknown,
0x006A2F30,unknown,,review,unknown,
0x006A2F70,unknown,,review,unknown,
0x006A2F90,unknown,,review,unknown,
0x006A2FAA,unknown,,review,unknown,
0x006A2FB0,unknown,,review,unknown,
0x006A2FC0,unknown,,review,unknown,
0x006A2FD0,unknown,,review,unknown,
0x006A2FE0,unknown,,review,unknown,
0x006A2FF0,unknown,,review,unknown,
0x006A30D0,unknown,,review,unknown,
0x006A3100,unknown,,review,unknown,
0x006A3130,unknown,,review,unknown,
0x006A31A0,unknown,,review,unknown,
0x006A31F0,unknown,,review,unknown,
0x006A32A0,unknown,,review,unknown,
0x006A32D0,unknown,,review,unknown,
0x006A3320,unknown,,review,unknown,
0x006A3340,unknown,,review,unknown,
0x006A3370,unknown,,review,unknown,
0x006A33F0,unknown,,review,unknown,
0x006A3410,unknown,,review,unknown,
0x006A3560,unknown,,review,unknown,
0x006A3850,unknown,,review,unknown,
0x006A3870,unknown,,review,unknown,
0x006A38C0,unknown,,review,unknown,
0x006A38E0,unknown,,review,unknown,
0x006A3900,unknown,,review,unknown,
0x006A3A30,unknown,,review,unknown,
0x006A3A50,unknown,,review,unknown,
0x006A3A90,unknown,,review,unknown,
0x006A3B90,unknown,,review,unknown,
0x006A3BB0,unknown,,review,unknown,
0x006A3BE0,unknown,,review,unknown,
0x006A3C10,unknown,,review,unknown,
0x006A3CC0,unknown,,review,unknown,
0x006A3CF0,unknown,,review,unknown,
0x006A3DC0,unknown,,review,unknown,
0x006A3DE0,vc8_runtime,runtime,exclude_authored,observed,vc8-allshl-helper
0x006A3E00,compiler_generated,runtime,exclude_authored,observed,compiler-unwind-funclets
0x006A3E30,compiler_generated,runtime,exclude_authored,observed,compiler-unwind-funclets
0x006A3E3B,compiler_generated,runtime,exclude_authored,observed,compiler-unwind-funclets
0x006A3E46,compiler_generated,runtime,exclude_authored,observed,compiler-unwind-funclets
0x006A3E51,compiler_generated,runtime,exclude_authored,observed,compiler-unwind-funclets
0x006A3E5C,compiler_generated,runtime,exclude_authored,observed,compiler-unwind-funclets
0x006A3E67,compiler_generated,runtime,exclude_authored,observed,compiler-unwind-funclets
0x006A3E72,compiler_generated,runtime,exclude_authored,observed,compiler-unwind-funclets
0x006A3E7D,compiler_generated,runtime,exclude_authored,observed,compiler-unwind-funclets
0x006A3E88,compiler_generated,runtime,exclude_authored,observed,compiler-unwind-funclets
0x006A3E93,compiler_generated,runtime,exclude_authored,observed,compiler-unwind-funclets
0x006A3E9E,compiler_generated,runtime,exclude_authored,observed,compiler-unwind-funclets
0x006A3EA9,compiler_generated,runtime,exclude_authored,observed,compiler-unwind-funclets
0x006A3EB4,compiler_generated,runtime,exclude_authored,observed,compiler-unwind-funclets
0x006A3EBF,compiler_generated,runtime,exclude_authored,observed,compiler-unwind-funclets
0x006A3ECA,compiler_generated,runtime,exclude_authored,observed,compiler-unwind-funclets
0x006A3ED5,compiler_generated,runtime,exclude_authored,observed,compiler-unwind-funclets
0x006A3F00,compiler_generated,runtime,exclude_authored,observed,compiler-unwind-funclets
0x006A3F08,compiler_generated,runtime,exclude_authored,observed,compiler-unwind-funclets
0x006A3F30,compiler_generated,runtime,exclude_authored,observed,compiler-unwind-funclets
0x006A3F3B,compiler_generated,runtime,exclude_authored,observed,compiler-unwind-funclets
0x006A3F46,compiler_generated,runtime,exclude_authored,observed,compiler-unwind-funclets
0x006A3F70,compiler_generated,runtime,exclude_authored,observed,compiler-unwind-funclets
0x006A3F7B,compiler_generated,runtime,exclude_authored,observed,compiler-unwind-funclets
0x006A3F86,compiler_generated,runtime,exclude_authored,observed,compiler-unwind-funclets
0x006A3FB0,compiler_generated,runtime,exclude_authored,observed,compiler-unwind-funclets
0x006A3FB8,compiler_generated,runtime,exclude_authored,observed,compiler-unwind-funclets
0x006A3FE0,compiler_generated,runtime,exclude_authored,observed,compiler-unwind-funclets
0x006A4010,compiler_generated,runtime,exclude_authored,observed,compiler-unwind-funclets
0x006A4018,compiler_generated,runtime,exclude_authored,observed,compiler-unwind-funclets
0x006A4023,compiler_generated,runtime,exclude_authored,observed,compiler-unwind-funclets
0x006A4050,compiler_generated,runtime,exclude_authored,observed,compiler-unwind-funclets
0x006A4058,compiler_generated,runtime,exclude_authored,observed,compiler-unwind-funclets
0x006A4063,compiler_generated,runtime,exclude_authored,observed,compiler-unwind-funclets
0x006A4090,compiler_generated,runtime,exclude_authored,observed,compiler-unwind-funclets
0x006A4098,compiler_generated,runtime,exclude_authored,observed,compiler-unwind-funclets
0x006A40A3,compiler_generated,runtime,exclude_authored,observed,compiler-unwind-funclets
0x006A40D0,compiler_generated,runtime,exclude_authored,observed,compiler-unwind-funclets
0x006A40D8,compiler_generated,runtime,exclude_authored,observed,compiler-unwind-funclets
0x006A40E3,compiler_generated,runtime,exclude_authored,observed,compiler-unwind-funclets
0x006A4110,compiler_generated,runtime,exclude_authored,observed,compiler-unwind-funclets
0x006A4118,compiler_generated,runtime,exclude_authored,observed,compiler-unwind-funclets
0x006A4140,compiler_generated,runtime,exclude_authored,observed,compiler-unwind-funclets
0x006A4170,compiler_generated,runtime,exclude_authored,observed,compiler-unwind-funclets
0x006A4178,compiler_generated,runtime,exclude_authored,observed,compiler-unwind-funclets
0x006A4183,compiler_generated,runtime,exclude_authored,observed,compiler-unwind-funclets
0x006A41B0,compiler_generated,runtime,exclude_authored,observed,compiler-unwind-funclets
0x006A41B8,compiler_generated,runtime,exclude_authored,observed,compiler-unwind-funclets
0x006A41C3,compiler_generated,runtime,exclude_authored,observed,compiler-unwind-funclets
0x006A41F0,compiler_generated,runtime,exclude_authored,observed,compiler-unwind-funclets
0x006A41FB,compiler_generated,runtime,exclude_authored,observed,compiler-unwind-funclets
0x006A4230,compiler_generated,runtime,exclude_authored,observed,compiler-unwind-funclets
0x006A4238,compiler_generated,runtime,exclude_authored,observed,compiler-unwind-funclets
0x006A4243,compiler_generated,runtime,exclude_authored,observed,compiler-unwind-funclets
0x006A424E,compiler_generated,runtime,exclude_authored,observed,compiler-unwind-funclets
0x006A4280,compiler_generated,runtime,exclude_authored,observed,compiler-unwind-funclets
0x006A42B0,compiler_generated,runtime,exclude_authored,observed,compiler-unwind-funclets
0x006A42E0,compiler_generated,runtime,exclude_authored,observed,compiler-unwind-funclets
0x006A4330,compiler_generated,runtime,exclude_authored,observed,compiler-unwind-funclets
0x006A4360,compiler_generated,runtime,exclude_authored,observed,compiler-unwind-funclets
0x006A4390,compiler_generated,runtime,exclude_authored,observed,compiler-unwind-funclets
0x006A4398,compiler_generated,runtime,exclude_authored,observed,compiler-unwind-funclets
0x006A43A3,compiler_generated,runtime,exclude_authored,observed,compiler-unwind-funclets
0x006A43D0,compiler_generated,runtime,exclude_authored,observed,compiler-unwind-funclets
0x006A43D8,compiler_generated,runtime,exclude_authored,observed,compiler-unwind-funclets
0x006A43FF,compiler_generated,runtime,exclude_authored,observed,compiler-unwind-funclets
0x006A440A,compiler_generated,runtime,exclude_authored,observed,compiler-unwind-funclets
0x006A4430,compiler_generated,runtime,exclude_authored,observed,compiler-unwind-funclets
0x006A443B,compiler_generated,runtime,exclude_authored,observed,compiler-unwind-funclets
0x006A4449,compiler_generated,runtime,exclude_authored,observed,compiler-unwind-funclets
0x006A445A,compiler_generated,runtime,exclude_authored,observed,compiler-unwind-funclets
0x006A446B,compiler_generated,runtime,exclude_authored,observed,compiler-unwind-funclets
0x006A447C,compiler_generated,runtime,exclude_authored,observed,compiler-unwind-funclets
0x006A4497,compiler_generated,runtime,exclude_authored,observed,compiler-unwind-funclets
0x006A44A8,compiler_generated,runtime,exclude_authored,observed,compiler-unwind-funclets
0x006A44C6,compiler_generated,runtime,exclude_authored,observed,compiler-unwind-funclets
0x006A44D7,compiler_generated,runtime,exclude_authored,observed,compiler-unwind-funclets
0x006A44E8,compiler_generated,runtime,exclude_authored,observed,compiler-unwind-funclets
0x006A44F9,compiler_generated,runtime,exclude_authored,observed,compiler-unwind-funclets
0x006A4517,compiler_generated,runtime,exclude_authored,observed,compiler-unwind-funclets
0x006A4535,compiler_generated,runtime,exclude_authored,observed,compiler-unwind-funclets
0x006A4553,compiler_generated,runtime,exclude_authored,observed,compiler-unwind-funclets
0x006A4564,compiler_generated,runtime,exclude_authored,observed,compiler-unwind-funclets
0x006A4582,compiler_generated,runtime,exclude_authored,observed,compiler-unwind-funclets
0x006A45A0,compiler_generated,runtime,exclude_authored,observed,compiler-unwind-funclets
0x006A45B1,compiler_generated,runtime,exclude_authored,observed,compiler-unwind-funclets
0x006A4600,compiler_generated,runtime,exclude_authored,observed,compiler-unwind-funclets
0x006A4608,compiler_generated,runtime,exclude_authored,observed,compiler-unwind-funclets
0x006A4613,compiler_generated,runtime,exclude_authored,observed,compiler-unwind-funclets
0x006A4621,compiler_generated,runtime,exclude_authored,observed,compiler-unwind-funclets
0x006A462F,compiler_generated,runtime,exclude_authored,observed,compiler-unwind-funclets
0x006A463D,compiler_generated,runtime,exclude_authored,observed,compiler-unwind-funclets
0x006A4655,compiler_generated,runtime,exclude_authored,observed,compiler-unwind-funclets
0x006A4663,compiler_generated,runtime,exclude_authored,observed,compiler-unwind-funclets
0x006A467E,compiler_generated,runtime,exclude_authored,observed,compiler-unwind-funclets
0x006A468C,compiler_generated,runtime,exclude_authored,observed,compiler-unwind-funclets
0x006A469A,compiler_generated,runtime,exclude_authored,observed,compiler-unwind-funclets
0x006A46A8,compiler_generated,runtime,exclude_authored,observed,compiler-unwind-funclets
0x006A46C3,compiler_generated,runtime,exclude_authored,observed,compiler-unwind-funclets
0x006A46DE,compiler_generated,runtime,exclude_authored,observed,compiler-unwind-funclets
0x006A46F9,compiler_generated,runtime,exclude_authored,observed,compiler-unwind-funclets
0x006A4707,compiler_generated,runtime,exclude_authored,observed,compiler-unwind-funclets
0x006A4722,compiler_generated,runtime,exclude_authored,observed,compiler-unwind-funclets
0x006A473D,compiler_generated,runtime,exclude_authored,observed,compiler-unwind-funclets
0x006A474B,compiler_generated,runtime,exclude_authored,observed,compiler-unwind-funclets
0x006A4790,compiler_generated,runtime,exclude_authored,observed,compiler-unwind-funclets
0x006A47E0,compiler_generated,runtime,exclude_authored,observed,compiler-unwind-funclets
0x006A47E8,compiler_generated,runtime,exclude_authored,observed,compiler-unwind-funclets
0x006A47F3,compiler_generated,runtime,exclude_authored,observed,compiler-unwind-funclets
0x006A47FE,compiler_generated,runtime,exclude_authored,observed,compiler-unwind-funclets
0x006A4809,compiler_generated,runtime,exclude_authored,observed,compiler-unwind-funclets
0x006A4817,compiler_generated,runtime,exclude_authored,observed,compiler-unwind-funclets
0x006A4825,compiler_generated,runtime,exclude_authored,observed,compiler-unwind-funclets
0x006A4833,compiler_generated,runtime,exclude_authored,observed,compiler-unwind-funclets
0x006A4841,compiler_generated,runtime,exclude_authored,observed,compiler-unwind-funclets
0x006A4870,compiler_generated,runtime,exclude_authored,observed,compiler-unwind-funclets
0x006A4878,compiler_generated,runtime,exclude_authored,observed,compiler-unwind-funclets
0x006A4883,compiler_generated,runtime,exclude_authored,observed,compiler-unwind-funclets
0x006A488E,compiler_generated,runtime,exclude_authored,observed,compiler-unwind-funclets
0x006A4899,compiler_generated,runtime,exclude_authored,observed,compiler-unwind-funclets
0x006A48A7,compiler_generated,runtime,exclude_authored,observed,compiler-unwind-funclets
0x006A48B5,compiler_generated,runtime,exclude_authored,observed,compiler-unwind-funclets
0x006A48C3,compiler_generated,runtime,exclude_authored,observed,compiler-unwind-funclets
0x006A48D1,compiler_generated,runtime,exclude_authored,observed,compiler-unwind-funclets
0x006A4900,compiler_generated,runtime,exclude_authored,observed,compiler-unwind-funclets
0x006A490B,compiler_generated,runtime,exclude_authored,observed,compiler-unwind-funclets
0x006A4916,compiler_generated,runtime,exclude_authored,observed,compiler-unwind-funclets
0x006A4921,compiler_generated,runtime,exclude_authored,observed,compiler-unwind-funclets
0x006A492C,compiler_generated,runtime,exclude_authored,observed,compiler-unwind-funclets
0x006A4937,compiler_generated,runtime,exclude_authored,observed,compiler-unwind-funclets
0x006A4960,compiler_generated,runtime,exclude_authored,observed,compiler-unwind-funclets
0x006A4968,compiler_generated,runtime,exclude_authored,observed,compiler-unwind-funclets
0x006A4973,compiler_generated,runtime,exclude_authored,observed,compiler-unwind-funclets
0x006A4981,compiler_generated,runtime,exclude_authored,observed,compiler-unwind-funclets
0x006A498F,compiler_generated,runtime,exclude_authored,observed,compiler-unwind-funclets
0x006A49C0,compiler_generated,runtime,exclude_authored,observed,compiler-unwind-funclets
0x006A49C8,compiler_generated,runtime,exclude_authored,observed,compiler-unwind-funclets
0x006A49D3,compiler_generated,runtime,exclude_authored,observed,compiler-unwind-funclets
0x006A49E1,compiler_generated,runtime,exclude_authored,observed,compiler-unwind-funclets
0x006A49EF,compiler_generated,runtime,exclude_authored,observed,compiler-unwind-funclets
0x006A4A20,compiler_generated,runtime,exclude_authored,observed,compiler-unwind-funclets
0x006A4A50,compiler_generated,runtime,exclude_authored,observed,compiler-unwind-funclets
0x006A4A80,compiler_generated,runtime,exclude_authored,observed,compiler-unwind-funclets
0x006A4A88,compiler_generated,runtime,exclude_authored,observed,compiler-unwind-funclets
0x006A4AB0,compiler_generated,runtime,exclude_authored,observed,compiler-unwind-funclets
0x006A4AB8,compiler_generated,runtime,exclude_authored,observed,compiler-unwind-funclets
0x006A4AE0,compiler_generated,runtime,exclude_authored,observed,compiler-unwind-funclets
0x006A4B10,compiler_generated,runtime,exclude_authored,observed,compiler-unwind-funclets
0x006A4B18,compiler_generated,runtime,exclude_authored,observed,compiler-unwind-funclets
0x006A4B23,compiler_generated,runtime,exclude_authored,observed,compiler-unwind-funclets
0x006A4B36,compiler_generated,runtime,exclude_authored,observed,compiler-unwind-funclets
0x006A4B60,compiler_generated,runtime,exclude_authored,observed,compiler-unwind-funclets
0x006A4B6B,compiler_generated,runtime,exclude_authored,observed,compiler-unwind-funclets
0x006A4B76,compiler_generated,runtime,exclude_authored,observed,compiler-unwind-funclets
0x006A4BC0,compiler_generated,runtime,exclude_authored,observed,compiler-unwind-funclets
0x006A4BF0,compiler_generated,runtime,exclude_authored,observed,compiler-unwind-funclets
0x006A4C20,compiler_generated,runtime,exclude_authored,observed,compiler-unwind-funclets
0x006A4C50,compiler_generated,runtime,exclude_authored,observed,compiler-unwind-funclets
0x006A4C90,compiler_generated,runtime,exclude_authored,observed,compiler-unwind-funclets
0x006A4C9B,compiler_generated,runtime,exclude_authored,observed,compiler-unwind-funclets
0x006A4CA6,compiler_generated,runtime,exclude_authored,observed,compiler-unwind-funclets
0x006A4CB1,compiler_generated,runtime,exclude_authored,observed,compiler-unwind-funclets
0x006A4CBC,compiler_generated,runtime,exclude_authored,observed,compiler-unwind-funclets
0x006A4CC7,compiler_generated,runtime,exclude_authored,observed,compiler-unwind-funclets
0x006A4CD2,compiler_generated,runtime,exclude_authored,observed,compiler-unwind-funclets
0x006A4D30,compiler_generated,runtime,exclude_authored,observed,compiler-unwind-funclets
0x006A4D80,compiler_generated,runtime,exclude_authored,observed,compiler-unwind-funclets
0x006A4DB0,compiler_generated,runtime,exclude_authored,observed,compiler-unwind-funclets
0x006A4DE0,compiler_generated,runtime,exclude_authored,observed,compiler-unwind-funclets
0x006A4E10,compiler_generated,runtime,exclude_authored,observed,compiler-unwind-funclets
0x006A4E40,compiler_generated,runtime,exclude_authored,observed,compiler-unwind-funclets
0x006A4E70,compiler_generated,runtime,exclude_authored,observed,compiler-unwind-funclets
0x006A4E78,compiler_generated,runtime,exclude_authored,observed,compiler-unwind-funclets
0x006A4E83,compiler_generated,runtime,exclude_authored,observed,compiler-unwind-funclets
0x006A4EC0,compiler_generated,runtime,exclude_authored,observed,compiler-unwind-funclets
0x006A4ECB,compiler_generated,runtime,exclude_authored,observed,compiler-unwind-funclets
0x006A4ED9,compiler_generated,runtime,exclude_authored,observed,compiler-unwind-funclets
0x006A4EE7,compiler_generated,runtime,exclude_authored,observed,compiler-unwind-funclets
0x006A4F10,compiler_generated,runtime,exclude_authored,observed,compiler-unwind-funclets
0x006A4F1B,compiler_generated,runtime,exclude_authored,observed,compiler-unwind-funclets
0x006A4F29,compiler_generated,runtime,exclude_authored,observed,compiler-unwind-funclets
0x006A4F37,compiler_generated,runtime,exclude_authored,observed,compiler-unwind-funclets
0x006A4F60,compiler_generated,runtime,exclude_authored,observed,compiler-unwind-funclets
0x006A4F68,compiler_generated,runtime,exclude_authored,observed,compiler-unwind-funclets
0x006A4F70,compiler_generated,runtime,exclude_authored,observed,compiler-unwind-funclets
0x006A4FC0,compiler_generated,runtime,exclude_authored,observed,compiler-unwind-funclets
0x006A4FF0,compiler_generated,runtime,exclude_authored,observed,compiler-unwind-funclets
0x006A5020,compiler_generated,runtime,exclude_authored,observed,compiler-unwind-funclets
0x006A5028,compiler_generated,runtime,exclude_authored,observed,compiler-unwind-funclets
0x006A5050,compiler_generated,runtime,exclude_authored,observed,compiler-unwind-funclets
0x006A505B,compiler_generated,runtime,exclude_authored,observed,compiler-unwind-funclets
0x006A5066,compiler_generated,runtime,exclude_authored,observed,compiler-unwind-funclets
0x006A5071,compiler_generated,runtime,exclude_authored,observed,compiler-unwind-funclets
0x006A507C,compiler_generated,runtime,exclude_authored,observed,compiler-unwind-funclets
0x006A5087,compiler_generated,runtime,exclude_authored,observed,compiler-unwind-funclets
0x006A50C0,compiler_generated,runtime,exclude_authored,observed,compiler-unwind-funclets
0x006A50C8,compiler_generated,runtime,exclude_authored,observed,compiler-unwind-funclets
0x006A50D0,compiler_generated,runtime,exclude_authored,observed,compiler-unwind-funclets
0x006A5100,compiler_generated,runtime,exclude_authored,observed,compiler-unwind-funclets
0x006A5140,compiler_generated,runtime,exclude_authored,observed,compiler-unwind-funclets
0x006A5170,compiler_generated,runtime,exclude_authored,observed,compiler-unwind-funclets
0x006A5178,compiler_generated,runtime,exclude_authored,observed,compiler-unwind-funclets
0x006A5180,compiler_generated,runtime,exclude_authored,observed,compiler-unwind-funclets
0x006A51B0,compiler_generated,runtime,exclude_authored,observed,compiler-unwind-funclets
0x006A51B8,compiler_generated,runtime,exclude_authored,observed,compiler-unwind-funclets
0x006A51C0,compiler_generated,runtime,exclude_authored,observed,compiler-unwind-funclets
0x006A51F0,compiler_generated,runtime,exclude_authored,observed,compiler-unwind-funclets
0x006A5220,compiler_generated,runtime,exclude_authored,observed,compiler-unwind-funclets
0x006A5228,compiler_generated,runtime,exclude_authored,observed,compiler-unwind-funclets
0x006A5230,compiler_generated,runtime,exclude_authored,observed,compiler-unwind-funclets
0x006A5238,compiler_generated,runtime,exclude_authored,observed,compiler-unwind-funclets
0x006A5280,compiler_generated,runtime,exclude_authored,observed,compiler-unwind-funclets
0x006A52B0,compiler_generated,runtime,exclude_authored,observed,compiler-unwind-funclets
0x006A52E0,compiler_generated,runtime,exclude_authored,observed,compiler-unwind-funclets
0x006A52EB,compiler_generated,runtime,exclude_authored,observed,compiler-unwind-funclets
0x006A52F6,compiler_generated,runtime,exclude_authored,observed,compiler-unwind-funclets
0x006A5301,compiler_generated,runtime,exclude_authored,observed,compiler-unwind-funclets
0x006A530C,compiler_generated,runtime,exclude_authored,observed,compiler-unwind-funclets
0x006A5317,compiler_generated,runtime,exclude_authored,observed,compiler-unwind-funclets
0x006A5322,compiler_generated,runtime,exclude_authored,observed,compiler-unwind-funclets
0x006A532D,compiler_generated,runtime,exclude_authored,observed,compiler-unwind-funclets
0x006A5338,compiler_generated,runtime,exclude_authored,observed,compiler-unwind-funclets
0x006A5380,compiler_generated,runtime,exclude_authored,observed,compiler-unwind-funclets
0x006A538B,compiler_generated,runtime,exclude_authored,observed,compiler-unwind-funclets
0x006A5396,compiler_generated,runtime,exclude_authored,observed,compiler-unwind-funclets
0x006A53A1,compiler_generated,runtime,exclude_authored,observed,compiler-unwind-funclets
0x006A53AC,compiler_generated,runtime,exclude_authored,observed,compiler-unwind-funclets
0x006A53B7,compiler_generated,runtime,exclude_authored,observed,compiler-unwind-funclets
0x006A53C2,compiler_generated,runtime,exclude_authored,observed,compiler-unwind-funclets
0x006A53CD,compiler_generated,runtime,exclude_authored,observed,compiler-unwind-funclets
0x006A5410,compiler_generated,runtime,exclude_authored,observed,compiler-unwind-funclets
0x006A5440,compiler_generated,runtime,exclude_authored,observed,compiler-unwind-funclets
0x006A544B,compiler_generated,runtime,exclude_authored,observed,compiler-unwind-funclets
0x006A5480,compiler_generated,runtime,exclude_authored,observed,compiler-unwind-funclets
0x006A54B0,compiler_generated,runtime,exclude_authored,observed,compiler-unwind-funclets
0x006A54E0,compiler_generated,runtime,exclude_authored,observed,compiler-unwind-funclets
0x006A5510,compiler_generated,runtime,exclude_authored,observed,compiler-unwind-funclets
0x006A5540,compiler_generated,runtime,exclude_authored,observed,compiler-unwind-funclets
0x006A554B,compiler_generated,runtime,exclude_authored,observed,compiler-unwind-funclets
0x006A5580,compiler_generated,runtime,exclude_authored,observed,compiler-unwind-funclets
0x006A558B,compiler_generated,runtime,exclude_authored,observed,compiler-unwind-funclets
0x006A55C0,compiler_generated,runtime,exclude_authored,observed,compiler-unwind-funclets
0x006A55CB,compiler_generated,runtime,exclude_authored,observed,compiler-unwind-funclets
0x006A5600,compiler_generated,runtime,exclude_authored,observed,compiler-unwind-funclets
0x006A5608,compiler_generated,runtime,exclude_authored,observed,compiler-unwind-funclets
0x006A5613,compiler_generated,runtime,exclude_authored,observed,compiler-unwind-funclets
0x006A561E,compiler_generated,runtime,exclude_authored,observed,compiler-unwind-funclets
0x006A5650,compiler_generated,runtime,exclude_authored,observed,compiler-unwind-funclets
0x006A5658,compiler_generated,runtime,exclude_authored,observed,compiler-unwind-funclets
0x006A5663,compiler_generated,runtime,exclude_authored,observed,compiler-unwind-funclets
0x006A566E,compiler_generated,runtime,exclude_authored,observed,compiler-unwind-funclets
0x006A56A0,compiler_generated,runtime,exclude_authored,observed,compiler-unwind-funclets
0x006A56A8,compiler_generated,runtime,exclude_authored,observed,compiler-unwind-funclets
0x006A56CF,compiler_generated,runtime,exclude_authored,observed,compiler-unwind-funclets
0x006A56DA,compiler_generated,runtime,exclude_authored,observed,compiler-unwind-funclets
0x006A5700,compiler_generated,runtime,exclude_authored,observed,compiler-unwind-funclets
0x006A5708,compiler_generated,runtime,exclude_authored,observed,compiler-unwind-funclets
0x006A572F,compiler_generated,runtime,exclude_authored,observed,compiler-unwind-funclets
0x006A573A,compiler_generated,runtime,exclude_authored,observed,compiler-unwind-funclets
0x006A5760,compiler_generated,runtime,exclude_authored,observed,compiler-unwind-funclets
0x006A576B,compiler_generated,runtime,exclude_authored,observed,compiler-unwind-funclets
0x006A5776,compiler_generated,runtime,exclude_authored,observed,compiler-unwind-funclets
0x006A5781,compiler_generated,runtime,exclude_authored,observed,compiler-unwind-funclets
0x006A578C,compiler_generated,runtime,exclude_authored,observed,compiler-unwind-funclets
0x006A5797,compiler_generated,runtime,exclude_authored,observed,compiler-unwind-funclets
0x006A57D0,compiler_generated,runtime,exclude_authored,observed,compiler-unwind-funclets
0x006A57DB,compiler_generated,runtime,exclude_authored,observed,compiler-unwind-funclets
0x006A57E6,compiler_generated,runtime,exclude_authored,observed,compiler-unwind-funclets
0x006A57F4,compiler_generated,runtime,exclude_authored,observed,compiler-unwind-funclets
0x006A5802,compiler_generated,runtime,exclude_authored,observed,compiler-unwind-funclets
0x006A5810,compiler_generated,runtime,exclude_authored,observed,compiler-unwind-funclets
0x006A581E,compiler_generated,runtime,exclude_authored,observed,compiler-unwind-funclets
0x006A5850,compiler_generated,runtime,exclude_authored,observed,compiler-unwind-funclets
0x006A585B,compiler_generated,runtime,exclude_authored,observed,compiler-unwind-funclets
0x006A5866,compiler_generated,runtime,exclude_authored,observed,compiler-unwind-funclets
0x006A5871,compiler_generated,runtime,exclude_authored,observed,compiler-unwind-funclets
0x006A58A0,compiler_generated,runtime,exclude_authored,observed,compiler-unwind-funclets
0x006A58D0,compiler_generated,runtime,exclude_authored,observed,compiler-unwind-funclets
0x006A5900,compiler_generated,runtime,exclude_authored,observed,compiler-unwind-funclets
0x006A590B,compiler_generated,runtime,exclude_authored,observed,compiler-unwind-funclets
0x006A5916,compiler_generated,runtime,exclude_authored,observed,compiler-unwind-funclets
0x006A5921,compiler_generated,runtime,exclude_authored,observed,compiler-unwind-funclets
0x006A5950,compiler_generated,runtime,exclude_authored,observed,compiler-unwind-funclets
0x006A5958,compiler_generated,runtime,exclude_authored,observed,compiler-unwind-funclets
0x006A5963,compiler_generated,runtime,exclude_authored,observed,compiler-unwind-funclets
0x006A596E,compiler_generated,runtime,exclude_authored,observed,compiler-unwind-funclets
0x006A5979,compiler_generated,runtime,exclude_authored,observed,compiler-unwind-funclets
0x006A5987,compiler_generated,runtime,exclude_authored,observed,compiler-unwind-funclets
0x006A59B0,compiler_generated,runtime,exclude_authored,observed,compiler-unwind-funclets
0x006A59BE,compiler_generated,runtime,exclude_authored,observed,compiler-unwind-funclets
0x006A59CC,compiler_generated,runtime,exclude_authored,observed,compiler-unwind-funclets
0x006A59DA,compiler_generated,runtime,exclude_authored,observed,compiler-unwind-funclets
0x006A5A20,compiler_generated,runtime,exclude_authored,observed,compiler-unwind-funclets
0x006A5A2B,compiler_generated,runtime,exclude_authored,observed,compiler-unwind-funclets
0x006A5A60,compiler_generated,runtime,exclude_authored,observed,compiler-unwind-funclets
0x006A5A68,compiler_generated,runtime,exclude_authored,observed,compiler-unwind-funclets
0x006A5A73,compiler_generated,runtime,exclude_authored,observed,compiler-unwind-funclets
0x006A5A7E,compiler_generated,runtime,exclude_authored,observed,compiler-unwind-funclets
0x006A5A89,compiler_generated,runtime,exclude_authored,observed,compiler-unwind-funclets
0x006A5AC0,compiler_generated,runtime,exclude_authored,observed,compiler-unwind-funclets
0x006A5ACB,compiler_generated,runtime,exclude_authored,observed,compiler-unwind-funclets
0x006A5AD6,compiler_generated,runtime,exclude_authored,observed,compiler-unwind-funclets
0x006A5B00,compiler_generated,runtime,exclude_authored,observed,compiler-unwind-funclets
0x006A5B30,compiler_generated,runtime,exclude_authored,observed,compiler-unwind-funclets
0x006A5B3B,compiler_generated,runtime,exclude_authored,observed,compiler-unwind-funclets
0x006A5B46,compiler_generated,runtime,exclude_authored,observed,compiler-unwind-funclets
0x006A5B70,compiler_generated,runtime,exclude_authored,observed,compiler-unwind-funclets
0x006A5B7B,compiler_generated,runtime,exclude_authored,observed,compiler-unwind-funclets
0x006A5B86,compiler_generated,runtime,exclude_authored,observed,compiler-unwind-funclets
0x006A5B91,compiler_generated,runtime,exclude_authored,observed,compiler-unwind-funclets
0x006A5B9C,compiler_generated,runtime,exclude_authored,observed,compiler-unwind-funclets
0x006A5BA7,compiler_generated,runtime,exclude_authored,observed,compiler-unwind-funclets
0x006A5BB2,compiler_generated,runtime,exclude_authored,observed,compiler-unwind-funclets
0x006A5BF0,compiler_generated,runtime,exclude_authored,observed,compiler-unwind-funclets
0x006A5BFB,compiler_generated,runtime,exclude_authored,observed,compiler-unwind-funclets
0x006A5C06,compiler_generated,runtime,exclude_authored,observed,compiler-unwind-funclets
0x006A5C40,compiler_generated,runtime,exclude_authored,observed,compiler-unwind-funclets
0x006A5C80,compiler_generated,runtime,exclude_authored,observed,compiler-unwind-funclets
0x006A5C8B,compiler_generated,runtime,exclude_authored,observed,compiler-unwind-funclets
0x006A5C99,compiler_generated,runtime,exclude_authored,observed,compiler-unwind-funclets
0x006A5CB1,compiler_generated,runtime,exclude_authored,observed,compiler-unwind-funclets
0x006A5CBF,compiler_generated,runtime,exclude_authored,observed,compiler-unwind-funclets
0x006A5CD7,compiler_generated,runtime,exclude_authored,observed,compiler-unwind-funclets
0x006A5CE5,compiler_generated,runtime,exclude_authored,observed,compiler-unwind-funclets
0x006A5CF3,compiler_generated,runtime,exclude_authored,observed,compiler-unwind-funclets
0x006A5D30,compiler_generated,runtime,exclude_authored,observed,compiler-unwind-funclets
0x006A5D60,compiler_generated,runtime,exclude_authored,observed,compiler-unwind-funclets
0x006A5D90,compiler_generated,runtime,exclude_authored,observed,compiler-unwind-funclets
0x006A5DC0,compiler_generated,runtime,exclude_authored,observed,compiler-unwind-funclets
0x006A5DF0,compiler_generated,runtime,exclude_authored,observed,compiler-unwind-funclets
0x006A5DF8,compiler_generated,runtime,exclude_authored,observed,compiler-unwind-funclets
0x006A5E20,compiler_generated,runtime,exclude_authored,observed,compiler-unwind-funclets
0x006A5E50,compiler_generated,runtime,exclude_authored,observed,compiler-unwind-funclets
0x006A5E5B,compiler_generated,runtime,exclude_authored,observed,compiler-unwind-funclets
0x006A5E66,compiler_generated,runtime,exclude_authored,observed,compiler-unwind-funclets
0x006A5E71,compiler_generated,runtime,exclude_authored,observed,compiler-unwind-funclets
0x006A5E7C,compiler_generated,runtime,exclude_authored,observed,compiler-unwind-funclets
0x006A5E87,compiler_generated,runtime,exclude_authored,observed,compiler-unwind-funclets
0x006A5E95,compiler_generated,runtime,exclude_authored,observed,compiler-unwind-funclets
0x006A5EA3,compiler_generated,runtime,exclude_authored,observed,compiler-unwind-funclets
0x006A5EE0,compiler_generated,runtime,exclude_authored,observed,compiler-unwind-funclets
0x006A5EEB,compiler_generated,runtime,exclude_authored,observed,compiler-unwind-funclets
0x006A5EF6,compiler_generated,runtime,exclude_authored,observed,compiler-unwind-funclets
0x006A5F01,compiler_generated,runtime,exclude_authored,observed,compiler-unwind-funclets
0x006A5F0C,compiler_generated,runtime,exclude_authored,observed,compiler-unwind-funclets
0x006A5F17,compiler_generated,runtime,exclude_authored,observed,compiler-unwind-funclets
0x006A5F25,compiler_generated,runtime,exclude_authored,observed,compiler-unwind-funclets
0x006A5F33,compiler_generated,runtime,exclude_authored,observed,compiler-unwind-funclets
0x006A5F70,compiler_generated,runtime,exclude_authored,observed,compiler-unwind-funclets
0x006A5F7B,compiler_generated,runtime,exclude_authored,observed,compiler-unwind-funclets
0x006A5F86,compiler_generated,runtime,exclude_authored,observed,compiler-unwind-funclets
0x006A5F91,compiler_generated,runtime,exclude_authored,observed,compiler-unwind-funclets
0x006A5FD0,compiler_generated,runtime,exclude_authored,observed,compiler-unwind-funclets
0x006A5FE6,compiler_generated,runtime,exclude_authored,observed,compiler-unwind-funclets
0x006A5FF4,compiler_generated,runtime,exclude_authored,observed,compiler-unwind-funclets
0x006A6020,compiler_generated,runtime,exclude_authored,observed,compiler-unwind-funclets
0x006A6036,compiler_generated,runtime,exclude_authored,observed,compiler-unwind-funclets
0x006A6044,compiler_generated,runtime,exclude_authored,observed,compiler-unwind-funclets
0x006A6070,compiler_generated,runtime,exclude_authored,observed,compiler-unwind-funclets
0x006A60A0,compiler_generated,runtime,exclude_authored,observed,compiler-unwind-funclets
0x006A60A8,compiler_generated,runtime,exclude_authored,observed,compiler-unwind-funclets
0x006A60B0,compiler_generated,runtime,exclude_authored,observed,compiler-unwind-funclets
0x006A60E0,compiler_generated,runtime,exclude_authored,observed,compiler-unwind-funclets
0x006A60EB,compiler_generated,runtime,exclude_authored,observed,compiler-unwind-funclets
0x006A6120,compiler_generated,runtime,exclude_authored,observed,compiler-unwind-funclets
0x006A6128,compiler_generated,runtime,exclude_authored,observed,compiler-unwind-funclets
0x006A6133,compiler_generated,runtime,exclude_authored,observed,compiler-unwind-funclets
0x006A6160,compiler_generated,runtime,exclude_authored,observed,compiler-unwind-funclets
0x006A6168,compiler_generated,runtime,exclude_authored,observed,compiler-unwind-funclets
0x006A6173,compiler_generated,runtime,exclude_authored,observed,compiler-unwind-funclets
0x006A61A0,compiler_generated,runtime,exclude_authored,observed,compiler-unwind-funclets
0x006A61A8,compiler_generated,runtime,exclude_authored,observed,compiler-unwind-funclets
0x006A61B3,compiler_generated,runtime,exclude_authored,observed,compiler-unwind-funclets
0x006A61CE,compiler_generated,runtime,exclude_authored,observed,compiler-unwind-funclets
0x006A6200,compiler_generated,runtime,exclude_authored,observed,compiler-unwind-funclets
0x006A6208,compiler_generated,runtime,exclude_authored,observed,compiler-unwind-funclets
0x006A6213,compiler_generated,runtime,exclude_authored,observed,compiler-unwind-funclets
0x006A622E,compiler_generated,runtime,exclude_authored,observed,compiler-unwind-funclets
0x006A6260,compiler_generated,runtime,exclude_authored,observed,compiler-unwind-funclets
0x006A6290,compiler_generated,runtime,exclude_authored,observed,compiler-unwind-funclets
0x006A6298,compiler_generated,runtime,exclude_authored,observed,compiler-unwind-funclets
0x006A62D0,compiler_generated,runtime,exclude_authored,observed,compiler-unwind-funclets
0x006A6310,compiler_generated,runtime,exclude_authored,observed,compiler-unwind-funclets
0x006A6329,compiler_generated,runtime,exclude_authored,observed,compiler-unwind-funclets
0x006A6350,compiler_generated,runtime,exclude_authored,observed,compiler-unwind-funclets
0x006A6358,compiler_generated,runtime,exclude_authored,observed,compiler-unwind-funclets
0x006A6360,compiler_generated,runtime,exclude_authored,observed,compiler-unwind-funclets
0x006A6368,compiler_generated,runtime,exclude_authored,observed,compiler-unwind-funclets
0x006A63A0,compiler_generated,runtime,exclude_authored,observed,compiler-unwind-funclets
0x006A63A8,compiler_generated,runtime,exclude_authored,observed,compiler-unwind-funclets
0x006A63B9,compiler_generated,runtime,exclude_authored,observed,compiler-unwind-funclets
0x006A63F0,compiler_generated,runtime,exclude_authored,observed,compiler-unwind-funclets
0x006A63FB,compiler_generated,runtime,exclude_authored,observed,compiler-unwind-funclets
0x006A6430,compiler_generated,runtime,exclude_authored,observed,compiler-unwind-funclets
0x006A6438,compiler_generated,runtime,exclude_authored,observed,compiler-unwind-funclets
0x006A6443,compiler_generated,runtime,exclude_authored,observed,compiler-unwind-funclets
0x006A644E,compiler_generated,runtime,exclude_authored,observed,compiler-unwind-funclets
0x006A645C,compiler_generated,runtime,exclude_authored,observed,compiler-unwind-funclets
0x006A646A,compiler_generated,runtime,exclude_authored,observed,compiler-unwind-funclets
0x006A6478,compiler_generated,runtime,exclude_authored,observed,compiler-unwind-funclets
0x006A6486,compiler_generated,runtime,exclude_authored,observed,compiler-unwind-funclets
0x006A6494,compiler_generated,runtime,exclude_authored,observed,compiler-unwind-funclets
0x006A64A2,compiler_generated,runtime,exclude_authored,observed,compiler-unwind-funclets
0x006A64E0,compiler_generated,runtime,exclude_authored,observed,compiler-unwind-funclets
0x006A64EB,compiler_generated,runtime,exclude_authored,observed,compiler-unwind-funclets
0x006A64F6,compiler_generated,runtime,exclude_authored,observed,compiler-unwind-funclets
0x006A6540,compiler_generated,runtime,exclude_authored,observed,compiler-unwind-funclets
0x006A6570,compiler_generated,runtime,exclude_authored,observed,compiler-unwind-funclets
0x006A6578,compiler_generated,runtime,exclude_authored,observed,compiler-unwind-funclets
0x006A6583,compiler_generated,runtime,exclude_authored,observed,compiler-unwind-funclets
0x006A658E,compiler_generated,runtime,exclude_authored,observed,compiler-unwind-funclets
0x006A659C,compiler_generated,runtime,exclude_authored,observed,compiler-unwind-funclets
0x006A65AA,compiler_generated,runtime,exclude_authored,observed,compiler-unwind-funclets
0x006A65B8,compiler_generated,runtime,exclude_authored,observed,compiler-unwind-funclets
0x006A65C6,compiler_generated,runtime,exclude_authored,observed,compiler-unwind-funclets
0x006A65D4,compiler_generated,runtime,exclude_authored,observed,compiler-unwind-funclets
0x006A65E2,compiler_generated,runtime,exclude_authored,observed,compiler-unwind-funclets
0x006A6620,compiler_generated,runtime,exclude_authored,observed,compiler-unwind-funclets
0x006A662B,compiler_generated,runtime,exclude_authored,observed,compiler-unwind-funclets
0x006A6636,compiler_generated,runtime,exclude_authored,observed,compiler-unwind-funclets
0x006A6641,compiler_generated,runtime,exclude_authored,observed,compiler-unwind-funclets
0x006A664C,compiler_generated,runtime,exclude_authored,observed,compiler-unwind-funclets
0x006A6657,compiler_generated,runtime,exclude_authored,observed,compiler-unwind-funclets
0x006A6662,compiler_generated,runtime,exclude_authored,observed,compiler-unwind-funclets
0x006A66A0,compiler_generated,runtime,exclude_authored,observed,compiler-unwind-funclets
0x006A66E0,compiler_generated,runtime,exclude_authored,observed,compiler-unwind-funclets
0x006A66E8,compiler_generated,runtime,exclude_authored,observed,compiler-unwind-funclets
0x006A6710,compiler_generated,runtime,exclude_authored,observed,compiler-unwind-funclets
0x006A6718,compiler_generated,runtime,exclude_authored,observed,compiler-unwind-funclets
0x006A6740,compiler_generated,runtime,exclude_authored,observed,compiler-unwind-funclets
0x006A6748,compiler_generated,runtime,exclude_authored,observed,compiler-unwind-funclets
0x006A6753,compiler_generated,runtime,exclude_authored,observed,compiler-unwind-funclets
0x006A6761,compiler_generated,runtime,exclude_authored,observed,compiler-unwind-funclets
0x006A6790,compiler_generated,runtime,exclude_authored,observed,compiler-unwind-funclets
0x006A6798,compiler_generated,runtime,exclude_authored,observed,compiler-unwind-funclets
0x006A67A3,compiler_generated,runtime,exclude_authored,observed,compiler-unwind-funclets
0x006A67B1,compiler_generated,runtime,exclude_authored,observed,compiler-unwind-funclets
0x006A67E0,compiler_generated,runtime,exclude_authored,observed,compiler-unwind-funclets
0x006A67EB,compiler_generated,runtime,exclude_authored,observed,compiler-unwind-funclets
0x006A67F3,compiler_generated,runtime,exclude_authored,observed,compiler-unwind-funclets
0x006A67FB,compiler_generated,runtime,exclude_authored,observed,compiler-unwind-funclets
0x006A6812,compiler_generated,runtime,exclude_authored,observed,compiler-unwind-funclets
0x006A6829,compiler_generated,runtime,exclude_authored,observed,compiler-unwind-funclets
0x006A6831,compiler_generated,runtime,exclude_authored,observed,compiler-unwind-funclets
0x006A6880,compiler_generated,runtime,exclude_authored,observed,compiler-unwind-funclets
0x006A6888,compiler_generated,runtime,exclude_authored,observed,compiler-unwind-funclets
0x006A6893,compiler_generated,runtime,exclude_authored,observed,compiler-unwind-funclets
0x006A68A1,compiler_generated,runtime,exclude_authored,observed,compiler-unwind-funclets
0x006A68AF,compiler_generated,runtime,exclude_authored,observed,compiler-unwind-funclets
0x006A68F0,compiler_generated,runtime,exclude_authored,observed,compiler-unwind-funclets
0x006A68F8,compiler_generated,runtime,exclude_authored,observed,compiler-unwind-funclets
0x006A6903,compiler_generated,runtime,exclude_authored,observed,compiler-unwind-funclets
0x006A6911,compiler_generated,runtime,exclude_authored,observed,compiler-unwind-funclets
0x006A691F,compiler_generated,runtime,exclude_authored,observed,compiler-unwind-funclets
0x006A6960,compiler_generated,runtime,exclude_authored,observed,compiler-unwind-funclets
0x006A6968,compiler_generated,runtime,exclude_authored,observed,compiler-unwind-funclets
0x006A6973,compiler_generated,runtime,exclude_authored,observed,compiler-unwind-funclets
0x006A6981,compiler_generated,runtime,exclude_authored,observed,compiler-unwind-funclets
0x006A699C,compiler_generated,runtime,exclude_authored,observed,compiler-unwind-funclets
0x006A69D0,compiler_generated,runtime,exclude_authored,observed,compiler-unwind-funclets
0x006A69D8,compiler_generated,runtime,exclude_authored,observed,compiler-unwind-funclets
0x006A69E3,compiler_generated,runtime,exclude_authored,observed,compiler-unwind-funclets
0x006A69F1,compiler_generated,runtime,exclude_authored,observed,compiler-unwind-funclets
0x006A6A0C,compiler_generated,runtime,exclude_authored,observed,compiler-unwind-funclets
0x006A6A40,compiler_generated,runtime,exclude_authored,observed,compiler-unwind-funclets
0x006A6A70,compiler_generated,runtime,exclude_authored,observed,compiler-unwind-funclets
0x006A6A78,compiler_generated,runtime,exclude_authored,observed,compiler-unwind-funclets
0x006A6A83,compiler_generated,runtime,exclude_authored,observed,compiler-unwind-funclets
0x006A6A91,compiler_generated,runtime,exclude_authored,observed,compiler-unwind-funclets
0x006A6AAC,compiler_generated,runtime,exclude_authored,observed,compiler-unwind-funclets
0x006A6ABA,compiler_generated,runtime,exclude_authored,observed,compiler-unwind-funclets
0x006A6AF0,compiler_generated,runtime,exclude_authored,observed,compiler-unwind-funclets
0x006A6AF8,compiler_generated,runtime,exclude_authored,observed,compiler-unwind-funclets
0x006A6B03,compiler_generated,runtime,exclude_authored,observed,compiler-unwind-funclets
0x006A6B11,compiler_generated,runtime,exclude_authored,observed,compiler-unwind-funclets
0x006A6B2C,compiler_generated,runtime,exclude_authored,observed,compiler-unwind-funclets
0x006A6B3A,compiler_generated,runtime,exclude_authored,observed,compiler-unwind-funclets
0x006A6B70,compiler_generated,runtime,exclude_authored,observed,compiler-unwind-funclets
0x006A6B7B,compiler_generated,runtime,exclude_authored,observed,compiler-unwind-funclets
0x006A6B86,compiler_generated,runtime,exclude_authored,observed,compiler-unwind-funclets
0x006A6B9D,compiler_generated,runtime,exclude_authored,observed,compiler-unwind-funclets
0x006A6BA8,compiler_generated,runtime,exclude_authored,observed,compiler-unwind-funclets
0x006A6BF0,compiler_generated,runtime,exclude_authored,observed,compiler-unwind-funclets
0x006A6BFB,compiler_generated,runtime,exclude_authored,observed,compiler-unwind-funclets
0x006A6C06,compiler_generated,runtime,exclude_authored,observed,compiler-unwind-funclets
0x006A6C11,compiler_generated,runtime,exclude_authored,observed,compiler-unwind-funclets
0x006A6C1C,compiler_generated,runtime,exclude_authored,observed,compiler-unwind-funclets
0x006A6C50,compiler_generated,runtime,exclude_authored,observed,compiler-unwind-funclets
0x006A6C58,compiler_generated,runtime,exclude_authored,observed,compiler-unwind-funclets
0x006A6C63,compiler_generated,runtime,exclude_authored,observed,compiler-unwind-funclets
0x006A6CA0,compiler_generated,runtime,exclude_authored,observed,compiler-unwind-funclets
0x006A6CA8,compiler_generated,runtime,exclude_authored,observed,compiler-unwind-funclets
0x006A6CB3,compiler_generated,runtime,exclude_authored,observed,compiler-unwind-funclets
0x006A6CF0,compiler_generated,runtime,exclude_authored,observed,compiler-unwind-funclets
0x006A6CF8,compiler_generated,runtime,exclude_authored,observed,compiler-unwind-funclets
0x006A6D03,compiler_generated,runtime,exclude_authored,observed,compiler-unwind-funclets
0x006A6D11,compiler_generated,runtime,exclude_authored,observed,compiler-unwind-funclets
0x006A6D1F,compiler_generated,runtime,exclude_authored,observed,compiler-unwind-funclets
0x006A6D50,compiler_generated,runtime,exclude_authored,observed,compiler-unwind-funclets
0x006A6D58,compiler_generated,runtime,exclude_authored,observed,compiler-unwind-funclets
0x006A6D63,compiler_generated,runtime,exclude_authored,observed,compiler-unwind-funclets
0x006A6D71,compiler_generated,runtime,exclude_authored,observed,compiler-unwind-funclets
0x006A6D7F,compiler_generated,runtime,exclude_authored,observed,compiler-unwind-funclets
0x006A6DB0,compiler_generated,runtime,exclude_authored,observed,compiler-unwind-funclets
0x006A6DE0,compiler_generated,runtime,exclude_authored,observed,compiler-unwind-funclets
0x006A6DE8,compiler_generated,runtime,exclude_authored,observed,compiler-unwind-funclets
0x006A6DF3,compiler_generated,runtime,exclude_authored,observed,compiler-unwind-funclets
0x006A6E01,compiler_generated,runtime,exclude_authored,observed,compiler-unwind-funclets
0x006A6E0F,compiler_generated,runtime,exclude_authored,observed,compiler-unwind-funclets
0x006A6E1D,compiler_generated,runtime,exclude_authored,observed,compiler-unwind-funclets
0x006A6E2B,compiler_generated,runtime,exclude_authored,observed,compiler-unwind-funclets
0x006A6E39,compiler_generated,runtime,exclude_authored,observed,compiler-unwind-funclets
0x006A6E47,compiler_generated,runtime,exclude_authored,observed,compiler-unwind-funclets
0x006A6E55,compiler_generated,runtime,exclude_authored,observed,compiler-unwind-funclets
0x006A6E63,compiler_generated,runtime,exclude_authored,observed,compiler-unwind-funclets
0x006A6EA0,compiler_generated,runtime,exclude_authored,observed,compiler-unwind-funclets
0x006A6EAB,compiler_generated,runtime,exclude_authored,observed,compiler-unwind-funclets
0x006A6EB9,compiler_generated,runtime,exclude_authored,observed,compiler-unwind-funclets
0x006A6ECA,compiler_generated,runtime,exclude_authored,observed,compiler-unwind-funclets
0x006A6EDB,compiler_generated,runtime,exclude_authored,observed,compiler-unwind-funclets
0x006A6EEC,compiler_generated,runtime,exclude_authored,observed,compiler-unwind-funclets
0x006A6EFD,compiler_generated,runtime,exclude_authored,observed,compiler-unwind-funclets
0x006A6F0E,compiler_generated,runtime,exclude_authored,observed,compiler-unwind-funclets
0x006A6F1F,compiler_generated,runtime,exclude_authored,observed,compiler-unwind-funclets
0x006A6F30,compiler_generated,runtime,exclude_authored,observed,compiler-unwind-funclets
0x006A6F41,compiler_generated,runtime,exclude_authored,observed,compiler-unwind-funclets
0x006A6F5F,compiler_generated,runtime,exclude_authored,observed,compiler-unwind-funclets
0x006A6FA0,compiler_generated,runtime,exclude_authored,observed,compiler-unwind-funclets
0x006A6FA8,compiler_generated,runtime,exclude_authored,observed,compiler-unwind-funclets
0x006A6FB3,compiler_generated,runtime,exclude_authored,observed,compiler-unwind-funclets
0x006A6FBE,compiler_generated,runtime,exclude_authored,observed,compiler-unwind-funclets
0x006A6FCC,compiler_generated,runtime,exclude_authored,observed,compiler-unwind-funclets
0x006A7010,compiler_generated,runtime,exclude_authored,observed,compiler-unwind-funclets
0x006A7018,compiler_generated,runtime,exclude_authored,observed,compiler-unwind-funclets
0x006A7023,compiler_generated,runtime,exclude_authored,observed,compiler-unwind-funclets
0x006A702E,compiler_generated,runtime,exclude_authored,observed,compiler-unwind-funclets
0x006A703C,compiler_generated,runtime,exclude_authored,observed,compiler-unwind-funclets
0x006A7080,compiler_generated,runtime,exclude_authored,observed,compiler-unwind-funclets
0x006A708B,compiler_generated,runtime,exclude_authored,observed,compiler-unwind-funclets
0x006A7096,compiler_generated,runtime,exclude_authored,observed,compiler-unwind-funclets
0x006A70A1,compiler_generated,runtime,exclude_authored,observed,compiler-unwind-funclets
0x006A70AC,compiler_generated,runtime,exclude_authored,observed,compiler-unwind-funclets
0x006A70F0,compiler_generated,runtime,exclude_authored,observed,compiler-unwind-funclets
0x006A70F8,compiler_generated,runtime,exclude_authored,observed,compiler-unwind-funclets
0x006A7100,compiler_generated,runtime,exclude_authored,observed,compiler-unwind-funclets
0x006A7108,compiler_generated,runtime,exclude_authored,observed,compiler-unwind-funclets
0x006A7110,compiler_generated,runtime,exclude_authored,observed,compiler-unwind-funclets
0x006A711B,compiler_generated,runtime,exclude_authored,observed,compiler-unwind-funclets
0x006A7123,compiler_generated,runtime,exclude_authored,observed,compiler-unwind-funclets
0x006A712E,compiler_generated,runtime,exclude_authored,observed,compiler-unwind-funclets
0x006A7170,compiler_generated,runtime,exclude_authored,observed,compiler-unwind-funclets
0x006A7178,compiler_generated,runtime,exclude_authored,observed,compiler-unwind-funclets
0x006A71B0,compiler_generated,runtime,exclude_authored,observed,compiler-unwind-funclets
0x006A71B8,compiler_generated,runtime,exclude_authored,observed,compiler-unwind-funclets
0x006A71F0,compiler_generated,runtime,exclude_authored,observed,compiler-unwind-funclets
0x006A71F8,compiler_generated,runtime,exclude_authored,observed,compiler-unwind-funclets
0x006A7220,compiler_generated,runtime,exclude_authored,observed,compiler-unwind-funclets
0x006A7250,compiler_generated,runtime,exclude_authored,observed,compiler-unwind-funclets
0x006A7258,compiler_generated,runtime,exclude_authored,observed,compiler-unwind-funclets
0x006A7280,compiler_generated,runtime,exclude_authored,observed,compiler-unwind-funclets
0x006A7288,compiler_generated,runtime,exclude_authored,observed,compiler-unwind-funclets
0x006A7293,compiler_generated,runtime,exclude_authored,observed,compiler-unwind-funclets
0x006A72A1,compiler_generated,runtime,exclude_authored,observed,compiler-unwind-funclets
0x006A72AF,compiler_generated,runtime,exclude_authored,observed,compiler-unwind-funclets
0x006A72BD,compiler_generated,runtime,exclude_authored,observed,compiler-unwind-funclets
0x006A72CB,compiler_generated,runtime,exclude_authored,observed,compiler-unwind-funclets
0x006A72D9,compiler_generated,runtime,exclude_authored,observed,compiler-unwind-funclets
0x006A72E7,compiler_generated,runtime,exclude_authored,observed,compiler-unwind-funclets
0x006A72F5,compiler_generated,runtime,exclude_authored,observed,compiler-unwind-funclets
0x006A7330,compiler_generated,runtime,exclude_authored,observed,compiler-unwind-funclets
0x006A7338,compiler_generated,runtime,exclude_authored,observed,compiler-unwind-funclets
0x006A7343,compiler_generated,runtime,exclude_authored,observed,compiler-unwind-funclets
0x006A7351,compiler_generated,runtime,exclude_authored,observed,compiler-unwind-funclets
0x006A735F,compiler_generated,runtime,exclude_authored,observed,compiler-unwind-funclets
0x006A736D,compiler_generated,runtime,exclude_authored,observed,compiler-unwind-funclets
0x006A737B,compiler_generated,runtime,exclude_authored,observed,compiler-unwind-funclets
0x006A7389,compiler_generated,runtime,exclude_authored,observed,compiler-unwind-funclets
0x006A7397,compiler_generated,runtime,exclude_authored,observed,compiler-unwind-funclets
0x006A73A5,compiler_generated,runtime,exclude_authored,observed,compiler-unwind-funclets
0x006A73E0,compiler_generated,runtime,exclude_authored,observed,compiler-unwind-funclets
0x006A7410,compiler_generated,runtime,exclude_authored,observed,compiler-unwind-funclets
0x006A741B,compiler_generated,runtime,exclude_authored,observed,compiler-unwind-funclets
0x006A7429,compiler_generated,runtime,exclude_authored,observed,compiler-unwind-funclets
0x006A7441,compiler_generated,runtime,exclude_authored,observed,compiler-unwind-funclets
0x006A744F,compiler_generated,runtime,exclude_authored,observed,compiler-unwind-funclets
0x006A7467,compiler_generated,runtime,exclude_authored,observed,compiler-unwind-funclets
0x006A7475,compiler_generated,runtime,exclude_authored,observed,compiler-unwind-funclets
0x006A7483,compiler_generated,runtime,exclude_authored,observed,compiler-unwind-funclets
0x006A749E,compiler_generated,runtime,exclude_authored,observed,compiler-unwind-funclets
0x006A74AC,compiler_generated,runtime,exclude_authored,observed,compiler-unwind-funclets
0x006A74E0,compiler_generated,runtime,exclude_authored,observed,compiler-unwind-funclets
0x006A74EB,compiler_generated,runtime,exclude_authored,observed,compiler-unwind-funclets
0x006A7530,compiler_generated,runtime,exclude_authored,observed,compiler-unwind-funclets
0x006A7570,compiler_generated,runtime,exclude_authored,observed,compiler-unwind-funclets
0x006A7578,compiler_generated,runtime,exclude_authored,observed,compiler-unwind-funclets
0x006A75B0,compiler_generated,runtime,exclude_authored,observed,compiler-unwind-funclets
0x006A75B8,compiler_generated,runtime,exclude_authored,observed,compiler-unwind-funclets
0x006A75C0,compiler_generated,runtime,exclude_authored,observed,compiler-unwind-funclets
0x006A7600,compiler_generated,runtime,exclude_authored,observed,compiler-unwind-funclets
0x006A7630,compiler_generated,runtime,exclude_authored,observed,compiler-unwind-funclets
0x006A7660,compiler_generated,runtime,exclude_authored,observed,compiler-unwind-funclets
0x006A7668,compiler_generated,runtime,exclude_authored,observed,compiler-unwind-funclets
0x006A76A0,compiler_generated,runtime,exclude_authored,observed,compiler-unwind-funclets
0x006A7750,compiler_generated,runtime,exclude_authored,observed,compiler-unwind-funclets
0x006A77A0,compiler_generated,runtime,exclude_authored,observed,compiler-unwind-funclets
0x006A77AB,compiler_generated,runtime,exclude_authored,observed,compiler-unwind-funclets
0x006A77E0,compiler_generated,runtime,exclude_authored,observed,compiler-unwind-funclets
0x006A77EB,compiler_generated,runtime,exclude_authored,observed,compiler-unwind-funclets
0x006A7820,compiler_generated,runtime,exclude_authored,observed,compiler-unwind-funclets
0x006A782B,compiler_generated,runtime,exclude_authored,observed,compiler-unwind-funclets
0x006A7860,compiler_generated,runtime,exclude_authored,observed,compiler-unwind-funclets
0x006A78B0,compiler_generated,runtime,exclude_authored,observed,compiler-unwind-funclets
0x006A78E0,compiler_generated,runtime,exclude_authored,observed,compiler-unwind-funclets
0x006A7910,compiler_generated,runtime,exclude_authored,observed,compiler-unwind-funclets
0x006A7940,compiler_generated,runtime,exclude_authored,observed,compiler-unwind-funclets
0x006A7970,compiler_generated,runtime,exclude_authored,observed,compiler-unwind-funclets
0x006A79A0,compiler_generated,runtime,exclude_authored,observed,compiler-unwind-funclets
0x006A79D0,compiler_generated,runtime,exclude_authored,observed,compiler-unwind-funclets
0x006A79DE,compiler_generated,runtime,exclude_authored,observed,compiler-unwind-funclets
0x006A7A10,compiler_generated,runtime,exclude_authored,observed,compiler-unwind-funclets
0x006A7A40,compiler_generated,runtime,exclude_authored,observed,compiler-unwind-funclets
0x006A7A48,compiler_generated,runtime,exclude_authored,observed,compiler-unwind-funclets
0x006A7A50,compiler_generated,runtime,exclude_authored,observed,compiler-unwind-funclets
0x006A7A5B,compiler_generated,runtime,exclude_authored,observed,compiler-unwind-funclets
0x006A7A66,compiler_generated,runtime,exclude_authored,observed,compiler-unwind-funclets
0x006A7AA0,compiler_generated,runtime,exclude_authored,observed,compiler-unwind-funclets
0x006A7AA8,compiler_generated,runtime,exclude_authored,observed,compiler-unwind-funclets
0x006A7AB0,compiler_generated,runtime,exclude_authored,observed,compiler-unwind-funclets
0x006A7AE0,compiler_generated,runtime,exclude_authored,observed,compiler-unwind-funclets
0x006A7AEB,compiler_generated,runtime,exclude_authored,observed,compiler-unwind-funclets
0x006A7AF6,compiler_generated,runtime,exclude_authored,observed,compiler-unwind-funclets
0x006A7AFE,compiler_generated,runtime,exclude_authored,observed,compiler-unwind-funclets
0x006A7B09,compiler_generated,runtime,exclude_authored,observed,compiler-unwind-funclets
0x006A7B14,compiler_generated,runtime,exclude_authored,observed,compiler-unwind-funclets
0x006A7B1F,compiler_generated,runtime,exclude_authored,observed,compiler-unwind-funclets
0x006A7B2A,compiler_generated,runtime,exclude_authored,observed,compiler-unwind-funclets
0x006A7B35,compiler_generated,runtime,exclude_authored,observed,compiler-unwind-funclets
0x006A7B70,compiler_generated,runtime,exclude_authored,observed,compiler-unwind-funclets
0x006A7B7B,compiler_generated,runtime,exclude_authored,observed,compiler-unwind-funclets
0x006A7B86,compiler_generated,runtime,exclude_authored,observed,compiler-unwind-funclets
0x006A7B94,compiler_generated,runtime,exclude_authored,observed,compiler-unwind-funclets
0x006A7BA2,compiler_generated,runtime,exclude_authored,observed,compiler-unwind-funclets
0x006A7BB0,compiler_generated,runtime,exclude_authored,observed,compiler-unwind-funclets
0x006A7BBE,compiler_generated,runtime,exclude_authored,observed,compiler-unwind-funclets
0x006A7BCC,compiler_generated,runtime,exclude_authored,observed,compiler-unwind-funclets
0x006A7BDA,compiler_generated,runtime,exclude_authored,observed,compiler-unwind-funclets
0x006A7BE8,compiler_generated,runtime,exclude_authored,observed,compiler-unwind-funclets
0x006A7BF6,compiler_generated,runtime,exclude_authored,observed,compiler-unwind-funclets
0x006A7C20,compiler_generated,runtime,exclude_authored,observed,compiler-unwind-funclets
0x006A7C50,compiler_generated,runtime,exclude_authored,observed,compiler-unwind-funclets
0x006A7C58,compiler_generated,runtime,exclude_authored,observed,compiler-unwind-funclets
0x006A7CB0,compiler_generated,runtime,exclude_authored,observed,compiler-unwind-funclets
0x006A7CE0,compiler_generated,runtime,exclude_authored,observed,compiler-unwind-funclets
0x006A7D10,compiler_generated,runtime,exclude_authored,observed,compiler-unwind-funclets
0x006A7D40,compiler_generated,runtime,exclude_authored,observed,compiler-unwind-funclets
0x006A7DB0,compiler_generated,runtime,exclude_authored,observed,compiler-unwind-funclets
0x006A7DB8,compiler_generated,runtime,exclude_authored,observed,compiler-unwind-funclets
0x006A7DC3,compiler_generated,runtime,exclude_authored,observed,compiler-unwind-funclets
0x006A7DF0,compiler_generated,runtime,exclude_authored,observed,compiler-unwind-funclets
0x006A7DF8,compiler_generated,runtime,exclude_authored,observed,compiler-unwind-funclets
0x006A7E03,compiler_generated,runtime,exclude_authored,observed,compiler-unwind-funclets
0x006A7E30,compiler_generated,runtime,exclude_authored,observed,compiler-unwind-funclets
0x006A7E60,compiler_generated,runtime,exclude_authored,observed,compiler-unwind-funclets
0x006A7EB0,compiler_generated,runtime,exclude_authored,observed,compiler-unwind-funclets
0x006A7EE0,compiler_generated,runtime,exclude_authored,observed,compiler-unwind-funclets
0x006A7F10,compiler_generated,runtime,exclude_authored,observed,compiler-unwind-funclets
0x006A7F40,compiler_generated,runtime,exclude_authored,observed,compiler-unwind-funclets
0x006A7F70,compiler_generated,runtime,exclude_authored,observed,compiler-unwind-funclets
0x006A7F78,compiler_generated,runtime,exclude_authored,observed,compiler-unwind-funclets
0x006A7F83,compiler_generated,runtime,exclude_authored,observed,compiler-unwind-funclets
0x006A7FB0,compiler_generated,runtime,exclude_authored,observed,compiler-unwind-funclets
0x006A7FE0,compiler_generated,runtime,exclude_authored,observed,compiler-unwind-funclets
0x006A7FEB,compiler_generated,runtime,exclude_authored,observed,compiler-unwind-funclets
0x006A7FF6,compiler_generated,runtime,exclude_authored,observed,compiler-unwind-funclets
0x006A8001,compiler_generated,runtime,exclude_authored,observed,compiler-unwind-funclets
0x006A800C,compiler_generated,runtime,exclude_authored,observed,compiler-unwind-funclets
0x006A8017,compiler_generated,runtime,exclude_authored,observed,compiler-unwind-funclets
0x006A8022,compiler_generated,runtime,exclude_authored,observed,compiler-unwind-funclets
0x006A8060,compiler_generated,runtime,exclude_authored,observed,compiler-unwind-funclets
0x006A8068,compiler_generated,runtime,exclude_authored,observed,compiler-unwind-funclets
0x006A8076,compiler_generated,runtime,exclude_authored,observed,compiler-unwind-funclets
0x006A8084,compiler_generated,runtime,exclude_authored,observed,compiler-unwind-funclets
0x006A8092,compiler_generated,runtime,exclude_authored,observed,compiler-unwind-funclets
0x006A80A0,compiler_generated,runtime,exclude_authored,observed,compiler-unwind-funclets
0x006A80AE,compiler_generated,runtime,exclude_authored,observed,compiler-unwind-funclets
0x006A80BC,compiler_generated,runtime,exclude_authored,observed,compiler-unwind-funclets
0x006A80CA,compiler_generated,runtime,exclude_authored,observed,compiler-unwind-funclets
0x006A80D8,compiler_generated,runtime,exclude_authored,observed,compiler-unwind-funclets
0x006A80E6,compiler_generated,runtime,exclude_authored,observed,compiler-unwind-funclets
0x006A80F1,compiler_generated,runtime,exclude_authored,observed,compiler-unwind-funclets
0x006A80FC,compiler_generated,runtime,exclude_authored,observed,compiler-unwind-funclets
0x006A8130,compiler_generated,runtime,exclude_authored,observed,compiler-unwind-funclets
0x006A8138,compiler_generated,runtime,exclude_authored,observed,compiler-unwind-funclets
0x006A8146,compiler_generated,runtime,exclude_authored,observed,compiler-unwind-funclets
0x006A8154,compiler_generated,runtime,exclude_authored,observed,compiler-unwind-funclets
0x006A8162,compiler_generated,runtime,exclude_authored,observed,compiler-unwind-funclets
0x006A8170,compiler_generated,runtime,exclude_authored,observed,compiler-unwind-funclets
0x006A817E,compiler_generated,runtime,exclude_authored,observed,compiler-unwind-funclets
0x006A818C,compiler_generated,runtime,exclude_authored,observed,compiler-unwind-funclets
0x006A819A,compiler_generated,runtime,exclude_authored,observed,compiler-unwind-funclets
0x006A81A8,compiler_generated,runtime,exclude_authored,observed,compiler-unwind-funclets
0x006A81B6,compiler_generated,runtime,exclude_authored,observed,compiler-unwind-funclets
0x006A81BE,compiler_generated,runtime,exclude_authored,observed,compiler-unwind-funclets
0x006A81C9,compiler_generated,runtime,exclude_authored,observed,compiler-unwind-funclets
0x006A8210,compiler_generated,runtime,exclude_authored,observed,compiler-unwind-funclets
0x006A821B,compiler_generated,runtime,exclude_authored,observed,compiler-unwind-funclets
0x006A8226,compiler_generated,runtime,exclude_authored,observed,compiler-unwind-funclets
0x006A8231,compiler_generated,runtime,exclude_authored,observed,compiler-unwind-funclets
0x006A823C,compiler_generated,runtime,exclude_authored,observed,compiler-unwind-funclets
0x006A8247,compiler_generated,runtime,exclude_authored,observed,compiler-unwind-funclets
0x006A8252,compiler_generated,runtime,exclude_authored,observed,compiler-unwind-funclets
0x006A825D,compiler_generated,runtime,exclude_authored,observed,compiler-unwind-funclets
0x006A8268,compiler_generated,runtime,exclude_authored,observed,compiler-unwind-funclets
0x006A8273,compiler_generated,runtime,exclude_authored,observed,compiler-unwind-funclets
0x006A827E,compiler_generated,runtime,exclude_authored,observed,compiler-unwind-funclets
0x006A8289,compiler_generated,runtime,exclude_authored,observed,compiler-unwind-funclets
0x006A8294,compiler_generated,runtime,exclude_authored,observed,compiler-unwind-funclets
0x006A829F,compiler_generated,runtime,exclude_authored,observed,compiler-unwind-funclets
0x006A82AA,compiler_generated,runtime,exclude_authored,observed,compiler-unwind-funclets
0x006A82D0,compiler_generated,runtime,exclude_authored,observed,compiler-unwind-funclets
0x006A82D8,compiler_generated,runtime,exclude_authored,observed,compiler-unwind-funclets
0x006A82E3,compiler_generated,runtime,exclude_authored,observed,compiler-unwind-funclets
0x006A82EE,compiler_generated,runtime,exclude_authored,observed,compiler-unwind-funclets
0x006A82F9,compiler_generated,runtime,exclude_authored,observed,compiler-unwind-funclets
0x006A8320,compiler_generated,runtime,exclude_authored,observed,compiler-unwind-funclets
0x006A832B,compiler_generated,runtime,exclude_authored,observed,compiler-unwind-funclets
0x006A8336,compiler_generated,runtime,exclude_authored,observed,compiler-unwind-funclets
0x006A8341,compiler_generated,runtime,exclude_authored,observed,compiler-unwind-funclets
0x006A8370,compiler_generated,runtime,exclude_authored,observed,compiler-unwind-funclets
0x006A837B,compiler_generated,runtime,exclude_authored,observed,compiler-unwind-funclets
0x006A8386,compiler_generated,runtime,exclude_authored,observed,compiler-unwind-funclets
0x006A83B0,compiler_generated,runtime,exclude_authored,observed,compiler-unwind-funclets
0x006A83E0,compiler_generated,runtime,exclude_authored,observed,compiler-unwind-funclets
0x006A8410,compiler_generated,runtime,exclude_authored,observed,compiler-unwind-funclets
0x006A8450,compiler_generated,runtime,exclude_authored,observed,compiler-unwind-funclets
0x006A8458,compiler_generated,runtime,exclude_authored,observed,compiler-unwind-funclets
0x006A8463,compiler_generated,runtime,exclude_authored,observed,compiler-unwind-funclets
0x006A846E,compiler_generated,runtime,exclude_authored,observed,compiler-unwind-funclets
0x006A8479,compiler_generated,runtime,exclude_authored,observed,compiler-unwind-funclets
0x006A8484,compiler_generated,runtime,exclude_authored,observed,compiler-unwind-funclets
0x006A84B0,compiler_generated,runtime,exclude_authored,observed,compiler-unwind-funclets
0x006A84BB,compiler_generated,runtime,exclude_authored,observed,compiler-unwind-funclets
0x006A84C6,compiler_generated,runtime,exclude_authored,observed,compiler-unwind-funclets
0x006A84D1,compiler_generated,runtime,exclude_authored,observed,compiler-unwind-funclets
0x006A84DC,compiler_generated,runtime,exclude_authored,observed,compiler-unwind-funclets
0x006A84E7,compiler_generated,runtime,exclude_authored,observed,compiler-unwind-funclets
0x006A84F2,compiler_generated,runtime,exclude_authored,observed,compiler-unwind-funclets
0x006A84FD,compiler_generated,runtime,exclude_authored,observed,compiler-unwind-funclets
0x006A8508,compiler_generated,runtime,exclude_authored,observed,compiler-unwind-funclets
0x006A8513,compiler_generated,runtime,exclude_authored,observed,compiler-unwind-funclets
0x006A851E,compiler_generated,runtime,exclude_authored,observed,compiler-unwind-funclets
0x006A8529,compiler_generated,runtime,exclude_authored,observed,compiler-unwind-funclets
0x006A8534,compiler_generated,runtime,exclude_authored,observed,compiler-unwind-funclets
0x006A853F,compiler_generated,runtime,exclude_authored,observed,compiler-unwind-funclets
0x006A854A,compiler_generated,runtime,exclude_authored,observed,compiler-unwind-funclets
0x006A8555,compiler_generated,runtime,exclude_authored,observed,compiler-unwind-funclets
0x006A8560,compiler_generated,runtime,exclude_authored,observed,compiler-unwind-funclets
0x006A8590,compiler_generated,runtime,exclude_authored,observed,compiler-unwind-funclets
0x006A859B,compiler_generated,runtime,exclude_authored,observed,compiler-unwind-funclets
0x006A85E0,compiler_generated,runtime,exclude_authored,observed,compiler-unwind-funclets
0x006A85EB,compiler_generated,runtime,exclude_authored,observed,compiler-unwind-funclets
0x006A8620,compiler_generated,runtime,exclude_authored,observed,compiler-unwind-funclets
0x006A8650,compiler_generated,runtime,exclude_authored,observed,compiler-unwind-funclets
0x006A8680,compiler_generated,runtime,exclude_authored,observed,compiler-unwind-funclets
0x006A868B,compiler_generated,runtime,exclude_authored,observed,compiler-unwind-funclets
0x006A8696,compiler_generated,runtime,exclude_authored,observed,compiler-unwind-funclets
0x006A86A1,compiler_generated,runtime,exclude_authored,observed,compiler-unwind-funclets
0x006A86AC,compiler_generated,runtime,exclude_authored,observed,compiler-unwind-funclets
0x006A86F0,compiler_generated,runtime,exclude_authored,observed,compiler-unwind-funclets
0x006A8706,compiler_generated,runtime,exclude_authored,observed,compiler-unwind-funclets
0x006A8740,compiler_generated,runtime,exclude_authored,observed,compiler-unwind-funclets
0x006A8770,compiler_generated,runtime,exclude_authored,observed,compiler-unwind-funclets
0x006A877B,compiler_generated,runtime,exclude_authored,observed,compiler-unwind-funclets
0x006A87B0,compiler_generated,runtime,exclude_authored,observed,compiler-unwind-funclets
0x006A87B8,compiler_generated,runtime,exclude_authored,observed,compiler-unwind-funclets
0x006A87C3,compiler_generated,runtime,exclude_authored,observed,compiler-unwind-funclets
0x006A87CE,compiler_generated,runtime,exclude_authored,observed,compiler-unwind-funclets
0x006A8800,compiler_generated,runtime,exclude_authored,observed,compiler-unwind-funclets
0x006A8808,compiler_generated,runtime,exclude_authored,observed,compiler-unwind-funclets
0x006A882F,compiler_generated,runtime,exclude_authored,observed,compiler-unwind-funclets
0x006A883A,compiler_generated,runtime,exclude_authored,observed,compiler-unwind-funclets
0x006A8860,compiler_generated,runtime,exclude_authored,observed,compiler-unwind-funclets
0x006A886B,compiler_generated,runtime,exclude_authored,observed,compiler-unwind-funclets
0x006A8879,compiler_generated,runtime,exclude_authored,observed,compiler-unwind-funclets
0x006A8887,compiler_generated,runtime,exclude_authored,observed,compiler-unwind-funclets
0x006A8895,compiler_generated,runtime,exclude_authored,observed,compiler-unwind-funclets
0x006A88D0,compiler_generated,runtime,exclude_authored,observed,compiler-unwind-funclets
0x006A88D8,compiler_generated,runtime,exclude_authored,observed,compiler-unwind-funclets
0x006A8910,compiler_generated,runtime,exclude_authored,observed,compiler-unwind-funclets
0x006A891B,compiler_generated,runtime,exclude_authored,observed,compiler-unwind-funclets
0x006A8950,compiler_generated,runtime,exclude_authored,observed,compiler-unwind-funclets
0x006A8980,compiler_generated,runtime,exclude_authored,observed,compiler-unwind-funclets
0x006A89B0,compiler_generated,runtime,exclude_authored,observed,compiler-unwind-funclets
0x006A89E0,compiler_generated,runtime,exclude_authored,observed,compiler-unwind-funclets
0x006A89E8,compiler_generated,runtime,exclude_authored,observed,compiler-unwind-funclets
0x006A8A20,compiler_generated,runtime,exclude_authored,observed,compiler-unwind-funclets
0x006A8A2B,compiler_generated,runtime,exclude_authored,observed,compiler-unwind-funclets
0x006A8A70,compiler_generated,runtime,exclude_authored,observed,compiler-unwind-funclets
0x006A8A7B,compiler_generated,runtime,exclude_authored,observed,compiler-unwind-funclets
0x006A8AB0,compiler_generated,runtime,exclude_authored,observed,compiler-unwind-funclets
0x006A8AE0,compiler_generated,runtime,exclude_authored,observed,compiler-unwind-funclets
0x006A8B10,compiler_generated,runtime,exclude_authored,observed,compiler-unwind-funclets
0x006A8B40,compiler_generated,runtime,exclude_authored,observed,compiler-unwind-funclets
0x006A8B70,compiler_generated,runtime,exclude_authored,observed,compiler-unwind-funclets
0x006A8B7B,compiler_generated,runtime,exclude_authored,observed,compiler-unwind-funclets
0x006A8BB0,compiler_generated,runtime,exclude_authored,observed,compiler-unwind-funclets
0x006A8BB8,compiler_generated,runtime,exclude_authored,observed,compiler-unwind-funclets
0x006A8BE0,compiler_generated,runtime,exclude_authored,observed,compiler-unwind-funclets
0x006A8C10,compiler_generated,runtime,exclude_authored,observed,compiler-unwind-funclets
0x006A8C40,compiler_generated,runtime,exclude_authored,observed,compiler-unwind-funclets
0x006A8C4B,compiler_generated,runtime,exclude_authored,observed,compiler-unwind-funclets
0x006A8C80,compiler_generated,runtime,exclude_authored,observed,compiler-unwind-funclets
0x006A8C88,compiler_generated,runtime,exclude_authored,observed,compiler-unwind-funclets
0x006A8CB0,compiler_generated,runtime,exclude_authored,observed,compiler-unwind-funclets
0x006A8CBB,compiler_generated,runtime,exclude_authored,observed,compiler-unwind-funclets
0x006A8CC6,compiler_generated,runtime,exclude_authored,observed,compiler-unwind-funclets
0x006A8CD1,compiler_generated,runtime,exclude_authored,observed,compiler-unwind-funclets
0x006A8D00,compiler_generated,runtime,exclude_authored,observed,compiler-unwind-funclets
0x006A8D30,compiler_generated,runtime,exclude_authored,observed,compiler-unwind-funclets
0x006A8D3B,compiler_generated,runtime,exclude_authored,observed,compiler-unwind-funclets
0x006A8D70,compiler_generated,runtime,exclude_authored,observed,compiler-unwind-funclets
0x006A8D78,compiler_generated,runtime,exclude_authored,observed,compiler-unwind-funclets
0x006A8DA0,compiler_generated,runtime,exclude_authored,observed,compiler-unwind-funclets
0x006A8DD0,compiler_generated,runtime,exclude_authored,observed,compiler-unwind-funclets
0x006A8DDB,compiler_generated,runtime,exclude_authored,observed,compiler-unwind-funclets
0x006A8E10,compiler_generated,runtime,exclude_authored,observed,compiler-unwind-funclets
0x006A8E18,compiler_generated,runtime,exclude_authored,observed,compiler-unwind-funclets
0x006A8E40,compiler_generated,runtime,exclude_authored,observed,compiler-unwind-funclets
0x006A8E70,compiler_generated,runtime,exclude_authored,observed,compiler-unwind-funclets
0x006A8E7B,compiler_generated,runtime,exclude_authored,observed,compiler-unwind-funclets
0x006A8EB0,compiler_generated,runtime,exclude_authored,observed,compiler-unwind-funclets
0x006A8EB8,compiler_generated,runtime,exclude_authored,observed,compiler-unwind-funclets
0x006A8EE0,compiler_generated,runtime,exclude_authored,observed,compiler-unwind-funclets
0x006A8F10,compiler_generated,runtime,exclude_authored,observed,compiler-unwind-funclets
0x006A8F1B,compiler_generated,runtime,exclude_authored,observed,compiler-unwind-funclets
0x006A8F50,compiler_generated,runtime,exclude_authored,observed,compiler-unwind-funclets
0x006A8F58,compiler_generated,runtime,exclude_authored,observed,compiler-unwind-funclets
0x006A8F80,compiler_generated,runtime,exclude_authored,observed,compiler-unwind-funclets
0x006A8F88,compiler_generated,runtime,exclude_authored,observed,compiler-unwind-funclets
0x006A8F96,compiler_generated,runtime,exclude_authored,observed,compiler-unwind-funclets
0x006A8FC0,compiler_generated,runtime,exclude_authored,observed,compiler-unwind-funclets
0x006A8FF0,compiler_generated,runtime,exclude_authored,observed,compiler-unwind-funclets
0x006A8FFB,compiler_generated,runtime,exclude_authored,observed,compiler-unwind-funclets
0x006A9030,compiler_generated,runtime,exclude_authored,observed,compiler-unwind-funclets
0x006A9038,compiler_generated,runtime,exclude_authored,observed,compiler-unwind-funclets
0x006A9060,compiler_generated,runtime,exclude_authored,observed,compiler-unwind-funclets
0x006A9090,compiler_generated,runtime,exclude_authored,observed,compiler-unwind-funclets
0x006A90C0,compiler_generated,runtime,exclude_authored,observed,compiler-unwind-funclets
0x006A90CB,compiler_generated,runtime,exclude_authored,observed,compiler-unwind-funclets
0x006A9100,compiler_generated,runtime,exclude_authored,observed,compiler-unwind-funclets
0x006A9108,compiler_generated,runtime,exclude_authored,observed,compiler-unwind-funclets
0x006A9130,compiler_generated,runtime,exclude_authored,observed,compiler-unwind-funclets
0x006A9160,compiler_generated,runtime,exclude_authored,observed,compiler-unwind-funclets
0x006A916B,compiler_generated,runtime,exclude_authored,observed,compiler-unwind-funclets
0x006A91A0,compiler_generated,runtime,exclude_authored,observed,compiler-unwind-funclets
0x006A91A8,compiler_generated,runtime,exclude_authored,observed,compiler-unwind-funclets
0x006A91D0,compiler_generated,runtime,exclude_authored,observed,compiler-unwind-funclets
0x006A9200,compiler_generated,runtime,exclude_authored,observed,compiler-unwind-funclets
0x006A920B,compiler_generated,runtime,exclude_authored,observed,compiler-unwind-funclets
0x006A9240,compiler_generated,runtime,exclude_authored,observed,compiler-unwind-funclets
0x006A9248,compiler_generated,runtime,exclude_authored,observed,compiler-unwind-funclets
0x006A9270,compiler_generated,runtime,exclude_authored,observed,compiler-unwind-funclets
0x006A927B,compiler_generated,runtime,exclude_authored,observed,compiler-unwind-funclets
0x006A9286,compiler_generated,runtime,exclude_authored,observed,compiler-unwind-funclets
0x006A92B0,compiler_generated,runtime,exclude_authored,observed,compiler-unwind-funclets
0x006A92E0,compiler_generated,runtime,exclude_authored,observed,compiler-unwind-funclets
0x006A92EB,compiler_generated,runtime,exclude_authored,observed,compiler-unwind-funclets
0x006A9320,compiler_generated,runtime,exclude_authored,observed,compiler-unwind-funclets
0x006A9328,compiler_generated,runtime,exclude_authored,observed,compiler-unwind-funclets
0x006A9350,compiler_generated,runtime,exclude_authored,observed,compiler-unwind-funclets
0x006A9380,compiler_generated,runtime,exclude_authored,observed,compiler-unwind-funclets
0x006A938B,compiler_generated,runtime,exclude_authored,observed,compiler-unwind-funclets
0x006A93C0,compiler_generated,runtime,exclude_authored,observed,compiler-unwind-funclets
0x006A93C8,compiler_generated,runtime,exclude_authored,observed,compiler-unwind-funclets
0x006A93F0,compiler_generated,runtime,exclude_authored,observed,compiler-unwind-funclets
0x006A93F8,compiler_generated,runtime,exclude_authored,observed,compiler-unwind-funclets
0x006A9403,compiler_generated,runtime,exclude_authored,observed,compiler-unwind-funclets
0x006A9430,compiler_generated,runtime,exclude_authored,observed,compiler-unwind-funclets
0x006A9460,compiler_generated,runtime,exclude_authored,observed,compiler-unwind-funclets
0x006A946B,compiler_generated,runtime,exclude_authored,observed,compiler-unwind-funclets
0x006A94A0,compiler_generated,runtime,exclude_authored,observed,compiler-unwind-funclets
0x006A94A8,compiler_generated,runtime,exclude_authored,observed,compiler-unwind-funclets
0x006A94D0,compiler_generated,runtime,exclude_authored,observed,compiler-unwind-funclets
0x006A9500,compiler_generated,runtime,exclude_authored,observed,compiler-unwind-funclets
0x006A950B,compiler_generated,runtime,exclude_authored,observed,compiler-unwind-funclets
0x006A9540,compiler_generated,runtime,exclude_authored,observed,compiler-unwind-funclets
0x006A9548,compiler_generated,runtime,exclude_authored,observed,compiler-unwind-funclets
0x006A9570,compiler_generated,runtime,exclude_authored,observed,compiler-unwind-funclets
0x006A9578,compiler_generated,runtime,exclude_authored,observed,compiler-unwind-funclets
0x006A95A0,compiler_generated,runtime,exclude_authored,observed,compiler-unwind-funclets
0x006A95D0,compiler_generated,runtime,exclude_authored,observed,compiler-unwind-funclets
0x006A95DB,compiler_generated,runtime,exclude_authored,observed,compiler-unwind-funclets
0x006A9610,compiler_generated,runtime,exclude_authored,observed,compiler-unwind-funclets
0x006A9618,compiler_generated,runtime,exclude_authored,observed,compiler-unwind-funclets
0x006A963E,compiler_generated,runtime,exclude_authored,observed,compiler-unwind-funclets
0x006A9680,compiler_generated,runtime,exclude_authored,observed,compiler-unwind-funclets
0x006A9688,compiler_generated,runtime,exclude_authored,observed,compiler-unwind-funclets
0x006A9690,compiler_generated,runtime,exclude_authored,observed,compiler-unwind-funclets
0x006A96C0,compiler_generated,runtime,exclude_authored,observed,compiler-unwind-funclets
0x006A96F0,compiler_generated,runtime,exclude_authored,observed,compiler-unwind-funclets
0x006A9780,compiler_generated,runtime,exclude_authored,observed,compiler-unwind-funclets
0x006A9788,compiler_generated,runtime,exclude_authored,observed,compiler-unwind-funclets
0x006A97C0,compiler_generated,runtime,exclude_authored,observed,compiler-unwind-funclets
0x006A97F0,compiler_generated,runtime,exclude_authored,observed,compiler-unwind-funclets
0x006A9830,compiler_generated,runtime,exclude_authored,observed,compiler-unwind-funclets
0x006A9880,compiler_generated,runtime,exclude_authored,observed,compiler-unwind-funclets
0x006A98D0,compiler_generated,runtime,exclude_authored,observed,compiler-unwind-funclets
0x006A98D8,compiler_generated,runtime,exclude_authored,observed,compiler-unwind-funclets
0x006A98F1,compiler_generated,runtime,exclude_authored,observed,compiler-unwind-funclets
0x006A98F9,compiler_generated,runtime,exclude_authored,observed,compiler-unwind-funclets
0x006A9950,compiler_generated,runtime,exclude_authored,observed,compiler-unwind-funclets
0x006A9969,compiler_generated,runtime,exclude_authored,observed,compiler-unwind-funclets
0x006A9971,compiler_generated,runtime,exclude_authored,observed,compiler-unwind-funclets
0x006A9979,compiler_generated,runtime,exclude_authored,observed,compiler-unwind-funclets
0x006A9981,compiler_generated,runtime,exclude_authored,observed,compiler-unwind-funclets
0x006A99B0,compiler_generated,runtime,exclude_authored,observed,compiler-unwind-funclets
0x006A99B8,compiler_generated,runtime,exclude_authored,observed,compiler-unwind-funclets
0x006A9A10,compiler_generated,runtime,exclude_authored,observed,compiler-unwind-funclets
0x006A9A40,compiler_generated,runtime,exclude_authored,observed,compiler-unwind-funclets
0x006A9A70,compiler_generated,runtime,exclude_authored,observed,compiler-unwind-funclets
0x006A9A78,compiler_generated,runtime,exclude_authored,observed,compiler-unwind-funclets
0x006A9AB0,compiler_generated,runtime,exclude_authored,observed,compiler-unwind-funclets
0x006A9AB8,compiler_generated,runtime,exclude_authored,observed,compiler-unwind-funclets
0x006A9AC0,compiler_generated,runtime,exclude_authored,observed,compiler-unwind-funclets
0x006A9AF0,compiler_generated,runtime,exclude_authored,observed,compiler-unwind-funclets
0x006A9B20,compiler_generated,runtime,exclude_authored,observed,compiler-unwind-funclets
0x006A9B50,compiler_generated,runtime,exclude_authored,observed,compiler-unwind-funclets
0x006A9B58,compiler_generated,runtime,exclude_authored,observed,compiler-unwind-funclets
0x006A9B60,compiler_generated,runtime,exclude_authored,observed,compiler-unwind-funclets
0x006A9B68,compiler_generated,runtime,exclude_authored,observed,compiler-unwind-funclets
0x006A9B70,compiler_generated,runtime,exclude_authored,observed,compiler-unwind-funclets
0x006A9B78,compiler_generated,runtime,exclude_authored,observed,compiler-unwind-funclets
0x006A9BB0,compiler_generated,runtime,exclude_authored,observed,compiler-unwind-funclets
0x006A9BB8,compiler_generated,runtime,exclude_authored,observed,compiler-unwind-funclets
0x006A9BC0,compiler_generated,runtime,exclude_authored,observed,compiler-unwind-funclets
0x006A9BC8,compiler_generated,runtime,exclude_authored,observed,compiler-unwind-funclets
0x006A9BD0,compiler_generated,runtime,exclude_authored,observed,compiler-unwind-funclets
0x006A9BD8,compiler_generated,runtime,exclude_authored,observed,compiler-unwind-funclets
0x006A9BE0,compiler_generated,runtime,exclude_authored,observed,compiler-unwind-funclets
0x006A9BE8,compiler_generated,runtime,exclude_authored,observed,compiler-unwind-funclets
0x006A9BF0,compiler_generated,runtime,exclude_authored,observed,compiler-unwind-funclets
0x006A9BF8,compiler_generated,runtime,exclude_authored,observed,compiler-unwind-funclets
0x006A9C30,compiler_generated,runtime,exclude_authored,observed,compiler-unwind-funclets
0x006A9C38,compiler_generated,runtime,exclude_authored,observed,compiler-unwind-funclets
0x006A9C40,compiler_generated,runtime,exclude_authored,observed,compiler-unwind-funclets
0x006A9C80,compiler_generated,runtime,exclude_authored,observed,compiler-unwind-funclets
0x006A9C88,compiler_generated,runtime,exclude_authored,observed,compiler-unwind-funclets
0x006A9CB0,compiler_generated,runtime,exclude_authored,observed,compiler-unwind-funclets
0x006A9CE0,compiler_generated,runtime,exclude_authored,observed,compiler-unwind-funclets
0x006A9CEB,compiler_generated,runtime,exclude_authored,observed,compiler-unwind-funclets
0x006A9D20,compiler_generated,runtime,exclude_authored,observed,compiler-unwind-funclets
0x006A9D50,compiler_generated,runtime,exclude_authored,observed,compiler-unwind-funclets
0x006A9D58,compiler_generated,runtime,exclude_authored,observed,compiler-unwind-funclets
0x006A9D60,compiler_generated,runtime,exclude_authored,observed,compiler-unwind-funclets
0x006A9D90,compiler_generated,runtime,exclude_authored,observed,compiler-unwind-funclets
0x006A9DC0,compiler_generated,runtime,exclude_authored,observed,compiler-unwind-funclets
0x006A9DF0,compiler_generated,runtime,exclude_authored,observed,compiler-unwind-funclets
0x006A9E20,compiler_generated,runtime,exclude_authored,observed,compiler-unwind-funclets
0x006A9E50,compiler_generated,runtime,exclude_authored,observed,compiler-unwind-funclets
0x006A9E58,compiler_generated,runtime,exclude_authored,observed,compiler-unwind-funclets
0x006A9E80,compiler_generated,runtime,exclude_authored,observed,compiler-unwind-funclets
0x006A9EB0,compiler_generated,runtime,exclude_authored,observed,compiler-unwind-funclets
0x006A9EBE,compiler_generated,runtime,exclude_authored,observed,compiler-unwind-funclets
0x006A9EF0,compiler_generated,runtime,exclude_authored,observed,compiler-unwind-funclets
0x006A9F20,compiler_generated,runtime,exclude_authored,observed,compiler-unwind-funclets
0x006A9F50,compiler_generated,runtime,exclude_authored,observed,compiler-unwind-funclets
0x006A9F61,compiler_generated,runtime,exclude_authored,observed,compiler-unwind-funclets
0x006A9F72,compiler_generated,runtime,exclude_authored,observed,compiler-unwind-funclets
0x006A9F83,compiler_generated,runtime,exclude_authored,observed,compiler-unwind-funclets
0x006A9F8E,compiler_generated,runtime,exclude_authored,observed,compiler-unwind-funclets
0x006A9F96,compiler_generated,runtime,exclude_authored,observed,compiler-unwind-funclets
0x006A9FA1,compiler_generated,runtime,exclude_authored,observed,compiler-unwind-funclets
0x006A9FA9,compiler_generated,runtime,exclude_authored,observed,compiler-unwind-funclets
0x006A9FB4,compiler_generated,runtime,exclude_authored,observed,compiler-unwind-funclets
0x006A9FBC,compiler_generated,runtime,exclude_authored,observed,compiler-unwind-funclets
0x006A9FC7,compiler_generated,runtime,exclude_authored,observed,compiler-unwind-funclets
0x006A9FCF,compiler_generated,runtime,exclude_authored,observed,compiler-unwind-funclets
0x006A9FD7,compiler_generated,runtime,exclude_authored,observed,compiler-unwind-funclets
0x006A9FE5,compiler_generated,runtime,exclude_authored,observed,compiler-unwind-funclets
0x006AA040,compiler_generated,runtime,exclude_authored,observed,compiler-unwind-funclets
0x006AA04E,compiler_generated,runtime,exclude_authored,observed,compiler-unwind-funclets
0x006AA056,compiler_generated,runtime,exclude_authored,observed,compiler-unwind-funclets
0x006AA06F,compiler_generated,runtime,exclude_authored,observed,compiler-unwind-funclets
0x006AA07A,compiler_generated,runtime,exclude_authored,observed,compiler-unwind-funclets
0x006AA082,compiler_generated,runtime,exclude_authored,observed,compiler-unwind-funclets
0x006AA0B0,compiler_generated,runtime,exclude_authored,observed,compiler-unwind-funclets
0x006AA0B8,compiler_generated,runtime,exclude_authored,observed,compiler-unwind-funclets
0x006AA0D1,compiler_generated,runtime,exclude_authored,observed,compiler-unwind-funclets
0x006AA0D9,compiler_generated,runtime,exclude_authored,observed,compiler-unwind-funclets
0x006AA100,compiler_generated,runtime,exclude_authored,observed,compiler-unwind-funclets
0x006AA130,compiler_generated,runtime,exclude_authored,observed,compiler-unwind-funclets
0x006AA138,compiler_generated,runtime,exclude_authored,observed,compiler-unwind-funclets
0x006AA143,compiler_generated,runtime,exclude_authored,observed,compiler-unwind-funclets
0x006AA14B,compiler_generated,runtime,exclude_authored,observed,compiler-unwind-funclets
0x006AA170,compiler_generated,runtime,exclude_authored,observed,compiler-unwind-funclets
0x006AA1A0,compiler_generated,runtime,exclude_authored,observed,compiler-unwind-funclets
0x006AA1A8,compiler_generated,runtime,exclude_authored,observed,compiler-unwind-funclets
0x006AA200,compiler_generated,runtime,exclude_authored,observed,compiler-unwind-funclets
0x006AA219,compiler_generated,runtime,exclude_authored,observed,compiler-unwind-funclets
0x006AA250,compiler_generated,runtime,exclude_authored,observed,compiler-unwind-funclets
0x006AA25B,compiler_generated,runtime,exclude_authored,observed,compiler-unwind-funclets
0x006AA266,compiler_generated,runtime,exclude_authored,observed,compiler-unwind-funclets
0x006AA271,compiler_generated,runtime,exclude_authored,observed,compiler-unwind-funclets
0x006AA27C,compiler_generated,runtime,exclude_authored,observed,compiler-unwind-funclets
0x006AA287,compiler_generated,runtime,exclude_authored,observed,compiler-unwind-funclets
0x006AA292,compiler_generated,runtime,exclude_authored,observed,compiler-unwind-funclets
0x006AA29D,compiler_generated,runtime,exclude_authored,observed,compiler-unwind-funclets
0x006AA2E0,compiler_generated,runtime,exclude_authored,observed,compiler-unwind-funclets
0x006AA310,compiler_generated,runtime,exclude_authored,observed,compiler-unwind-funclets
0x006AA340,compiler_generated,runtime,exclude_authored,observed,compiler-unwind-funclets
0x006AA348,compiler_generated,runtime,exclude_authored,observed,compiler-unwind-funclets
0x006AA370,compiler_generated,runtime,exclude_authored,observed,compiler-unwind-funclets
0x006AA378,compiler_generated,runtime,exclude_authored,observed,compiler-unwind-funclets
0x006AA3B0,compiler_generated,runtime,exclude_authored,observed,compiler-unwind-funclets
0x006AA3E0,compiler_generated,runtime,exclude_authored,observed,compiler-unwind-funclets
0x006AA3EB,compiler_generated,runtime,exclude_authored,observed,compiler-unwind-funclets
0x006AA3F9,compiler_generated,runtime,exclude_authored,observed,compiler-unwind-funclets
0x006AA450,compiler_generated,runtime,exclude_authored,observed,compiler-unwind-funclets
0x006AA45B,compiler_generated,runtime,exclude_authored,observed,compiler-unwind-funclets
0x006AA466,compiler_generated,runtime,exclude_authored,observed,compiler-unwind-funclets
0x006AA471,compiler_generated,runtime,exclude_authored,observed,compiler-unwind-funclets
0x006AA4A0,compiler_generated,runtime,exclude_authored,observed,compiler-unwind-funclets
0x006AA4D0,compiler_generated,runtime,exclude_authored,observed,compiler-unwind-funclets
0x006AA4D8,compiler_generated,runtime,exclude_authored,observed,compiler-unwind-funclets
0x006AA500,compiler_generated,runtime,exclude_authored,observed,compiler-unwind-funclets
0x006AA508,compiler_generated,runtime,exclude_authored,observed,compiler-unwind-funclets
0x006AA513,compiler_generated,runtime,exclude_authored,observed,compiler-unwind-funclets
0x006AA560,compiler_generated,runtime,exclude_authored,observed,compiler-unwind-funclets
0x006AA590,compiler_generated,runtime,exclude_authored,observed,compiler-unwind-funclets
0x006AA5C0,compiler_generated,runtime,exclude_authored,observed,compiler-unwind-funclets
0x006AA5CB,compiler_generated,runtime,exclude_authored,observed,compiler-unwind-funclets
0x006AA5D6,compiler_generated,runtime,exclude_authored,observed,compiler-unwind-funclets
0x006AA5E1,compiler_generated,runtime,exclude_authored,observed,compiler-unwind-funclets
0x006AA610,compiler_generated,runtime,exclude_authored,observed,compiler-unwind-funclets
0x006AA618,compiler_generated,runtime,exclude_authored,observed,compiler-unwind-funclets
0x006AA623,compiler_generated,runtime,exclude_authored,observed,compiler-unwind-funclets
0x006AA650,compiler_generated,runtime,exclude_authored,observed,compiler-unwind-funclets
0x006AA680,compiler_generated,runtime,exclude_authored,observed,compiler-unwind-funclets
0x006AA688,compiler_generated,runtime,exclude_authored,observed,compiler-unwind-funclets
0x006AA6C0,compiler_generated,runtime,exclude_authored,observed,compiler-unwind-funclets
0x006AA6F0,compiler_generated,runtime,exclude_authored,observed,compiler-unwind-funclets
0x006AA720,compiler_generated,runtime,exclude_authored,observed,compiler-unwind-funclets
0x006AA728,compiler_generated,runtime,exclude_authored,observed,compiler-unwind-funclets
0x006AA730,compiler_generated,runtime,exclude_authored,observed,compiler-unwind-funclets
0x006AA738,compiler_generated,runtime,exclude_authored,observed,compiler-unwind-funclets
0x006AA760,compiler_generated,runtime,exclude_authored,observed,compiler-unwind-funclets
0x006AA768,compiler_generated,runtime,exclude_authored,observed,compiler-unwind-funclets
0x006AA790,compiler_generated,runtime,exclude_authored,observed,compiler-unwind-funclets
0x006AA7C0,compiler_generated,runtime,exclude_authored,observed,compiler-unwind-funclets
0x006AA7F0,compiler_generated,runtime,exclude_authored,observed,compiler-unwind-funclets
0x006AA820,compiler_generated,runtime,exclude_authored,observed,compiler-unwind-funclets
0x006AA850,compiler_generated,runtime,exclude_authored,observed,compiler-unwind-funclets
0x006AA880,compiler_generated,runtime,exclude_authored,observed,compiler-unwind-funclets
0x006AA8B0,compiler_generated,runtime,exclude_authored,observed,compiler-unwind-funclets
0x006AA8F0,compiler_generated,runtime,exclude_authored,observed,compiler-unwind-funclets
0x006AA8FB,compiler_generated,runtime,exclude_authored,observed,compiler-unwind-funclets
0x006AA940,compiler_generated,runtime,exclude_authored,observed,compiler-unwind-funclets
0x006AA94B,compiler_generated,runtime,exclude_authored,observed,compiler-unwind-funclets
0x006AA990,compiler_generated,runtime,exclude_authored,observed,compiler-unwind-funclets
0x006AA99B,compiler_generated,runtime,exclude_authored,observed,compiler-unwind-funclets
0x006AAA10,compiler_generated,runtime,exclude_authored,observed,compiler-unwind-funclets
0x006AAA40,compiler_generated,runtime,exclude_authored,observed,compiler-unwind-funclets
0x006AAA70,compiler_generated,runtime,exclude_authored,observed,compiler-unwind-funclets
0x006AAAA0,compiler_generated,runtime,exclude_authored,observed,compiler-unwind-funclets
0x006AAAD0,compiler_generated,runtime,exclude_authored,observed,compiler-unwind-funclets
0x006AAADB,compiler_generated,runtime,exclude_authored,observed,compiler-unwind-funclets
0x006AAAE6,compiler_generated,runtime,exclude_authored,observed,compiler-unwind-funclets
0x006AAB10,compiler_generated,runtime,exclude_authored,observed,compiler-unwind-funclets
0x006AAB1B,compiler_generated,runtime,exclude_authored,observed,compiler-unwind-funclets
0x006AAB26,compiler_generated,runtime,exclude_authored,observed,compiler-unwind-funclets
0x006AAB50,compiler_generated,runtime,exclude_authored,observed,compiler-unwind-funclets
0x006AAB58,compiler_generated,runtime,exclude_authored,observed,compiler-unwind-funclets
0x006AAB63,compiler_generated,runtime,exclude_authored,observed,compiler-unwind-funclets
0x006AABA0,compiler_generated,runtime,exclude_authored,observed,compiler-unwind-funclets
0x006AABD0,compiler_generated,runtime,exclude_authored,observed,compiler-unwind-funclets
0x006AAC10,compiler_generated,runtime,exclude_authored,observed,compiler-unwind-funclets
0x006AAC18,compiler_generated,runtime,exclude_authored,observed,compiler-unwind-funclets
0x006AAC23,compiler_generated,runtime,exclude_authored,observed,compiler-unwind-funclets
0x006AAC50,compiler_generated,runtime,exclude_authored,observed,compiler-unwind-funclets
0x006AACB0,compiler_generated,runtime,exclude_authored,observed,compiler-unwind-funclets
0x006AACE0,compiler_generated,runtime,exclude_authored,observed,compiler-unwind-funclets
0x006AAD40,compiler_generated,runtime,exclude_authored,observed,compiler-unwind-funclets
0x006AAD48,compiler_generated,runtime,exclude_authored,observed,compiler-unwind-funclets
0x006AAD53,compiler_generated,runtime,exclude_authored,observed,compiler-unwind-funclets
0x006AAD5E,compiler_generated,runtime,exclude_authored,observed,compiler-unwind-funclets
0x006AAD69,compiler_generated,runtime,exclude_authored,observed,compiler-unwind-funclets
0x006AAD74,compiler_generated,runtime,exclude_authored,observed,compiler-unwind-funclets
0x006AAD82,compiler_generated,runtime,exclude_authored,observed,compiler-unwind-funclets
0x006AAD8F,compiler_generated,runtime,exclude_authored,observed,compiler-unwind-funclets
0x006AAD9D,compiler_generated,runtime,exclude_authored,observed,compiler-unwind-funclets
0x006AADAB,compiler_generated,runtime,exclude_authored,observed,compiler-unwind-funclets
0x006AADB9,compiler_generated,runtime,exclude_authored,observed,compiler-unwind-funclets
0x006AADC7,compiler_generated,runtime,exclude_authored,observed,compiler-unwind-funclets
0x006AADD4,compiler_generated,runtime,exclude_authored,observed,compiler-unwind-funclets
0x006AAE00,compiler_generated,runtime,exclude_authored,observed,compiler-unwind-funclets
0x006AAE0B,compiler_generated,runtime,exclude_authored,observed,compiler-unwind-funclets
0x006AAE16,compiler_generated,runtime,exclude_authored,observed,compiler-unwind-funclets
0x006AAE2D,compiler_generated,runtime,exclude_authored,observed,compiler-unwind-funclets
0x006AAE70,compiler_generated,runtime,exclude_authored,observed,compiler-unwind-funclets
0x006AAE81,compiler_generated,runtime,exclude_authored,observed,compiler-unwind-funclets
0x006AAED0,compiler_generated,runtime,exclude_authored,observed,compiler-unwind-funclets
0x006AAF00,compiler_generated,runtime,exclude_authored,observed,compiler-unwind-funclets
0x006AAF08,compiler_generated,runtime,exclude_authored,observed,compiler-unwind-funclets
0x006AAF40,compiler_generated,runtime,exclude_authored,observed,compiler-unwind-funclets
0x006AAFA0,compiler_generated,runtime,exclude_authored,observed,compiler-unwind-funclets
0x006AB020,compiler_generated,runtime,exclude_authored,observed,compiler-unwind-funclets
0x006AB028,compiler_generated,runtime,exclude_authored,observed,compiler-unwind-funclets
0x006AB050,compiler_generated,runtime,exclude_authored,observed,compiler-unwind-funclets
0x006AB05B,compiler_generated,runtime,exclude_authored,observed,compiler-unwind-funclets
0x006AB090,compiler_generated,runtime,exclude_authored,observed,compiler-unwind-funclets
0x006AB098,compiler_generated,runtime,exclude_authored,observed,compiler-unwind-funclets
0x006AB0A3,compiler_generated,runtime,exclude_authored,observed,compiler-unwind-funclets
0x006AB0AE,compiler_generated,runtime,exclude_authored,observed,compiler-unwind-funclets
0x006AB0B9,compiler_generated,runtime,exclude_authored,observed,compiler-unwind-funclets
0x006AB0C7,compiler_generated,runtime,exclude_authored,observed,compiler-unwind-funclets
0x006AB0F0,compiler_generated,runtime,exclude_authored,observed,compiler-unwind-funclets
0x006AB120,compiler_generated,runtime,exclude_authored,observed,compiler-unwind-funclets
0x006AB12B,compiler_generated,runtime,exclude_authored,observed,compiler-unwind-funclets
0x006AB136,compiler_generated,runtime,exclude_authored,observed,compiler-unwind-funclets
0x006AB141,compiler_generated,runtime,exclude_authored,observed,compiler-unwind-funclets
0x006AB180,compiler_generated,runtime,exclude_authored,observed,compiler-unwind-funclets
0x006AB1B0,compiler_generated,runtime,exclude_authored,observed,compiler-unwind-funclets
0x006AB1B8,compiler_generated,runtime,exclude_authored,observed,compiler-unwind-funclets
0x006AB1C3,compiler_generated,runtime,exclude_authored,observed,compiler-unwind-funclets
0x006AB1CE,compiler_generated,runtime,exclude_authored,observed,compiler-unwind-funclets
0x006AB1D9,compiler_generated,runtime,exclude_authored,observed,compiler-unwind-funclets
0x006AB1E4,compiler_generated,runtime,exclude_authored,observed,compiler-unwind-funclets
0x006AB1F2,compiler_generated,runtime,exclude_authored,observed,compiler-unwind-funclets
0x006AB1FF,compiler_generated,runtime,exclude_authored,observed,compiler-unwind-funclets
0x006AB20D,compiler_generated,runtime,exclude_authored,observed,compiler-unwind-funclets
0x006AB21B,compiler_generated,runtime,exclude_authored,observed,compiler-unwind-funclets
0x006AB229,compiler_generated,runtime,exclude_authored,observed,compiler-unwind-funclets
0x006AB260,compiler_generated,runtime,exclude_authored,observed,compiler-unwind-funclets
0x006AB26B,compiler_generated,runtime,exclude_authored,observed,compiler-unwind-funclets
0x006AB4A0,compiler_generated,runtime,exclude_authored,observed,compiler-static-dtor-registration
